date,site_id,site_name,city,country,capacity_mw,cooling_type,energy_tariff_per_kwh,grid_emission_factor,renewable_energy_percent,building_age_years,sla_target_percent,total_facility_energy_kwh,it_equipment_energy_kwh,cooling_energy_kwh,lighting_energy_kwh,backup_power_kwh,peak_demand_kw,temperature_celsius,humidity_percent,server_count,active_servers,idle_servers,avg_cpu_utilization_percent,storage_utilization_percent,ai_workload_percent,revenue_usd,energy_cost_usd,cooling_cost_usd,maintenance_cost_usd,downtime_minutes,sla_penalty_usd,gross_margin_percent,renewable_kwh,fossil_power_kwh,scope_2_emissions_tco2e,carbon_intensity_kg_per_kwh,pue,non_it_energy_kwh,energy_waste_cost_usd,revenue_leakage_usd,target_pue,risk_level
2024-01-01,DC001,Mumbai Core DC,Mumbai,India,45,Air Cooling,0.11,0.72,18,9,99.9,1115941.79,652323.69,393154.87,16696.84,0.0,58952.48,25.74,60.27,5200,4193,1007,64.75,58.56,31.11,535386.4,122753.6,43247.04,47683.87,0.0,0.0,68.17,200869.52,915072.26,658.85,0.5904,1.711,463618.1,11532.41,11532.41,1.55,High
2024-01-01,DC002,Bengaluru AI Hub,Bengaluru,India,60,Liquid Cooling,0.09,0.62,42,4,99.95,1189174.51,833945.11,262054.12,22553.38,0.0,63263.22,18.6,69.49,7200,5554,1646,64.93,74.95,44.12,776363.25,107025.71,23584.87,59781.38,0.0,0.0,78.51,499453.3,689721.22,427.63,0.3596,1.426,355229.4,5701.37,5701.37,1.35,Medium
2024-01-01,DC003,Delhi Enterprise DC,Delhi,India,35,Air Cooling,0.12,0.75,15,12,99.9,757422.82,442973.01,264079.56,11781.24,0.0,39298.13,23.8,51.96,4100,2360,1740,42.95,66.22,20.3,446189.91,90890.74,31689.55,43983.41,0.0,0.0,69.77,113613.42,643809.4,482.86,0.6375,1.71,314449.81,8497.76,8497.76,1.55,Medium
2024-01-01,DC004,Hyderabad Cloud DC,Hyderabad,India,50,Hybrid Cooling,0.1,0.66,35,6,99.95,1053833.81,675620.32,278146.02,29394.77,0.0,58268.18,23.47,56.44,6100,3738,2362,49.33,58.66,29.19,638213.88,105383.38,27814.6,39125.7,0.0,0.0,77.36,368841.84,684991.98,452.09,0.429,1.56,378213.49,7418.43,7418.43,1.45,Medium
2024-01-01,DC005,Pune Backup DC,Pune,India,30,Air Cooling,0.095,0.68,28,8,99.8,596322.07,350022.69,195824.13,10477.07,4733.3,30809.26,24.05,85.21,3300,2230,1070,52.34,51.18,36.96,321031.84,56650.6,18603.29,39559.89,0.0,0.0,70.03,166970.18,429351.89,291.96,0.4896,1.704,246299.38,5109.76,5109.76,1.55,Medium
2024-01-02,DC001,Mumbai Core DC,Mumbai,India,45,Air Cooling,0.11,0.72,18,9,99.9,1162643.79,655114.6,415217.22,24185.37,4637.02,64466.84,28.44,62.72,5200,3887,1313,59.32,71.35,16.11,554972.67,127890.82,45673.89,48584.93,106.4,181107.48,35.57,209275.88,953367.91,686.42,0.5904,1.775,507529.19,16193.78,197301.26,1.55,High
2024-01-02,DC002,Bengaluru AI Hub,Bengaluru,India,60,Liquid Cooling,0.09,0.62,42,4,99.95,1197314.61,824113.28,264129.3,34950.95,7931.07,59455.22,23.47,64.89,7200,5926,1274,65.31,66.11,34.99,828159.51,107758.32,23771.64,70865.26,0.0,0.0,78.43,502872.14,694442.47,430.55,0.3596,1.453,373201.33,7628.55,7628.55,1.35,Medium
2024-01-02,DC003,Delhi Enterprise DC,Delhi,India,35,Air Cooling,0.12,0.75,15,12,99.9,909962.17,506716.06,333687.8,15108.97,0.0,50099.67,29.12,48.59,4100,3375,725,64.44,72.53,26.6,463780.46,109195.46,40042.54,40256.04,0.0,0.0,67.78,136494.32,773467.84,580.1,0.6375,1.796,403246.1,14946.27,14946.27,1.55,Medium
2024-01-02,DC004,Hyderabad Cloud DC,Hyderabad,India,50,Hybrid Cooling,0.1,0.66,35,6,99.95,1016289.42,653451.49,280763.61,25114.58,0.0,49773.23,25.12,68.55,6100,3495,2605,39.87,67.46,15.8,625628.26,101628.94,28076.36,51179.57,0.0,0.0,75.58,355701.3,660588.12,435.99,0.429,1.555,362837.93,6878.48,6878.48,1.45,Medium
2024-01-02,DC005,Pune Backup DC,Pune,India,30,Air Cooling,0.095,0.68,28,8,99.8,590829.96,350358.38,195058.32,13446.6,3624.65,31289.48,20.25,74.74,3300,2579,721,61.29,86.38,36.87,328374.56,56128.85,18530.54,31274.46,0.0,0.0,73.38,165432.39,425397.57,289.27,0.4896,1.686,240471.58,4538.57,4538.57,1.55,Medium
2024-01-03,DC001,Mumbai Core DC,Mumbai,India,45,Air Cooling,0.11,0.72,18,9,99.9,1153502.06,666341.98,415170.65,18114.76,0.0,59530.09,24.88,70.16,5200,3679,1521,55.53,65.07,33.75,581522.51,126885.23,45668.77,57835.49,0.0,0.0,68.23,207630.37,945871.69,681.03,0.5904,1.731,487160.08,13273.92,13273.92,1.55,High
2024-01-03,DC002,Bengaluru AI Hub,Bengaluru,India,60,Liquid Cooling,0.09,0.62,42,4,99.95,1345033.39,936332.48,297580.16,26522.76,0.0,75070.4,21.5,54.94,7200,6624,576,79.4,66.92,53.2,828002.14,121053.0,26782.21,55676.85,0.0,0.0,78.66,564914.02,780119.37,483.67,0.3596,1.436,408700.91,7288.61,7288.61,1.35,Medium
2024-01-03,DC003,Delhi Enterprise DC,Delhi,India,35,Air Cooling,0.12,0.75,15,12,99.9,764148.91,443431.67,269110.24,17610.77,0.0,40521.46,26.4,73.07,4100,2278,1822,40.28,61.18,30.29,412787.93,91697.87,32293.23,44005.98,0.0,0.0,67.13,114622.34,649526.57,487.14,0.6375,1.723,320717.25,9219.58,9219.58,1.55,Medium
2024-01-03,DC004,Hyderabad Cloud DC,Hyderabad,India,50,Hybrid Cooling,0.1,0.66,35,6,99.95,1131145.28,726368.41,298704.07,26796.01,6063.41,59795.06,24.1,63.28,6100,4066,2034,55.71,61.12,41.89,645898.04,113114.53,29870.41,53465.43,0.0,0.0,74.21,395900.85,735244.43,485.26,0.429,1.557,404776.87,7791.11,7791.11,1.45,Medium
2024-01-03,DC005,Pune Backup DC,Pune,India,30,Air Cooling,0.095,0.68,28,8,99.8,600980.47,355975.4,197543.13,12727.08,0.0,33429.08,24.77,72.55,3300,2617,683,61.82,79.52,14.26,323153.66,57093.15,18766.6,33232.55,0.0,0.0,72.05,168274.53,432705.94,294.24,0.4896,1.688,245005.08,4675.77,4675.77,1.55,Medium
2024-01-04,DC001,Mumbai Core DC,Mumbai,India,45,Air Cooling,0.11,0.72,18,9,99.9,1103487.81,630606.45,396388.22,27607.07,0.0,60043.88,26.16,39.44,5200,3735,1465,55.3,66.07,16.75,558832.52,121383.66,43602.7,42592.58,0.0,0.0,70.66,198627.81,904860.01,651.5,0.5904,1.75,472881.36,13865.26,13865.26,1.55,High
2024-01-04,DC002,Bengaluru AI Hub,Bengaluru,India,60,Liquid Cooling,0.09,0.62,42,4,99.95,1269889.04,881487.36,261067.68,24343.5,0.0,66978.86,23.3,48.53,7200,6624,576,82.32,55.75,53.88,841660.44,114290.01,23496.09,47010.77,0.0,0.0,80.84,533353.4,736535.64,456.65,0.3596,1.441,388401.68,7189.3,7189.3,1.35,Medium
2024-01-04,DC003,Delhi Enterprise DC,Delhi,India,35,Air Cooling,0.12,0.75,15,12,99.9,849620.85,466536.86,305539.43,19091.83,0.0,45781.61,24.48,39.8,4100,2600,1500,52.41,64.48,27.71,465916.52,101954.5,36664.73,49415.06,0.0,0.0,67.51,127443.13,722177.72,541.63,0.6375,1.821,383084.0,15178.65,15178.65,1.55,Medium
2024-01-04,DC004,Hyderabad Cloud DC,Hyderabad,India,50,Hybrid Cooling,0.1,0.66,35,6,99.95,1104727.2,699102.09,314786.14,28416.91,0.0,55513.89,24.0,35.19,6100,4893,1207,63.82,71.11,32.4,636050.93,110472.72,31478.61,60960.16,0.0,0.0,73.05,386654.52,718072.68,473.93,0.429,1.58,405625.11,9102.92,9102.92,1.45,Medium
2024-01-04,DC005,Pune Backup DC,Pune,India,30,Air Cooling,0.095,0.68,28,8,99.8,565824.84,330697.04,185640.24,10438.53,0.0,28850.95,24.68,66.51,3300,2066,1234,50.81,82.08,23.88,296492.99,53753.36,17635.82,38873.7,0.0,0.0,68.76,158430.96,407393.89,277.03,0.4896,1.711,235127.8,5058.22,5058.22,1.55,Medium
2024-01-05,DC001,Mumbai Core DC,Mumbai,India,45,Air Cooling,0.11,0.72,18,9,99.9,1075996.56,617893.3,383261.71,27610.39,0.0,53956.37,27.02,56.57,5200,2695,2505,41.53,60.19,11.95,558593.22,118359.62,42158.79,58654.36,0.0,0.0,68.31,193679.38,882317.18,635.27,0.5904,1.741,458103.26,13008.81,13008.81,1.55,Medium
2024-01-05,DC002,Bengaluru AI Hub,Bengaluru,India,60,Liquid Cooling,0.09,0.62,42,4,99.95,1173834.82,815049.29,240718.2,34199.72,0.0,63095.95,21.07,57.25,7200,5173,2027,56.55,69.58,42.09,806139.68,105645.13,21664.64,57459.76,0.0,0.0,79.77,493010.63,680824.2,422.11,0.3596,1.44,358785.53,6616.65,6616.65,1.35,Medium
2024-01-05,DC003,Delhi Enterprise DC,Delhi,India,35,Air Cooling,0.12,0.75,15,12,99.9,886871.3,498240.98,324015.45,18501.3,0.0,46462.69,24.85,69.43,4100,3410,690,69.94,70.85,36.77,427835.6,106424.56,38881.85,49856.98,0.0,0.0,63.47,133030.7,753840.61,565.38,0.6375,1.78,388630.32,13751.73,13751.73,1.55,Medium
2024-01-05,DC004,Hyderabad Cloud DC,Hyderabad,India,50,Hybrid Cooling,0.1,0.66,35,6,99.95,1139270.52,732585.22,324770.36,20473.62,10863.46,63060.76,22.69,50.84,6100,5434,666,77.22,79.28,22.47,654631.91,113927.05,32477.04,44835.11,49.2,80550.57,63.44,398744.68,740525.84,488.75,0.429,1.555,406685.3,7702.19,88252.77,1.45,High
2024-01-05,DC005,Pune Backup DC,Pune,India,30,Air Cooling,0.095,0.68,28,8,99.8,611370.9,355186.85,218224.64,12559.11,0.0,31736.7,23.12,76.6,3300,2513,787,60.02,74.42,45.33,344121.09,58080.24,20731.34,42723.8,0.0,0.0,70.71,171183.85,440187.05,299.33,0.4896,1.721,256184.05,5778.97,5778.97,1.55,Medium
2024-01-06,DC001,Mumbai Core DC,Mumbai,India,45,Air Cooling,0.11,0.72,18,9,99.9,1043467.06,579748.51,384193.47,23116.38,0.0,57667.69,27.2,72.69,5200,3711,1489,54.73,56.53,25.05,486951.91,114781.38,42261.28,47300.98,0.0,0.0,66.71,187824.07,855642.99,616.06,0.5904,1.8,463718.56,15934.26,15934.26,1.55,Medium
2024-01-06,DC002,Bengaluru AI Hub,Bengaluru,India,60,Liquid Cooling,0.09,0.62,42,4,99.95,1091344.4,775932.6,225905.96,25836.51,0.0,54268.7,21.72,50.88,7200,6352,848,77.58,72.16,45.31,741897.38,98221.0,20331.54,60074.03,0.0,0.0,78.66,458364.65,632979.75,392.45,0.3596,1.406,315411.8,3945.19,3945.19,1.35,Low
2024-01-06,DC003,Delhi Enterprise DC,Delhi,India,35,Air Cooling,0.12,0.75,15,12,99.9,859988.62,456433.33,327131.44,15235.94,7142.12,47963.73,28.46,58.96,4100,3371,729,66.21,67.31,24.21,398746.92,103198.63,39255.77,42998.52,0.0,0.0,63.34,128998.29,730990.33,548.24,0.6375,1.884,403555.3,18302.04,18302.04,1.55,High
2024-01-06,DC004,Hyderabad Cloud DC,Hyderabad,India,50,Hybrid Cooling,0.1,0.66,35,6,99.95,933291.26,598180.29,265181.24,15958.82,0.0,45130.85,24.88,42.68,6100,3533,2567,40.08,47.84,41.67,586849.61,93329.13,26518.12,48164.67,0.0,0.0,75.89,326651.94,606639.32,400.38,0.429,1.56,335110.97,6592.98,6592.98,1.45,Low
2024-01-06,DC005,Pune Backup DC,Pune,India,30,Air Cooling,0.095,0.68,28,8,99.8,547485.94,311854.72,192649.07,9979.1,0.0,29846.86,22.19,62.24,3300,2182,1118,55.97,70.72,16.89,267175.35,52011.16,18301.66,26472.28,0.0,0.0,70.62,153296.06,394189.88,268.05,0.4896,1.756,235631.21,6090.56,6090.56,1.55,Medium
2024-01-07,DC001,Mumbai Core DC,Mumbai,India,45,Air Cooling,0.11,0.72,18,9,99.9,1103368.3,636425.82,360559.89,26339.13,0.0,61837.65,24.91,50.73,5200,4652,548,73.33,73.08,34.48,474838.25,121370.51,39661.59,50775.88,0.0,0.0,63.75,198606.29,904762.01,651.43,0.5904,1.734,466942.48,12859.91,12859.91,1.55,High
2024-01-07,DC002,Bengaluru AI Hub,Bengaluru,India,60,Liquid Cooling,0.09,0.62,42,4,99.95,1111079.15,762840.61,241964.65,31218.9,2849.09,57403.88,24.17,42.22,7200,5227,1973,60.18,80.9,45.76,738839.5,99997.12,21776.82,54071.71,0.0,0.0,79.15,466653.25,644425.91,399.54,0.3596,1.457,348238.55,7311.99,7311.99,1.35,Low
2024-01-07,DC003,Delhi Enterprise DC,Delhi,India,35,Air Cooling,0.12,0.75,15,12,99.9,768272.67,420230.15,286333.88,17298.35,0.0,42363.97,30.64,73.67,4100,2385,1715,42.52,53.54,22.1,376909.96,92192.72,34360.07,45110.47,0.0,0.0,63.57,115240.9,653031.77,489.77,0.6375,1.828,348042.53,14029.91,14029.91,1.55,Medium
2024-01-07,DC004,Hyderabad Cloud DC,Hyderabad,India,50,Hybrid Cooling,0.1,0.66,35,6,99.95,928741.33,600485.8,255663.83,20867.48,0.0,51656.1,25.19,42.13,6100,3511,2589,44.88,61.32,36.06,559533.62,92874.13,25566.38,42047.94,0.0,0.0,75.89,325059.47,603681.87,398.43,0.429,1.547,328255.54,5803.69,5803.69,1.45,Low
2024-01-07,DC005,Pune Backup DC,Pune,India,30,Air Cooling,0.095,0.68,28,8,99.8,489501.36,291297.7,161794.15,11312.76,0.0,25825.87,22.64,50.62,3300,1906,1394,42.62,51.05,32.63,284300.04,46502.63,15370.44,35063.28,0.0,0.0,71.31,137060.38,352440.98,239.66,0.4896,1.68,198203.66,3609.04,3609.04,1.55,Medium
2024-01-08,DC001,Mumbai Core DC,Mumbai,India,45,Air Cooling,0.11,0.72,18,9,99.9,1218424.96,684392.27,432365.75,19731.59,4850.25,68794.68,26.22,59.48,5200,3789,1411,56.93,59.29,37.43,534761.46,134026.75,47560.23,39158.01,0.0,0.0,67.61,219316.49,999108.47,719.36,0.5904,1.78,534032.69,17337.86,17337.86,1.55,High
2024-01-08,DC002,Bengaluru AI Hub,Bengaluru,India,60,Liquid Cooling,0.09,0.62,42,4,99.95,1187866.99,811073.99,258444.85,28239.63,0.0,61894.3,22.17,59.52,7200,5458,1742,58.02,53.86,47.74,750006.12,106908.03,23260.04,51719.12,0.0,0.0,78.85,498904.14,688962.85,427.16,0.3596,1.465,376793.0,8362.54,8362.54,1.35,Medium
2024-01-08,DC003,Delhi Enterprise DC,Delhi,India,35,Air Cooling,0.12,0.75,15,12,99.9,856257.89,476346.62,325248.77,12720.18,0.0,45571.71,26.12,68.67,4100,2296,1804,44.8,60.62,35.71,437107.26,102750.95,39029.85,44246.07,0.0,0.0,66.37,128438.68,727819.21,545.86,0.6375,1.798,379911.27,14150.48,14150.48,1.55,Medium
2024-01-08,DC004,Hyderabad Cloud DC,Hyderabad,India,50,Hybrid Cooling,0.1,0.66,35,6,99.95,1109220.45,714110.46,314137.34,27285.13,0.0,54669.4,27.53,35.0,6100,5206,894,70.48,65.64,28.2,639462.55,110922.04,31413.73,47449.29,0.0,0.0,75.23,388227.16,720993.29,475.86,0.429,1.553,395109.99,7376.03,7376.03,1.45,Medium
2024-01-08,DC005,Pune Backup DC,Pune,India,30,Air Cooling,0.095,0.68,28,8,99.8,652367.3,382408.45,223674.66,15708.62,0.0,34956.1,18.68,57.96,3300,2586,714,66.28,69.84,47.52,315936.41,61974.89,21249.09,27258.68,0.0,0.0,71.76,182662.84,469704.45,319.4,0.4896,1.706,269958.85,5665.25,5665.25,1.55,Medium
2024-01-09,DC001,Mumbai Core DC,Mumbai,India,45,Air Cooling,0.11,0.72,18,9,99.9,1145947.51,669673.67,410214.04,17819.24,0.0,60963.45,26.04,49.02,5200,4068,1132,62.72,60.32,31.01,515624.89,126054.23,45123.54,57731.16,20.9,35381.04,57.49,206270.55,939676.96,676.57,0.5904,1.711,476273.84,11874.86,47255.91,1.55,High
2024-01-09,DC002,Bengaluru AI Hub,Bengaluru,India,60,Liquid Cooling,0.09,0.62,42,4,99.95,1138933.83,785984.74,236372.29,24022.16,0.0,64231.2,17.96,59.72,7200,3963,3237,43.64,59.96,39.21,748994.56,102504.04,21273.51,50845.13,0.0,0.0,79.53,478352.21,660581.62,409.56,0.3596,1.449,352949.08,7006.9,7006.9,1.35,Low
2024-01-09,DC003,Delhi Enterprise DC,Delhi,India,35,Air Cooling,0.12,0.75,15,12,99.9,807693.66,458001.51,273665.04,18526.6,0.0,43349.88,25.26,64.17,4100,2656,1444,48.71,70.76,27.78,452769.99,96923.24,32839.8,38011.64,0.0,0.0,70.2,121154.05,686539.61,514.9,0.6375,1.764,349692.16,11734.96,11734.96,1.55,Medium
2024-01-09,DC004,Hyderabad Cloud DC,Hyderabad,India,50,Hybrid Cooling,0.1,0.66,35,6,99.95,1106023.68,696953.02,306046.47,19116.39,0.0,59866.04,24.23,46.08,6100,4742,1358,60.32,77.88,22.42,686110.7,110602.37,30604.65,47093.17,0.0,0.0,77.02,387108.29,718915.39,474.48,0.429,1.587,409070.66,9544.18,9544.18,1.45,Medium
2024-01-09,DC005,Pune Backup DC,Pune,India,30,Air Cooling,0.095,0.68,28,8,99.8,601015.53,346337.26,209927.14,11929.38,0.0,33646.66,26.35,77.86,3300,2321,979,52.88,63.34,29.23,331744.99,57096.48,19943.08,38753.34,0.0,0.0,71.11,168284.35,432731.18,294.26,0.4896,1.735,254678.27,6098.31,6098.31,1.55,Medium
2024-01-10,DC001,Mumbai Core DC,Mumbai,India,45,Air Cooling,0.11,0.72,18,9,99.9,1108513.52,613929.68,402939.1,27613.36,3763.06,57814.14,28.78,41.92,5200,2741,2459,40.47,66.19,41.51,586523.95,121936.49,44323.3,50744.61,0.0,0.0,70.56,199532.43,908981.08,654.47,0.5904,1.806,494583.83,17261.48,17261.48,1.55,High
2024-01-10,DC002,Bengaluru AI Hub,Bengaluru,India,60,Liquid Cooling,0.09,0.62,42,4,99.95,1308615.08,902660.48,269146.86,40410.56,0.0,68376.17,23.38,57.11,7200,6161,1039,72.29,62.77,42.32,781770.99,117775.36,24223.22,68428.99,11.7,18576.39,73.81,549618.33,758996.75,470.58,0.3596,1.45,405954.6,8102.11,26678.5,1.35,Medium
2024-01-10,DC003,Delhi Enterprise DC,Delhi,India,35,Air Cooling,0.12,0.75,15,12,99.9,850210.41,468297.34,317321.48,20784.94,0.0,47075.82,28.92,47.1,4100,2916,1184,55.9,57.89,30.56,451706.24,102025.25,38078.58,40555.09,0.0,0.0,68.44,127531.56,722678.85,542.01,0.6375,1.816,381913.07,14921.94,14921.94,1.55,Medium
2024-01-10,DC004,Hyderabad Cloud DC,Hyderabad,India,50,Hybrid Cooling,0.1,0.66,35,6,99.95,1119702.7,721229.55,305752.97,19450.74,0.0,55282.36,24.28,37.74,6100,4519,1581,59.03,92.0,34.94,650118.93,111970.27,30575.3,44301.47,0.0,0.0,75.96,391895.94,727806.75,480.35,0.429,1.552,398473.15,7391.99,7391.99,1.45,Medium
2024-01-10,DC005,Pune Backup DC,Pune,India,30,Air Cooling,0.095,0.68,28,8,99.8,580186.4,332081.42,194761.8,10842.75,6730.17,28527.15,20.1,55.22,3300,1871,1429,45.26,74.15,34.53,334102.69,55117.71,18502.37,28614.57,0.0,0.0,74.94,162452.19,417734.21,284.06,0.4896,1.747,248104.98,6218.72,6218.72,1.55,Medium
2024-01-11,DC001,Mumbai Core DC,Mumbai,India,45,Air Cooling,0.11,0.72,18,9,99.9,1187393.65,681236.43,422228.5,28547.95,0.0,58004.04,28.28,53.25,5200,4171,1029,67.45,56.05,36.72,518573.07,130613.3,46445.13,47205.58,0.0,0.0,65.71,213730.86,973662.8,701.04,0.5904,1.743,506157.22,14462.49,14462.49,1.55,High
2024-01-11,DC002,Bengaluru AI Hub,Bengaluru,India,60,Liquid Cooling,0.09,0.62,42,4,99.95,1372774.1,934317.35,299370.89,37282.48,0.0,73070.69,20.73,62.84,7200,6624,576,79.62,67.92,46.96,816053.95,123549.67,26943.38,61004.01,0.0,0.0,77.38,576565.12,796208.98,493.65,0.3596,1.469,438456.74,10030.11,10030.11,1.35,Medium
2024-01-11,DC003,Delhi Enterprise DC,Delhi,India,35,Air Cooling,0.12,0.75,15,12,99.9,798876.33,451710.73,293996.82,12107.05,0.0,39683.08,25.22,41.93,4100,2295,1805,40.81,63.49,20.02,420247.33,95865.16,35279.62,42331.64,0.0,0.0,67.12,119831.45,679044.88,509.28,0.6375,1.769,347165.6,11846.96,11846.96,1.55,Medium
2024-01-11,DC004,Hyderabad Cloud DC,Hyderabad,India,50,Hybrid Cooling,0.1,0.66,35,6,99.95,1261339.22,805159.15,371623.7,27670.6,0.0,69932.3,25.88,69.33,6100,5612,488,84.24,58.91,47.23,658521.44,126133.92,37162.37,62808.34,0.0,0.0,71.31,441468.73,819870.5,541.11,0.429,1.567,456180.07,9385.85,9385.85,1.45,Medium
2024-01-11,DC005,Pune Backup DC,Pune,India,30,Air Cooling,0.095,0.68,28,8,99.8,617764.28,357139.6,218918.92,9702.38,2712.71,31374.22,23.15,60.38,3300,2299,1001,54.3,61.41,23.42,325964.1,58687.61,20797.3,37020.68,0.0,0.0,70.64,172974.0,444790.28,302.46,0.4896,1.73,260624.68,6098.8,6098.8,1.55,Medium
2024-01-12,DC001,Mumbai Core DC,Mumbai,India,45,Air Cooling,0.11,0.72,18,9,99.9,1091571.47,641306.53,362491.23,22927.31,5653.6,56307.65,23.98,59.05,5200,4059,1141,60.1,67.7,28.79,550311.66,120072.86,39874.04,44753.49,0.0,0.0,70.05,196482.86,895088.6,644.46,0.5904,1.702,450264.93,10730.1,10730.1,1.55,Medium
2024-01-12,DC002,Bengaluru AI Hub,Bengaluru,India,60,Liquid Cooling,0.09,0.62,42,4,99.95,1225629.09,837415.15,260406.24,30054.26,0.0,61686.68,18.38,71.43,7200,5536,1664,63.35,83.85,61.54,770788.67,110306.62,23436.56,64383.18,0.0,0.0,77.34,514764.22,710864.87,440.74,0.3596,1.464,388213.94,8560.68,8560.68,1.35,Medium
2024-01-12,DC003,Delhi Enterprise DC,Delhi,India,35,Air Cooling,0.12,0.75,15,12,99.9,880949.03,499620.25,307258.99,20782.38,0.0,44744.78,26.01,40.97,4100,3376,724,64.43,69.53,15.63,410782.96,105713.88,36871.08,40465.45,0.0,0.0,64.41,132142.36,748806.68,561.61,0.6375,1.763,381328.79,12784.52,12784.52,1.55,Medium
2024-01-12,DC004,Hyderabad Cloud DC,Hyderabad,India,50,Hybrid Cooling,0.1,0.66,35,6,99.95,1113692.18,725904.99,307939.84,20677.35,8804.6,54471.91,25.02,63.54,6100,4988,1112,71.57,82.83,37.38,639037.07,111369.22,30793.98,52498.31,51.6,67211.51,63.84,389792.26,723899.92,477.77,0.429,1.534,387787.19,6113.0,73324.51,1.45,High
2024-01-12,DC005,Pune Backup DC,Pune,India,30,Air Cooling,0.095,0.68,28,8,99.8,632796.68,371740.95,200805.0,16717.84,0.0,33036.11,23.39,49.92,3300,2691,609,69.14,59.84,23.47,298046.66,60115.69,19076.47,30570.41,0.0,0.0,69.57,177183.07,455613.61,309.82,0.4896,1.702,261055.73,5376.83,5376.83,1.55,Medium
2024-01-13,DC001,Mumbai Core DC,Mumbai,India,45,Air Cooling,0.11,0.72,18,9,99.9,1016378.36,581751.17,334501.53,22709.0,8032.79,55112.12,25.7,75.99,5200,3761,1439,54.37,57.28,25.23,487963.39,111801.62,36795.17,42922.34,0.0,0.0,68.29,182948.1,833430.25,600.07,0.5904,1.747,434627.19,12613.05,12613.05,1.55,Medium
2024-01-13,DC002,Bengaluru AI Hub,Bengaluru,India,60,Liquid Cooling,0.09,0.62,42,4,99.95,1027891.08,705880.87,226542.9,18594.78,0.0,55949.98,21.73,54.14,7200,4351,2849,47.44,72.91,55.8,720139.28,92510.2,20388.86,46863.34,0.0,0.0,80.65,431714.25,596176.83,369.63,0.3596,1.456,322010.21,6745.67,6745.67,1.35,Low
2024-01-13,DC003,Delhi Enterprise DC,Delhi,India,35,Air Cooling,0.12,0.75,15,12,99.9,720214.47,409654.5,256943.28,11090.17,0.0,35923.44,26.21,48.99,4100,2289,1811,42.47,69.53,45.35,401751.23,86425.74,30833.19,45175.23,0.0,0.0,67.24,108032.17,612182.3,459.14,0.6375,1.758,310559.96,10230.0,10230.0,1.55,Medium
2024-01-13,DC004,Hyderabad Cloud DC,Hyderabad,India,50,Hybrid Cooling,0.1,0.66,35,6,99.95,1029049.98,662476.13,263218.43,28871.83,0.0,51769.22,23.81,64.8,6100,5444,656,74.34,64.35,17.54,554190.13,102905.0,26321.84,45577.62,0.0,0.0,73.21,360167.49,668882.49,441.46,0.429,1.553,366573.85,6845.96,6845.96,1.45,Medium
2024-01-13,DC005,Pune Backup DC,Pune,India,30,Air Cooling,0.095,0.68,28,8,99.8,487477.24,285834.26,157290.4,8927.39,10501.96,23720.66,22.73,58.83,3300,1485,1815,31.02,58.42,30.79,292036.02,46310.34,14942.59,36157.72,29.2,47371.09,55.54,136493.63,350983.62,238.67,0.4896,1.705,201642.99,4221.24,51592.34,1.55,High
2024-01-14,DC001,Mumbai Core DC,Mumbai,India,45,Air Cooling,0.11,0.72,18,9,99.9,1004340.04,581175.85,343797.02,22415.79,0.0,50062.54,25.79,51.24,5200,3453,1747,55.5,81.93,32.78,513079.26,110477.4,37817.67,47346.69,0.0,0.0,69.24,180781.21,823558.83,592.96,0.5904,1.728,423164.19,11386.92,11386.92,1.55,Medium
2024-01-14,DC002,Bengaluru AI Hub,Bengaluru,India,60,Liquid Cooling,0.09,0.62,42,4,99.95,1101981.16,772077.41,235969.48,29617.63,0.0,57009.44,22.25,49.77,7200,5959,1241,69.33,74.64,60.84,707937.69,99178.3,21237.25,51798.06,0.0,0.0,78.67,462832.09,639149.07,396.27,0.3596,1.427,329903.76,5370.9,5370.9,1.35,Low
2024-01-14,DC003,Delhi Enterprise DC,Delhi,India,35,Air Cooling,0.12,0.75,15,12,99.9,742928.96,410914.96,277052.96,15940.3,0.0,37180.39,28.73,52.74,4100,1929,2171,35.7,80.16,26.9,381959.32,89151.48,33246.36,40734.29,0.0,0.0,65.99,111439.34,631489.62,473.62,0.6375,1.808,332014.0,12721.29,12721.29,1.55,Medium
2024-01-14,DC004,Hyderabad Cloud DC,Hyderabad,India,50,Hybrid Cooling,0.1,0.66,35,6,99.95,992538.39,634241.83,281635.73,26194.66,0.0,49065.92,23.58,63.26,6100,4338,1762,57.04,73.93,28.07,599504.68,99253.84,28163.57,43532.43,0.0,0.0,76.18,347388.44,645149.95,425.8,0.429,1.565,358296.56,7288.77,7288.77,1.45,Medium
2024-01-14,DC005,Pune Backup DC,Pune,India,30,Air Cooling,0.095,0.68,28,8,99.8,545519.01,307798.47,189813.61,9684.62,0.0,26465.4,22.19,49.45,3300,2042,1258,44.84,60.48,34.31,286893.13,51824.31,18032.29,29212.53,0.0,0.0,71.75,152745.32,392773.69,267.09,0.4896,1.772,237720.54,6500.98,6500.98,1.55,Medium
2024-01-15,DC001,Mumbai Core DC,Mumbai,India,45,Air Cooling,0.11,0.72,18,9,99.9,1211824.65,695759.32,421316.81,23832.7,0.0,62835.33,25.41,72.19,5200,3991,1209,66.14,78.64,46.15,533303.68,133300.71,46344.85,45913.51,0.0,0.0,66.4,218128.44,993696.21,715.46,0.5904,1.742,516065.32,14673.75,14673.75,1.55,High
2024-01-15,DC002,Bengaluru AI Hub,Bengaluru,India,60,Liquid Cooling,0.09,0.62,42,4,99.95,1235733.64,873756.81,252866.74,26173.28,6235.09,65805.86,19.47,62.33,7200,6030,1170,68.04,62.11,55.42,817993.11,111216.03,22758.01,55048.32,0.0,0.0,79.67,519008.13,716725.51,444.37,0.3596,1.414,361976.83,5054.58,5054.58,1.35,Medium
2024-01-15,DC003,Delhi Enterprise DC,Delhi,India,35,Air Cooling,0.12,0.75,15,12,99.9,946129.8,510742.73,374528.65,18925.07,0.0,52924.8,29.54,62.56,4100,3262,838,65.11,61.81,28.37,450145.31,113535.58,44943.44,42971.31,0.0,0.0,65.23,141919.47,804210.33,603.16,0.6375,1.852,435387.07,18537.43,18537.43,1.55,High
2024-01-15,DC004,Hyderabad Cloud DC,Hyderabad,India,50,Hybrid Cooling,0.1,0.66,35,6,99.95,1144268.66,704663.46,325468.82,31669.89,0.0,59920.71,25.03,69.02,6100,3900,2200,52.93,60.7,37.19,636204.09,114426.87,32546.88,48526.22,17.5,35681.83,68.78,400494.03,743774.63,490.89,0.429,1.624,439605.21,12250.67,47932.49,1.45,Medium
2024-01-15,DC005,Pune Backup DC,Pune,India,30,Air Cooling,0.095,0.68,28,8,99.8,655578.4,376863.32,223497.34,16027.19,0.0,32343.83,24.18,62.0,3300,2914,386,74.25,52.71,28.0,315792.53,62279.95,21232.25,37213.97,0.0,0.0,68.49,183561.95,472016.45,320.97,0.4896,1.74,278715.07,6786.82,6786.82,1.55,Medium
2024-01-16,DC001,Mumbai Core DC,Mumbai,India,45,Air Cooling,0.11,0.72,18,9,99.9,1173658.09,680650.39,409028.85,24285.76,0.0,65521.16,25.43,49.27,5200,3730,1470,59.45,76.72,38.38,577041.88,129102.39,44993.17,50669.83,0.0,0.0,68.85,211258.46,962399.64,692.93,0.5904,1.724,493007.7,13051.5,13051.5,1.55,High
2024-01-16,DC002,Bengaluru AI Hub,Bengaluru,India,60,Liquid Cooling,0.09,0.62,42,4,99.95,1199965.33,822139.42,248570.54,26657.25,8546.91,66435.32,22.53,46.36,7200,5363,1837,62.89,52.53,49.85,755177.36,107996.88,22371.35,52424.47,0.0,0.0,78.76,503985.44,695979.89,431.51,0.3596,1.46,377825.91,8106.94,8106.94,1.35,Medium
2024-01-16,DC003,Delhi Enterprise DC,Delhi,India,35,Air Cooling,0.12,0.75,15,12,99.9,814457.69,476276.51,279915.68,16688.8,0.0,40626.27,24.92,35.65,4100,3011,1089,60.64,76.71,39.41,420483.01,97734.92,33589.88,46027.73,0.0,0.0,65.81,122168.65,692289.04,519.22,0.6375,1.71,338181.18,9147.49,9147.49,1.55,Medium
2024-01-16,DC004,Hyderabad Cloud DC,Hyderabad,India,50,Hybrid Cooling,0.1,0.66,35,6,99.95,1110631.32,716040.52,309575.9,20989.36,10491.92,58346.65,28.06,63.32,6100,4597,1503,59.3,54.79,17.14,644481.85,111063.13,30957.59,43733.75,0.0,0.0,75.98,388720.96,721910.36,476.46,0.429,1.551,394590.8,7237.26,7237.26,1.45,Medium
2024-01-16,DC005,Pune Backup DC,Pune,India,30,Air Cooling,0.095,0.68,28,8,99.8,610869.28,358747.9,207697.56,10704.59,6148.53,31156.66,23.64,65.01,3300,2911,389,73.47,79.53,23.49,311019.34,58032.58,19731.27,37889.99,0.0,0.0,69.16,171043.4,439825.88,299.08,0.4896,1.703,252121.39,5206.95,5206.95,1.55,Medium
2024-01-17,DC001,Mumbai Core DC,Mumbai,India,45,Air Cooling,0.11,0.72,18,9,99.9,1105100.88,627221.02,396081.78,25055.18,0.0,60040.02,28.34,58.38,5200,2946,2254,46.51,68.88,34.16,519011.9,121561.1,43569.0,53130.94,0.0,0.0,66.34,198918.16,906182.72,652.45,0.5904,1.762,477879.86,14619.91,14619.91,1.55,High
2024-01-17,DC002,Bengaluru AI Hub,Bengaluru,India,60,Liquid Cooling,0.09,0.62,42,4,99.95,1249137.26,881145.02,272007.23,36329.57,0.0,60258.72,21.79,40.43,7200,5873,1327,67.86,80.94,49.82,773064.2,112422.35,24480.65,66852.49,0.0,0.0,76.81,524637.65,724499.61,449.19,0.3596,1.418,367992.24,5363.23,5363.23,1.35,Medium
2024-01-17,DC003,Delhi Enterprise DC,Delhi,India,35,Air Cooling,0.12,0.75,15,12,99.9,835145.91,467466.35,296613.29,14241.05,0.0,45449.15,24.52,68.97,4100,3001,1099,58.04,62.97,29.85,437958.1,100217.51,35593.59,51845.14,0.0,0.0,65.28,125271.89,709874.02,532.41,0.6375,1.787,367679.56,13268.77,13268.77,1.55,Medium
2024-01-17,DC004,Hyderabad Cloud DC,Hyderabad,India,50,Hybrid Cooling,0.1,0.66,35,6,99.95,1145393.97,715750.19,343621.64,25702.22,0.0,57955.22,27.67,68.76,6100,4454,1646,62.4,53.24,27.57,616640.59,114539.4,34362.16,54118.06,0.0,0.0,72.65,400887.89,744506.08,491.37,0.429,1.6,429643.79,10755.62,10755.62,1.45,Medium
2024-01-17,DC005,Pune Backup DC,Pune,India,30,Air Cooling,0.095,0.68,28,8,99.8,625474.51,363787.19,207656.12,14923.25,0.0,34615.34,24.32,55.2,3300,2519,781,58.52,70.37,38.41,328244.32,59420.08,19727.33,28503.27,0.0,0.0,73.21,175132.86,450341.65,306.23,0.4896,1.719,261687.32,5852.42,5852.42,1.55,Medium
2024-01-18,DC001,Mumbai Core DC,Mumbai,India,45,Air Cooling,0.11,0.72,18,9,99.9,1165329.66,680799.92,413551.04,18066.87,0.0,62462.05,25.97,46.17,5200,4101,1099,65.28,68.05,46.89,552038.71,128186.26,45490.61,54489.67,0.0,0.0,66.91,209759.34,955570.32,688.01,0.5904,1.712,484529.74,12109.88,12109.88,1.55,High
2024-01-18,DC002,Bengaluru AI Hub,Bengaluru,India,60,Liquid Cooling,0.09,0.62,42,4,99.95,1248633.0,880615.17,253004.19,37035.61,0.0,70725.96,20.9,55.06,7200,6424,776,71.26,62.55,53.44,819842.94,112376.97,22770.38,70841.74,0.0,0.0,77.65,524425.86,724207.14,449.01,0.3596,1.418,368017.83,5382.23,5382.23,1.35,Medium
2024-01-18,DC003,Delhi Enterprise DC,Delhi,India,35,Air Cooling,0.12,0.75,15,12,99.9,878254.51,488777.88,331398.22,15753.23,0.0,43902.28,31.11,50.12,4100,2929,1171,55.79,72.01,29.95,467489.54,105390.54,39767.79,45211.35,0.0,0.0,67.78,131738.18,746516.33,559.89,0.6375,1.797,389476.63,14477.86,14477.86,1.55,Medium
2024-01-18,DC004,Hyderabad Cloud DC,Hyderabad,India,50,Hybrid Cooling,0.1,0.66,35,6,99.95,1121013.85,715255.82,325971.34,19674.21,0.0,60386.35,26.76,73.12,6100,4788,1312,62.77,57.83,39.38,636619.64,112101.39,32597.13,57710.8,0.0,0.0,73.33,392354.85,728659.0,480.91,0.429,1.567,405758.03,8389.29,8389.29,1.45,Medium
2024-01-18,DC005,Pune Backup DC,Pune,India,30,Air Cooling,0.095,0.68,28,8,99.8,595873.86,349051.87,192280.71,10978.8,5441.2,33218.34,23.44,72.41,3300,2358,942,60.48,65.38,30.21,302642.52,56608.02,18266.67,37639.33,0.0,0.0,68.86,166844.68,429029.18,291.74,0.4896,1.707,246821.99,5210.13,5210.13,1.55,Medium
2024-01-19,DC001,Mumbai Core DC,Mumbai,India,45,Air Cooling,0.11,0.72,18,9,99.9,1169569.4,664815.73,408809.59,27822.94,0.0,56873.08,25.49,73.67,5200,3883,1317,57.16,74.47,27.14,555744.21,128652.63,44969.05,42616.83,0.0,0.0,69.18,210522.49,959046.91,690.51,0.5904,1.759,504753.67,15301.55,15301.55,1.55,High
2024-01-19,DC002,Bengaluru AI Hub,Bengaluru,India,60,Liquid Cooling,0.09,0.62,42,4,99.95,1226883.66,862664.01,254459.84,35496.02,0.0,60485.21,24.39,56.17,7200,6125,1075,69.95,59.74,52.66,836004.18,110419.53,22901.39,51502.41,0.0,0.0,80.63,515291.14,711592.52,441.19,0.3596,1.422,364219.65,5605.85,5605.85,1.35,Medium
2024-01-19,DC003,Delhi Enterprise DC,Delhi,India,35,Air Cooling,0.12,0.75,15,12,99.9,832450.15,486887.47,289318.76,16550.24,0.0,46182.75,24.96,84.97,4100,3350,750,65.62,62.75,27.45,463368.63,99894.02,34718.25,54146.96,0.0,0.0,66.76,124867.52,707582.62,530.69,0.6375,1.71,345562.68,9332.95,9332.95,1.55,Medium
2024-01-19,DC004,Hyderabad Cloud DC,Hyderabad,India,50,Hybrid Cooling,0.1,0.66,35,6,99.95,1178610.77,764612.98,326016.37,20492.38,0.0,58693.85,24.14,56.83,6100,5421,679,75.14,92.0,26.89,672045.54,117861.08,32601.64,52599.75,0.0,0.0,74.64,412513.77,766097.0,505.62,0.429,1.541,413997.79,6992.19,6992.19,1.45,Medium
2024-01-19,DC005,Pune Backup DC,Pune,India,30,Air Cooling,0.095,0.68,28,8,99.8,579962.61,343999.87,195996.87,12523.53,0.0,29750.47,21.02,64.28,3300,2203,1097,49.72,64.85,36.87,326238.27,55096.45,18619.7,40729.04,0.0,0.0,70.63,162389.53,417573.08,283.95,0.4896,1.686,235962.75,4442.47,4442.47,1.55,Medium
2024-01-20,DC001,Mumbai Core DC,Mumbai,India,45,Air Cooling,0.11,0.72,18,9,99.9,913535.49,541205.37,301924.79,20051.26,0.0,44868.97,23.21,65.11,5200,2706,2494,37.59,85.93,34.61,496687.46,100488.9,33211.73,49714.73,0.0,0.0,69.76,164436.39,749099.1,539.35,0.5904,1.688,372330.11,8213.39,8213.39,1.55,Medium
2024-01-20,DC002,Bengaluru AI Hub,Bengaluru,India,60,Liquid Cooling,0.09,0.62,42,4,99.95,1233919.87,866465.55,263856.61,33943.61,0.0,62701.65,21.07,70.16,7200,6624,576,88.0,64.52,66.77,758665.28,111052.79,23747.09,53342.86,0.0,0.0,78.33,518246.34,715673.52,443.72,0.3596,1.424,367454.32,5777.22,5777.22,1.35,Medium
2024-01-20,DC003,Delhi Enterprise DC,Delhi,India,35,Air Cooling,0.12,0.75,15,12,99.9,772023.46,429476.17,280533.17,11178.02,6955.97,42225.41,28.79,48.73,4100,3003,1097,55.48,80.08,24.17,400441.58,92642.82,33663.98,41148.35,0.0,0.0,66.59,115803.52,656219.94,492.16,0.6375,1.798,342547.29,12760.25,12760.25,1.55,Medium
2024-01-20,DC004,Hyderabad Cloud DC,Hyderabad,India,50,Hybrid Cooling,0.1,0.66,35,6,99.95,1015863.49,630519.83,286928.77,24935.82,6908.81,51566.09,24.95,68.05,6100,4492,1608,62.02,54.63,24.79,620723.11,101586.35,28692.88,44694.62,0.0,0.0,76.43,355552.22,660311.27,435.81,0.429,1.611,385343.65,10160.97,10160.97,1.45,Medium
2024-01-20,DC005,Pune Backup DC,Pune,India,30,Air Cooling,0.095,0.68,28,8,99.8,559334.48,329384.33,193195.42,9501.18,0.0,31409.24,23.21,56.87,3300,2505,795,60.79,52.76,38.26,287256.1,53136.78,18353.56,39585.89,0.0,0.0,67.72,156613.66,402720.83,273.85,0.4896,1.698,229950.15,4634.93,4634.93,1.55,Medium
2024-01-21,DC001,Mumbai Core DC,Mumbai,India,45,Air Cooling,0.11,0.72,18,9,99.9,1043047.97,604746.47,349683.32,19293.04,0.0,52604.49,23.98,63.62,5200,3387,1813,52.85,56.91,43.73,498539.64,114735.28,38465.17,46585.31,0.0,0.0,67.64,187748.63,855299.34,615.82,0.5904,1.725,438301.5,11626.0,11626.0,1.55,Medium
2024-01-21,DC002,Bengaluru AI Hub,Bengaluru,India,60,Liquid Cooling,0.09,0.62,42,4,99.95,1172479.96,815988.64,250353.82,24356.58,0.0,56719.85,21.26,61.69,7200,6250,950,75.71,61.32,63.5,669910.3,105523.2,22531.84,47289.47,0.0,0.0,77.19,492441.58,680038.37,421.62,0.3596,1.437,356491.31,6380.58,6380.58,1.35,Medium
2024-01-21,DC003,Delhi Enterprise DC,Delhi,India,35,Air Cooling,0.12,0.75,15,12,99.9,816353.05,460691.81,275888.88,17468.49,3260.42,40775.69,23.33,50.84,4100,3522,578,68.88,61.06,16.4,382255.55,97962.37,33106.67,41689.33,0.0,0.0,63.47,122452.96,693900.09,520.43,0.6375,1.772,355661.24,12273.69,12273.69,1.55,Medium
2024-01-21,DC004,Hyderabad Cloud DC,Hyderabad,India,50,Hybrid Cooling,0.1,0.66,35,6,99.95,1000797.03,637818.9,283274.83,27072.74,0.0,52928.49,24.43,70.19,6100,5536,564,74.46,70.88,16.11,585695.68,100079.7,28327.48,48443.77,0.0,0.0,74.64,350278.96,650518.07,429.34,0.429,1.569,362978.13,7595.96,7595.96,1.45,Medium
2024-01-21,DC005,Pune Backup DC,Pune,India,30,Air Cooling,0.095,0.68,28,8,99.8,535126.59,309760.38,172933.57,8897.55,9221.53,28799.27,19.02,62.9,3300,2012,1288,49.43,71.07,37.33,284557.28,50837.03,16428.69,36642.33,0.0,0.0,69.26,149835.45,385291.15,262.0,0.4896,1.728,225366.21,5224.81,5224.81,1.55,Medium
2024-01-22,DC001,Mumbai Core DC,Mumbai,India,45,Air Cooling,0.11,0.72,18,9,99.9,1279163.63,747626.97,435581.11,24426.09,0.0,64672.84,26.99,57.24,5200,4784,416,82.05,81.36,39.15,522886.84,140708.0,47913.92,54398.51,0.0,0.0,62.69,230249.45,1048914.18,755.22,0.5904,1.711,531536.66,13237.6,13237.6,1.55,High
2024-01-22,DC002,Bengaluru AI Hub,Bengaluru,India,60,Liquid Cooling,0.09,0.62,42,4,99.95,1206444.07,832712.03,267007.78,25731.43,0.0,62856.65,23.42,63.79,7200,5998,1202,66.16,64.77,46.17,836475.93,108579.97,24030.7,54414.86,0.0,0.0,80.51,506706.51,699737.56,433.84,0.3596,1.449,373732.04,7405.46,7405.46,1.35,Medium
2024-01-22,DC003,Delhi Enterprise DC,Delhi,India,35,Air Cooling,0.12,0.75,15,12,99.9,893811.11,492250.99,326782.8,17479.9,5575.17,43706.02,25.8,58.83,4100,3251,849,63.86,53.44,17.62,412776.72,107257.33,39213.94,40129.9,0.0,0.0,64.29,134071.67,759739.44,569.8,0.6375,1.816,401560.12,15698.65,15698.65,1.55,Medium
2024-01-22,DC004,Hyderabad Cloud DC,Hyderabad,India,50,Hybrid Cooling,0.1,0.66,35,6,99.95,983408.84,635403.89,264748.5,21164.35,0.0,53345.37,25.48,49.45,6100,3459,2641,42.81,74.87,26.61,616333.87,98340.88,26474.85,56603.48,0.0,0.0,74.86,344193.09,639215.74,421.88,0.429,1.548,348004.94,6207.32,6207.32,1.45,Medium
2024-01-22,DC005,Pune Backup DC,Pune,India,30,Air Cooling,0.095,0.68,28,8,99.8,677072.98,401579.71,216941.93,13323.35,0.0,34661.53,22.13,59.97,3300,3036,264,81.47,66.22,34.41,301880.09,64321.93,20609.48,40199.03,0.0,0.0,65.38,189580.43,487492.55,331.49,0.4896,1.686,275493.27,5189.32,5189.32,1.55,Medium
2024-01-23,DC001,Mumbai Core DC,Mumbai,India,45,Air Cooling,0.11,0.72,18,9,99.9,1274232.1,684261.87,483669.83,28531.28,0.0,68566.16,29.89,57.45,5200,4408,792,73.83,75.98,42.65,546638.88,140165.53,53203.68,54227.9,0.0,0.0,64.44,229361.78,1044870.32,752.31,0.5904,1.862,589970.23,23498.88,23498.88,1.55,High
2024-01-23,DC002,Bengaluru AI Hub,Bengaluru,India,60,Liquid Cooling,0.09,0.62,42,4,99.95,1231302.15,865787.73,272153.28,36947.61,0.0,65398.99,22.24,54.22,7200,5646,1554,61.95,62.65,72.59,759939.86,110817.19,24493.8,66230.78,0.0,0.0,76.7,517146.9,714155.25,442.78,0.3596,1.422,365514.41,5623.98,5623.98,1.35,Medium
2024-01-23,DC003,Delhi Enterprise DC,Delhi,India,35,Air Cooling,0.12,0.75,15,12,99.9,844193.85,470586.01,299970.62,17199.68,0.0,42680.0,25.24,62.66,4100,2120,1980,40.59,73.57,32.38,412459.62,101303.26,35996.47,37876.83,0.0,0.0,66.26,126629.08,717564.77,538.17,0.6375,1.794,373607.83,13774.26,13774.26,1.55,Medium
2024-01-23,DC004,Hyderabad Cloud DC,Hyderabad,India,50,Hybrid Cooling,0.1,0.66,35,6,99.95,1164431.67,726313.32,330984.16,31835.57,0.0,62890.22,24.26,77.51,6100,5035,1065,69.13,60.34,26.77,634272.66,116443.17,33098.42,43742.09,0.0,0.0,74.75,407551.09,756880.59,499.54,0.429,1.603,438118.36,11127.74,11127.74,1.45,Medium
2024-01-23,DC005,Pune Backup DC,Pune,India,30,Air Cooling,0.095,0.68,28,8,99.8,626969.93,371776.65,211460.83,11190.44,0.0,34689.67,23.86,81.51,3300,2565,735,67.28,59.03,37.5,329226.27,59562.14,20088.78,29604.43,0.0,0.0,72.92,175551.58,451418.35,306.96,0.4896,1.686,255193.28,4818.03,4818.03,1.55,Medium
2024-01-24,DC001,Mumbai Core DC,Mumbai,India,45,Air Cooling,0.11,0.72,18,9,99.9,1173315.08,666921.39,418723.73,28270.45,0.0,58395.87,27.32,45.77,5200,4101,1099,63.08,81.11,22.2,579052.18,129064.66,46059.61,56784.38,0.0,0.0,67.9,211196.71,962118.36,692.73,0.5904,1.759,506393.69,15354.56,15354.56,1.55,High
2024-01-24,DC002,Bengaluru AI Hub,Bengaluru,India,60,Liquid Cooling,0.09,0.62,42,4,99.95,1247336.51,866842.4,255814.77,27906.16,0.0,68080.77,21.4,43.3,7200,5541,1659,64.39,64.92,49.29,833612.41,112260.29,23023.33,50413.47,0.0,0.0,80.49,523881.33,723455.17,448.54,0.3596,1.439,380494.11,6938.93,6938.93,1.35,Medium
2024-01-24,DC003,Delhi Enterprise DC,Delhi,India,35,Air Cooling,0.12,0.75,15,12,99.9,820839.49,454930.54,298902.15,13466.11,4588.71,44033.51,29.32,57.9,4100,2497,1603,45.16,63.08,30.56,447021.38,98500.74,35868.26,54528.36,0.0,0.0,65.77,123125.92,697713.57,523.29,0.6375,1.804,365908.95,13883.66,13883.66,1.55,Medium
2024-01-24,DC004,Hyderabad Cloud DC,Hyderabad,India,50,Hybrid Cooling,0.1,0.66,35,6,99.95,1055385.84,690635.2,299465.95,18077.13,0.0,57628.96,23.25,58.36,6100,4142,1958,52.15,46.98,33.36,617067.89,105538.58,29946.59,45725.97,0.0,0.0,75.49,369385.05,686000.8,452.76,0.429,1.528,364750.64,5396.48,5396.48,1.45,Medium
2024-01-24,DC005,Pune Backup DC,Pune,India,30,Air Cooling,0.095,0.68,28,8,99.8,583718.15,341417.32,196911.54,8580.58,2600.73,31658.45,23.64,52.34,3300,2039,1261,46.86,58.0,31.72,316620.87,55453.22,18706.6,36904.5,0.0,0.0,70.83,163441.08,420277.06,285.79,0.4896,1.71,242300.83,5179.52,5179.52,1.55,Medium
2024-01-25,DC001,Mumbai Core DC,Mumbai,India,45,Air Cooling,0.11,0.72,18,9,99.9,1167545.96,645468.45,423943.34,17156.8,0.0,66061.16,27.42,59.68,5200,3368,1832,52.85,61.99,40.49,585070.74,128430.06,46633.77,58014.57,0.0,0.0,68.13,210158.27,957387.69,689.32,0.5904,1.809,522077.51,18377.69,18377.69,1.55,High
2024-01-25,DC002,Bengaluru AI Hub,Bengaluru,India,60,Liquid Cooling,0.09,0.62,42,4,99.95,1117576.59,785033.03,227151.15,27473.93,9167.2,63107.65,21.43,58.27,7200,4413,2787,50.85,74.85,50.46,838640.56,100581.89,20443.6,67444.27,0.0,0.0,79.96,469382.17,648194.42,401.88,0.3596,1.424,332543.56,5200.38,5200.38,1.35,Low
2024-01-25,DC003,Delhi Enterprise DC,Delhi,India,35,Air Cooling,0.12,0.75,15,12,99.9,921031.22,530677.79,328836.96,22293.01,0.0,50195.18,26.55,45.91,4100,3772,328,80.06,64.86,29.6,422246.87,110523.75,39460.44,34116.23,0.0,0.0,65.75,138154.68,782876.54,587.16,0.6375,1.736,390353.43,11817.68,11817.68,1.55,Medium
2024-01-25,DC004,Hyderabad Cloud DC,Hyderabad,India,50,Hybrid Cooling,0.1,0.66,35,6,99.95,1116567.13,691989.68,332053.45,27322.02,0.0,54456.56,26.58,63.04,6100,4892,1208,64.17,62.11,25.15,665566.56,111656.71,33205.35,53631.17,0.0,0.0,75.17,390798.5,725768.64,479.01,0.429,1.614,424577.45,11318.21,11318.21,1.45,Medium
2024-01-25,DC005,Pune Backup DC,Pune,India,30,Air Cooling,0.095,0.68,28,8,99.8,559168.95,330654.46,186489.08,12140.81,0.0,30698.18,24.94,60.28,3300,1889,1411,43.66,68.56,22.69,322779.62,53121.05,17716.46,32306.06,0.0,0.0,73.53,156567.31,402601.65,273.77,0.4896,1.691,228514.49,4432.18,4432.18,1.55,Medium
2024-01-26,DC001,Mumbai Core DC,Mumbai,India,45,Air Cooling,0.11,0.72,18,9,99.9,1126747.91,645918.81,404588.31,17859.75,6315.17,59042.18,28.66,61.43,5200,3654,1546,57.8,67.57,25.03,576798.78,123942.27,44504.71,53991.68,22.4,34558.15,63.16,202814.62,923933.29,665.23,0.5904,1.744,480829.11,13813.11,48371.27,1.55,High
2024-01-26,DC002,Bengaluru AI Hub,Bengaluru,India,60,Liquid Cooling,0.09,0.62,42,4,99.95,1144897.37,806364.41,252151.9,22892.71,0.0,55493.47,24.26,58.8,7200,4279,2921,44.97,73.7,56.34,771402.6,103040.76,22693.67,55151.16,0.0,0.0,79.49,480856.89,664040.47,411.71,0.3596,1.42,338532.95,5067.49,5067.49,1.35,Low
2024-01-26,DC003,Delhi Enterprise DC,Delhi,India,35,Air Cooling,0.12,0.75,15,12,99.9,879305.05,477227.42,334162.43,15101.55,0.0,45520.41,27.34,58.3,4100,2646,1454,53.7,63.7,43.2,431514.6,105516.61,40099.49,47823.27,0.0,0.0,64.46,131895.76,747409.29,560.56,0.6375,1.843,402077.63,16752.31,16752.31,1.55,Medium
2024-01-26,DC004,Hyderabad Cloud DC,Hyderabad,India,50,Hybrid Cooling,0.1,0.66,35,6,99.95,1113755.35,705803.41,319604.0,28683.49,0.0,56924.65,22.19,48.69,6100,4346,1754,58.07,60.83,27.04,682481.25,111375.54,31960.4,60110.07,0.0,0.0,74.87,389814.37,723940.98,477.8,0.429,1.578,407951.94,9034.04,9034.04,1.45,Medium
2024-01-26,DC005,Pune Backup DC,Pune,India,30,Air Cooling,0.095,0.68,28,8,99.8,647538.6,375616.82,213298.37,15759.29,0.0,34616.35,26.06,77.89,3300,2669,631,64.52,64.83,34.17,301531.98,61516.17,20263.34,40437.04,0.0,0.0,66.19,181310.81,466227.79,317.03,0.4896,1.724,271921.78,6206.59,6206.59,1.55,Medium
2024-01-27,DC001,Mumbai Core DC,Mumbai,India,45,Air Cooling,0.11,0.72,18,9,99.9,1084317.01,610546.27,385959.37,26198.56,0.0,52994.53,28.48,61.33,5200,4223,977,63.85,62.96,24.28,494973.38,119274.87,42455.53,43881.05,0.0,0.0,67.04,195177.06,889139.95,640.18,0.5904,1.776,473770.74,15176.73,15176.73,1.55,Medium
2024-01-27,DC002,Bengaluru AI Hub,Bengaluru,India,60,Liquid Cooling,0.09,0.62,42,4,99.95,1069614.95,748104.29,214177.83,22024.21,7242.94,53321.05,20.33,49.16,7200,6086,1114,68.17,65.33,44.88,672437.9,96265.35,19276.01,62633.57,0.0,0.0,76.37,449238.28,620376.67,384.63,0.3596,1.43,321510.66,5370.67,5370.67,1.35,Low
2024-01-27,DC003,Delhi Enterprise DC,Delhi,India,35,Air Cooling,0.12,0.75,15,12,99.9,836005.55,459666.5,309536.09,18701.72,0.0,43263.8,29.5,57.83,4100,3670,430,78.83,74.12,26.93,369817.54,100320.67,37144.33,44629.17,0.0,0.0,60.81,125400.83,710604.71,532.95,0.6375,1.819,376339.05,14822.7,14822.7,1.55,Medium
2024-01-27,DC004,Hyderabad Cloud DC,Hyderabad,India,50,Hybrid Cooling,0.1,0.66,35,6,99.95,918390.48,599565.83,243460.21,16909.38,0.0,50416.91,21.89,66.43,6100,4388,1712,54.07,62.16,22.61,605209.7,91839.05,24346.02,53625.57,0.0,0.0,75.96,321436.67,596953.81,393.99,0.429,1.532,318824.65,4902.0,4902.0,1.45,Low
2024-01-27,DC005,Pune Backup DC,Pune,India,30,Air Cooling,0.095,0.68,28,8,99.8,566352.15,326294.01,194266.0,13374.81,0.0,29405.14,24.89,54.68,3300,2306,994,58.16,64.51,31.32,289612.5,53803.45,18455.27,36825.73,0.0,0.0,68.71,158578.6,407773.55,277.29,0.4896,1.736,240058.14,5756.66,5756.66,1.55,Medium
2024-01-28,DC001,Mumbai Core DC,Mumbai,India,45,Air Cooling,0.11,0.72,18,9,99.9,1035851.77,572501.65,385277.81,17718.29,0.0,52473.19,29.23,51.82,5200,3161,2039,45.86,81.2,25.15,483498.94,113943.69,42380.56,44254.45,0.0,0.0,67.28,186453.32,849398.45,611.57,0.5904,1.809,463350.12,16332.16,16332.16,1.55,Medium
2024-01-28,DC002,Bengaluru AI Hub,Bengaluru,India,60,Liquid Cooling,0.09,0.62,42,4,99.95,1047577.72,744409.4,215255.27,22910.46,9656.87,50687.85,20.53,50.55,7200,5700,1500,64.87,85.17,45.82,752757.74,94281.99,19372.97,48421.21,0.0,0.0,81.04,439982.64,607595.08,376.71,0.3596,1.407,303168.32,3836.25,3836.25,1.35,Low
2024-01-28,DC003,Delhi Enterprise DC,Delhi,India,35,Air Cooling,0.12,0.75,15,12,99.9,744248.29,427299.79,255054.36,10946.23,0.0,37126.12,25.44,46.32,4100,2885,1215,53.67,58.45,31.68,392213.34,89309.79,30606.52,48402.51,0.0,0.0,64.89,111637.24,632611.05,474.46,0.6375,1.742,316948.5,9832.03,9832.03,1.55,Medium
2024-01-28,DC004,Hyderabad Cloud DC,Hyderabad,India,50,Hybrid Cooling,0.1,0.66,35,6,99.95,1030534.37,668657.73,282035.96,19639.04,0.0,52064.27,22.12,57.12,6100,5372,728,70.14,52.39,30.88,585676.02,103053.44,28203.6,48953.32,0.0,0.0,74.05,360687.03,669847.34,442.1,0.429,1.541,361876.64,6098.07,6098.07,1.45,Medium
2024-01-28,DC005,Pune Backup DC,Pune,India,30,Air Cooling,0.095,0.68,28,8,99.8,540948.42,316272.58,188054.78,11909.37,0.0,29771.12,22.67,79.28,3300,2441,859,59.27,83.37,31.48,272676.83,51390.1,17865.2,36583.17,0.0,0.0,67.74,151465.56,389482.86,264.85,0.4896,1.71,224675.84,4818.96,4818.96,1.55,Medium
2024-01-29,DC001,Mumbai Core DC,Mumbai,India,45,Air Cooling,0.11,0.72,18,9,99.9,1052745.46,595873.07,393473.62,19802.01,0.0,56905.26,27.98,60.91,5200,3064,2136,44.82,80.39,14.28,569231.52,115802.0,43282.1,44077.65,0.0,0.0,71.91,189494.18,863251.27,621.54,0.5904,1.767,456872.39,14205.64,14205.64,1.55,Medium
2024-01-29,DC002,Bengaluru AI Hub,Bengaluru,India,60,Liquid Cooling,0.09,0.62,42,4,99.95,1148509.09,796562.45,251348.38,32163.35,0.0,59602.17,20.55,53.67,7200,4632,2568,51.34,57.65,56.77,754146.32,103365.82,22621.35,68310.31,0.0,0.0,77.24,482373.82,666135.27,413.0,0.3596,1.442,351946.64,6583.48,6583.48,1.35,Low
2024-01-29,DC003,Delhi Enterprise DC,Delhi,India,35,Air Cooling,0.12,0.75,15,12,99.9,837122.52,460854.61,320200.45,14497.24,0.0,44259.01,30.01,55.53,4100,2262,1838,38.81,48.09,26.93,412620.95,100454.7,38424.05,42423.01,0.0,0.0,65.37,125568.38,711554.14,533.67,0.6375,1.816,376267.91,14735.74,14735.74,1.55,Medium
2024-01-29,DC004,Hyderabad Cloud DC,Hyderabad,India,50,Hybrid Cooling,0.1,0.66,35,6,99.95,1131804.22,699058.19,339299.88,20305.1,0.0,55806.68,27.33,60.34,6100,5145,955,70.83,79.51,23.33,644041.57,113180.42,33929.99,52780.33,0.0,0.0,74.23,396131.48,735672.74,485.54,0.429,1.619,432746.03,11816.98,11816.98,1.45,Medium
2024-01-29,DC005,Pune Backup DC,Pune,India,30,Air Cooling,0.095,0.68,28,8,99.8,604771.29,365836.92,198411.87,12634.59,0.0,29027.77,24.39,58.58,3300,2572,728,62.36,68.31,26.57,301881.77,57453.27,18849.13,41480.75,0.0,0.0,67.23,169335.96,435435.33,296.1,0.4896,1.653,238934.37,3583.79,3583.79,1.55,Medium
2024-01-30,DC001,Mumbai Core DC,Mumbai,India,45,Air Cooling,0.11,0.72,18,9,99.9,1208268.74,680975.31,422458.86,27558.53,0.0,58619.48,29.14,70.87,5200,3650,1550,57.69,62.85,35.38,532598.47,132909.56,46470.47,41717.98,0.0,0.0,67.21,217488.37,990780.37,713.36,0.5904,1.774,527293.43,16803.27,16803.27,1.55,High
2024-01-30,DC002,Bengaluru AI Hub,Bengaluru,India,60,Liquid Cooling,0.09,0.62,42,4,99.95,1138037.86,794612.04,248576.21,25451.99,0.0,57288.98,22.49,35.53,7200,4625,2575,52.5,70.94,47.55,822887.34,102423.41,22371.86,60187.55,0.0,0.0,80.24,477975.9,660061.96,409.24,0.3596,1.432,343425.83,5878.05,5878.05,1.35,Low
2024-01-30,DC003,Delhi Enterprise DC,Delhi,India,35,Air Cooling,0.12,0.75,15,12,99.9,832509.26,466826.53,315644.23,14430.0,0.0,43496.06,26.93,50.91,4100,2691,1409,51.49,60.6,17.55,461540.09,99901.11,37877.31,46209.89,0.0,0.0,68.34,124876.39,707632.87,530.72,0.6375,1.783,365682.73,13071.38,13071.38,1.55,Medium
2024-01-30,DC004,Hyderabad Cloud DC,Hyderabad,India,50,Hybrid Cooling,0.1,0.66,35,6,99.95,1232738.34,767244.25,382776.0,31002.3,0.0,61395.81,28.71,56.08,6100,5387,713,73.77,57.95,42.73,687815.15,123273.83,38277.6,47201.47,0.0,0.0,75.21,431458.42,801279.92,528.84,0.429,1.607,465494.08,12023.42,12023.42,1.45,Medium
2024-01-30,DC005,Pune Backup DC,Pune,India,30,Air Cooling,0.095,0.68,28,8,99.8,559477.03,326969.55,184149.56,8690.99,0.0,29434.13,25.57,63.13,3300,1961,1339,45.15,74.42,23.65,298119.72,53150.32,17494.21,41269.71,0.0,0.0,68.33,156653.57,402823.46,273.92,0.4896,1.711,232507.49,5004.05,5004.05,1.55,Medium
2024-01-31,DC001,Mumbai Core DC,Mumbai,India,45,Air Cooling,0.11,0.72,18,9,99.9,1149863.01,659128.69,390160.43,26255.65,0.0,62155.6,25.64,46.65,5200,3425,1775,55.19,57.93,33.57,570633.36,126484.93,42917.65,52483.05,0.0,0.0,68.64,206975.34,942887.67,678.88,0.5904,1.745,490734.32,14103.49,14103.49,1.55,High
2024-01-31,DC002,Bengaluru AI Hub,Bengaluru,India,60,Liquid Cooling,0.09,0.62,42,4,99.95,1234375.8,877377.47,248634.75,36097.2,3042.91,65925.02,23.36,60.6,7200,5727,1473,62.45,60.01,57.61,762927.13,111093.82,22377.13,46390.55,0.0,0.0,79.36,518437.84,715937.96,443.88,0.3596,1.407,356998.33,4492.46,4492.46,1.35,Medium
2024-01-31,DC003,Delhi Enterprise DC,Delhi,India,35,Air Cooling,0.12,0.75,15,12,99.9,863168.4,490445.6,313374.27,12712.17,0.0,48392.95,29.27,72.39,4100,2487,1613,49.74,66.96,41.43,438086.09,103580.21,37604.91,53543.87,0.0,0.0,64.13,129475.26,733693.14,550.27,0.6375,1.76,372722.8,12357.33,12357.33,1.55,Medium
2024-01-31,DC004,Hyderabad Cloud DC,Hyderabad,India,50,Hybrid Cooling,0.1,0.66,35,6,99.95,1082994.57,699199.68,300272.34,30092.73,0.0,60934.54,24.44,53.48,6100,4140,1960,57.26,59.96,39.47,650090.44,108299.46,30027.23,47614.08,0.0,0.0,76.02,379048.1,703946.47,464.6,0.429,1.549,383794.89,6915.5,6915.5,1.45,Medium
2024-01-31,DC005,Pune Backup DC,Pune,India,30,Air Cooling,0.095,0.68,28,8,99.8,639665.33,376837.04,217505.94,15243.91,0.0,31493.36,23.35,61.59,3300,2736,564,70.48,59.79,35.14,329359.28,60768.21,20663.06,36989.64,0.0,0.0,70.32,179106.29,460559.04,313.18,0.4896,1.697,262828.29,5278.95,5278.95,1.55,Medium
2024-02-01,DC001,Mumbai Core DC,Mumbai,India,45,Air Cooling,0.11,0.72,18,9,99.9,1116095.81,650230.28,375630.73,29040.79,0.0,60429.47,25.2,71.02,5200,3865,1335,58.44,58.27,32.44,568477.6,122770.54,41319.38,57930.12,0.0,0.0,68.21,200897.25,915198.57,658.94,0.5904,1.716,465865.53,11906.28,11906.28,1.55,High
2024-02-01,DC002,Bengaluru AI Hub,Bengaluru,India,60,Liquid Cooling,0.09,0.62,42,4,99.95,1229703.53,864937.83,259852.77,38303.22,0.0,68887.42,19.21,77.46,7200,5342,1858,63.13,68.51,57.09,769942.4,110673.32,23386.75,52238.72,0.0,0.0,78.84,516475.48,713228.05,442.2,0.3596,1.422,364765.69,5583.37,5583.37,1.35,Medium
2024-02-01,DC003,Delhi Enterprise DC,Delhi,India,35,Air Cooling,0.12,0.75,15,12,99.9,851219.72,483827.69,308288.31,13264.01,0.0,43083.94,26.96,63.07,4100,2833,1267,58.27,62.71,30.5,458219.19,102146.37,36994.6,41041.83,0.0,0.0,68.75,127682.96,723536.76,542.65,0.6375,1.759,367392.03,12154.42,12154.42,1.55,Medium
2024-02-01,DC004,Hyderabad Cloud DC,Hyderabad,India,50,Hybrid Cooling,0.1,0.66,35,6,99.95,1093323.59,687020.97,302173.03,20750.33,0.0,60564.03,24.43,55.29,6100,3743,2357,50.63,67.09,35.67,690621.94,109332.36,30217.3,39381.62,0.0,0.0,78.47,382663.26,710660.33,469.04,0.429,1.591,406302.62,9714.32,9714.32,1.45,Medium
2024-02-01,DC005,Pune Backup DC,Pune,India,30,Air Cooling,0.095,0.68,28,8,99.8,615302.86,356359.33,217178.72,15591.25,0.0,29600.63,25.29,64.58,3300,2344,956,59.45,60.74,33.97,335022.21,58453.77,20631.98,33355.25,62.3,87487.21,46.48,172284.8,443018.06,301.25,0.4896,1.727,258943.52,5979.86,93467.07,1.55,High
2024-02-02,DC001,Mumbai Core DC,Mumbai,India,45,Air Cooling,0.11,0.72,18,9,99.9,1102957.56,632492.39,400479.16,17998.29,0.0,57154.45,26.38,64.57,5200,3813,1387,58.75,70.93,27.29,550240.49,121325.33,44052.71,53286.74,0.0,0.0,68.27,198532.36,904425.2,651.19,0.5904,1.744,470465.17,13485.38,13485.38,1.55,High
2024-02-02,DC002,Bengaluru AI Hub,Bengaluru,India,60,Liquid Cooling,0.09,0.62,42,4,99.95,1282359.13,876385.36,276631.54,26276.62,0.0,72548.12,21.01,66.46,7200,5865,1335,68.12,71.63,47.86,837818.83,115412.32,24896.84,58246.83,0.0,0.0,79.27,538590.84,743768.3,461.14,0.3596,1.463,405973.78,8931.5,8931.5,1.35,Medium
2024-02-02,DC003,Delhi Enterprise DC,Delhi,India,35,Air Cooling,0.12,0.75,15,12,99.9,890520.37,484550.3,330781.11,17244.49,0.0,43451.02,25.85,57.85,4100,3192,908,66.12,79.39,34.99,413194.68,106862.44,39693.73,53912.89,0.0,0.0,61.09,133578.06,756942.31,567.71,0.6375,1.838,405970.06,16736.09,16736.09,1.55,Medium
2024-02-02,DC004,Hyderabad Cloud DC,Hyderabad,India,50,Hybrid Cooling,0.1,0.66,35,6,99.95,1176270.59,747584.99,333123.61,21322.62,0.0,65769.98,22.73,65.04,6100,4931,1169,68.01,53.79,31.87,632593.65,117627.06,33312.36,52421.93,31.6,64288.57,62.96,411694.71,764575.88,504.62,0.429,1.573,428685.6,9227.24,73515.81,1.45,High
2024-02-02,DC005,Pune Backup DC,Pune,India,30,Air Cooling,0.095,0.68,28,8,99.8,610210.28,345010.33,214774.16,8629.97,0.0,31058.67,27.35,60.44,3300,2354,946,57.44,72.52,25.13,302143.02,57969.98,20403.54,37249.73,0.0,0.0,68.49,170858.88,439351.4,298.76,0.4896,1.769,265199.95,7167.2,7167.2,1.55,Medium
2024-02-03,DC001,Mumbai Core DC,Mumbai,India,45,Air Cooling,0.11,0.72,18,9,99.9,1046423.77,584491.06,378928.92,22352.57,0.0,51390.52,27.38,60.45,5200,4140,1060,66.7,74.06,27.76,502520.24,115106.61,41682.18,59366.17,0.0,0.0,65.28,188356.28,858067.49,617.81,0.5904,1.79,461932.7,15450.89,15450.89,1.55,Medium
2024-02-03,DC002,Bengaluru AI Hub,Bengaluru,India,60,Liquid Cooling,0.09,0.62,42,4,99.95,962355.22,676132.75,203209.71,26213.65,8695.06,49410.38,24.85,81.4,7200,3920,3280,38.15,69.01,47.61,749845.87,86611.97,18288.87,44842.93,0.0,0.0,82.47,404189.19,558166.03,346.06,0.3596,1.423,286222.47,4461.84,4461.84,1.35,Low
2024-02-03,DC003,Delhi Enterprise DC,Delhi,India,35,Air Cooling,0.12,0.75,15,12,99.9,732414.64,407292.87,273063.57,18184.65,0.0,40360.59,30.04,64.92,4100,1939,2161,36.17,58.54,30.85,376373.21,87889.76,32767.63,36561.13,0.0,0.0,66.93,109862.2,622552.44,466.91,0.6375,1.798,325121.77,12133.28,12133.28,1.55,Medium
2024-02-03,DC004,Hyderabad Cloud DC,Hyderabad,India,50,Hybrid Cooling,0.1,0.66,35,6,99.95,897169.51,578969.96,243759.29,24684.62,0.0,49181.09,24.09,49.3,6100,3235,2865,42.66,58.31,34.94,617588.04,89716.95,24375.93,44212.56,0.0,0.0,78.31,314009.33,583160.18,384.89,0.429,1.55,318199.56,5766.31,5766.31,1.45,Low
2024-02-03,DC005,Pune Backup DC,Pune,India,30,Air Cooling,0.095,0.68,28,8,99.8,559489.95,328290.21,182280.24,8699.71,0.0,29716.99,24.39,63.97,3300,2319,981,57.55,71.22,32.34,272770.34,53151.54,17316.62,32303.99,0.0,0.0,68.67,156657.18,402832.76,273.93,0.4896,1.704,231199.74,4810.81,4810.81,1.55,Medium
2024-02-04,DC001,Mumbai Core DC,Mumbai,India,45,Air Cooling,0.11,0.72,18,9,99.9,1060589.7,612827.53,374884.77,18771.19,2921.9,55920.88,27.52,58.27,5200,3843,1357,62.39,62.31,36.37,518753.08,116664.87,41237.32,36337.06,0.0,0.0,70.51,190906.15,869683.55,626.17,0.5904,1.731,447762.17,12177.77,12177.77,1.55,Medium
2024-02-04,DC002,Bengaluru AI Hub,Bengaluru,India,60,Liquid Cooling,0.09,0.62,42,4,99.95,1143192.06,796233.07,240502.98,21745.27,0.0,55689.59,19.99,49.91,7200,5788,1412,65.29,70.51,47.52,703111.42,102887.29,21645.27,67038.15,0.0,0.0,75.83,480140.66,663051.39,411.09,0.3596,1.436,346958.99,6144.97,6144.97,1.35,Low
2024-02-04,DC003,Delhi Enterprise DC,Delhi,India,35,Air Cooling,0.12,0.75,15,12,99.9,793133.05,432738.81,280264.58,15504.59,7512.67,38427.51,27.55,69.15,4100,3126,974,65.77,67.19,32.94,416715.52,95175.97,33631.75,53778.97,0.0,0.0,64.26,118969.96,674163.1,505.62,0.6375,1.833,360394.24,14686.55,14686.55,1.55,Medium
2024-02-04,DC004,Hyderabad Cloud DC,Hyderabad,India,50,Hybrid Cooling,0.1,0.66,35,6,99.95,929997.63,595036.58,255537.57,21026.42,0.0,45541.18,22.04,51.42,6100,4351,1749,54.5,75.6,29.41,615044.85,92999.76,25553.76,64097.97,0.0,0.0,74.46,325499.17,604498.46,398.97,0.429,1.563,334961.05,6719.46,6719.46,1.45,Low
2024-02-04,DC005,Pune Backup DC,Pune,India,30,Air Cooling,0.095,0.68,28,8,99.8,549602.38,315801.6,197244.68,13668.99,0.0,28989.95,25.04,69.48,3300,2509,791,58.08,55.11,40.53,296333.9,52212.23,18738.24,37570.71,0.0,0.0,69.7,153888.67,395713.72,269.09,0.4896,1.74,233800.78,5710.44,5710.44,1.55,Medium
2024-02-05,DC001,Mumbai Core DC,Mumbai,India,45,Air Cooling,0.11,0.72,18,9,99.9,1152925.81,665772.9,418670.54,17978.58,0.0,63995.54,24.31,47.13,5200,3942,1258,61.29,70.33,24.7,554417.17,126821.84,46053.76,46202.55,0.0,0.0,68.79,207526.65,945399.16,680.69,0.5904,1.732,487152.91,13307.56,13307.56,1.55,High
2024-02-05,DC002,Bengaluru AI Hub,Bengaluru,India,60,Liquid Cooling,0.09,0.62,42,4,99.95,1266338.72,887447.48,276144.77,23061.05,0.0,60902.92,21.66,59.04,7200,5960,1240,67.33,59.63,44.9,811733.21,113970.48,24853.03,51139.19,0.0,0.0,79.66,531862.26,734476.45,455.38,0.3596,1.427,378891.23,6145.61,6145.61,1.35,Medium
2024-02-05,DC003,Delhi Enterprise DC,Delhi,India,35,Air Cooling,0.12,0.75,15,12,99.9,971231.11,538742.84,354076.85,17959.24,0.0,54300.76,28.8,74.44,4100,3709,391,76.93,85.2,41.33,415743.95,116547.73,42489.22,43323.13,0.0,0.0,61.55,145684.67,825546.44,619.16,0.6375,1.803,432488.27,16341.57,16341.57,1.55,Medium
2024-02-05,DC004,Hyderabad Cloud DC,Hyderabad,India,50,Hybrid Cooling,0.1,0.66,35,6,99.95,1021209.84,656661.38,299744.45,19052.72,0.0,57136.12,24.92,54.44,6100,3904,2196,47.76,55.46,29.96,672325.38,102120.98,29974.45,57956.57,0.0,0.0,76.19,357423.44,663786.39,438.1,0.429,1.555,364548.46,6905.08,6905.08,1.45,Medium
2024-02-05,DC005,Pune Backup DC,Pune,India,30,Air Cooling,0.095,0.68,28,8,99.8,601846.31,355141.65,207643.28,11362.83,0.0,30339.69,23.4,63.77,3300,1982,1318,48.67,75.68,33.4,336068.36,57175.4,19726.11,39772.89,0.0,0.0,71.15,168516.97,433329.34,294.66,0.4896,1.695,246704.67,4880.79,4880.79,1.55,Medium
2024-02-06,DC001,Mumbai Core DC,Mumbai,India,45,Air Cooling,0.11,0.72,18,9,99.9,1165757.25,655363.22,416943.31,24869.35,0.0,62064.54,25.17,49.97,5200,4059,1141,67.91,69.91,31.02,582598.21,128233.3,45863.76,52145.27,0.0,0.0,69.04,209836.31,955920.95,688.26,0.5904,1.779,510394.03,16493.87,16493.87,1.55,High
2024-02-06,DC002,Bengaluru AI Hub,Bengaluru,India,60,Liquid Cooling,0.09,0.62,42,4,99.95,1237321.35,853473.21,261770.43,21462.25,0.0,65366.96,19.78,64.6,7200,5434,1766,61.31,74.48,46.88,773774.19,111358.92,23559.34,62013.41,0.0,0.0,77.59,519674.97,717646.38,444.94,0.3596,1.45,383848.14,7661.93,7661.93,1.35,Medium
2024-02-06,DC003,Delhi Enterprise DC,Delhi,India,35,Air Cooling,0.12,0.75,15,12,99.9,913677.65,510671.37,325782.42,13346.65,0.0,49061.12,27.53,66.75,4100,3674,426,72.01,63.63,30.03,423576.94,109641.32,39093.89,52245.23,0.0,0.0,61.78,137051.65,776626.0,582.47,0.6375,1.789,403006.28,14656.44,14656.44,1.55,Medium
2024-02-06,DC004,Hyderabad Cloud DC,Hyderabad,India,50,Hybrid Cooling,0.1,0.66,35,6,99.95,1137127.89,726993.88,318862.8,21407.98,0.0,59535.09,23.85,49.36,6100,5379,721,73.61,70.11,35.88,626714.4,113712.79,31886.28,57399.27,0.0,0.0,72.7,397994.76,739133.13,487.83,0.429,1.564,410134.01,8298.68,8298.68,1.45,Medium
2024-02-06,DC005,Pune Backup DC,Pune,India,30,Air Cooling,0.095,0.68,28,8,99.8,556959.49,327296.42,188394.43,13053.96,0.0,28499.0,24.76,67.57,3300,1783,1517,42.58,63.52,36.87,327276.73,52911.15,17897.47,27076.52,0.0,0.0,75.56,155948.66,401010.83,272.69,0.4896,1.702,229663.07,4716.75,4716.75,1.55,Medium
2024-02-07,DC001,Mumbai Core DC,Mumbai,India,45,Air Cooling,0.11,0.72,18,9,99.9,1138286.52,646568.24,392419.31,21506.25,0.0,57955.89,25.36,49.81,5200,3207,1993,50.72,68.03,26.61,577587.71,125211.52,43166.12,56689.76,0.0,0.0,68.51,204891.57,933394.94,672.04,0.5904,1.761,491718.28,14971.63,14971.63,1.55,High
2024-02-07,DC002,Bengaluru AI Hub,Bengaluru,India,60,Liquid Cooling,0.09,0.62,42,4,99.95,1266724.25,889557.17,279904.95,32491.59,0.0,62131.52,23.15,61.72,7200,6624,576,84.59,76.22,42.34,734183.21,114005.18,25191.45,55102.33,0.0,0.0,76.97,532024.18,734700.06,455.51,0.3596,1.424,377167.08,5923.99,5923.99,1.35,Medium
2024-02-07,DC003,Delhi Enterprise DC,Delhi,India,35,Air Cooling,0.12,0.75,15,12,99.9,923229.77,520737.55,328211.32,13061.39,0.0,46759.26,28.54,42.17,4100,3772,328,77.58,61.14,29.27,410291.69,110787.57,39385.36,36676.41,0.0,0.0,64.06,138484.47,784745.3,588.56,0.6375,1.773,402492.22,13930.39,13930.39,1.55,Medium
2024-02-07,DC004,Hyderabad Cloud DC,Hyderabad,India,50,Hybrid Cooling,0.1,0.66,35,6,99.95,1118343.16,714280.74,321479.53,28572.88,0.0,53774.42,26.72,54.49,6100,4184,1916,55.13,65.13,22.33,655472.35,111834.32,32147.95,41570.11,0.0,0.0,76.6,391420.11,726923.05,479.77,0.429,1.566,404062.42,8263.61,8263.61,1.45,Medium
2024-02-07,DC005,Pune Backup DC,Pune,India,30,Air Cooling,0.095,0.68,28,8,99.8,631763.18,372536.48,218895.22,13738.58,0.0,30538.63,22.95,73.27,3300,2526,774,61.43,58.58,40.81,331538.53,60017.5,20795.05,28588.25,0.0,0.0,73.27,176893.69,454869.49,309.31,0.4896,1.696,259226.7,5161.51,5161.51,1.55,Medium
2024-02-08,DC001,Mumbai Core DC,Mumbai,India,45,Air Cooling,0.11,0.72,18,9,99.9,1202245.34,679611.52,425846.59,29204.56,0.0,58806.96,27.63,76.62,5200,3653,1547,59.45,54.53,40.35,559106.34,132246.99,46843.12,41725.18,0.0,0.0,68.88,216404.16,985841.17,709.81,0.5904,1.769,522633.81,16373.22,16373.22,1.55,High
2024-02-08,DC002,Bengaluru AI Hub,Bengaluru,India,60,Liquid Cooling,0.09,0.62,42,4,99.95,1194048.92,842397.4,270714.96,26629.93,0.0,65941.29,22.56,62.66,7200,5405,1795,61.11,69.45,65.9,831110.57,107464.4,24364.35,46074.37,0.0,0.0,81.53,501500.55,692548.37,429.38,0.3596,1.417,351651.51,5113.12,5113.12,1.35,Medium
2024-02-08,DC003,Delhi Enterprise DC,Delhi,India,35,Air Cooling,0.12,0.75,15,12,99.9,943333.18,526849.05,336135.24,16232.93,0.0,45985.51,28.99,62.57,4100,3772,328,87.9,62.98,34.83,420122.34,113199.98,40336.23,51733.21,0.0,0.0,60.74,141499.98,801833.2,601.37,0.6375,1.791,416484.13,15206.06,15206.06,1.55,Medium
2024-02-08,DC004,Hyderabad Cloud DC,Hyderabad,India,50,Hybrid Cooling,0.1,0.66,35,6,99.95,1079691.02,688197.46,286331.82,22721.22,0.0,58252.91,25.06,51.29,6100,3329,2771,43.84,54.2,38.7,631638.06,107969.1,28633.18,57538.39,0.0,0.0,73.8,377891.86,701799.16,463.19,0.429,1.569,391493.56,8180.47,8180.47,1.45,Medium
2024-02-08,DC005,Pune Backup DC,Pune,India,30,Air Cooling,0.095,0.68,28,8,99.8,606985.92,350691.12,205727.6,14232.2,0.0,31650.44,23.13,35.0,3300,2359,941,54.21,55.39,34.09,327315.25,57663.66,19544.12,31505.31,0.0,0.0,72.76,169956.06,437029.86,297.18,0.4896,1.731,256294.8,6024.4,6024.4,1.55,Medium
2024-02-09,DC001,Mumbai Core DC,Mumbai,India,45,Air Cooling,0.11,0.72,18,9,99.9,1106809.39,606945.12,405120.1,25772.63,8350.05,53957.0,27.18,82.08,5200,2989,2211,41.69,64.69,33.25,544683.23,121749.03,44563.21,48029.42,0.0,0.0,68.83,199225.69,907583.7,653.46,0.5904,1.824,499864.28,18264.89,18264.89,1.55,High
2024-02-09,DC002,Bengaluru AI Hub,Bengaluru,India,60,Liquid Cooling,0.09,0.62,42,4,99.95,1258828.47,876095.88,280080.76,23214.18,0.0,60873.46,24.14,47.16,7200,5449,1751,60.54,76.66,56.67,794617.21,113294.56,25207.27,53534.48,0.0,0.0,79.01,528707.96,730120.51,452.67,0.3596,1.437,382732.59,6848.91,6848.91,1.35,Medium
2024-02-09,DC003,Delhi Enterprise DC,Delhi,India,35,Air Cooling,0.12,0.75,15,12,99.9,907369.58,491376.0,354530.78,13293.13,0.0,50035.42,30.84,61.45,4100,3056,1044,63.6,59.32,23.73,439268.19,108884.35,42543.69,50804.42,0.0,0.0,63.65,136105.44,771264.15,578.45,0.6375,1.847,415993.59,17488.41,17488.41,1.55,Medium
2024-02-09,DC004,Hyderabad Cloud DC,Hyderabad,India,50,Hybrid Cooling,0.1,0.66,35,6,99.95,1166004.76,748839.78,322856.34,29454.24,0.0,63618.05,23.8,48.89,6100,5436,664,72.59,71.52,23.92,637156.54,116600.48,32285.63,60580.33,0.0,0.0,72.19,408101.66,757903.09,500.22,0.429,1.557,417164.98,8018.71,8018.71,1.45,Medium
2024-02-09,DC005,Pune Backup DC,Pune,India,30,Air Cooling,0.095,0.68,28,8,99.8,637162.81,369116.73,219795.16,10017.54,0.0,31732.67,22.58,46.59,3300,2458,842,63.38,68.53,30.29,299183.91,60530.47,20880.54,35113.58,0.0,0.0,68.03,178405.59,458757.22,311.95,0.4896,1.726,268046.08,6178.03,6178.03,1.55,Medium
2024-02-10,DC001,Mumbai Core DC,Mumbai,India,45,Air Cooling,0.11,0.72,18,9,99.9,1121971.1,655535.27,367441.85,26040.67,6178.89,58502.18,25.17,50.91,5200,4559,641,74.03,57.97,44.06,516130.01,123416.82,40418.6,43824.64,0.0,0.0,67.6,201954.8,920016.31,662.41,0.5904,1.712,466435.84,11648.06,11648.06,1.55,High
2024-02-10,DC002,Bengaluru AI Hub,Bengaluru,India,60,Liquid Cooling,0.09,0.62,42,4,99.95,1051917.73,714708.88,231073.51,30959.91,0.0,59337.07,21.83,64.85,7200,4211,2989,44.46,56.0,59.72,741362.33,94672.6,20796.62,55464.18,0.0,0.0,79.75,441805.45,610112.28,378.27,0.3596,1.472,337208.84,7835.47,7835.47,1.35,Low
2024-02-10,DC003,Delhi Enterprise DC,Delhi,India,35,Air Cooling,0.12,0.75,15,12,99.9,757761.04,425009.36,270808.19,13560.29,0.0,39650.4,27.12,72.82,4100,2631,1469,46.7,62.95,40.09,394589.95,90931.32,32496.98,36771.8,0.0,0.0,67.64,113664.16,644096.88,483.07,0.6375,1.783,332751.68,11879.58,11879.58,1.55,Medium
2024-02-10,DC004,Hyderabad Cloud DC,Hyderabad,India,50,Hybrid Cooling,0.1,0.66,35,6,99.95,917024.08,579272.91,258619.4,23846.4,0.0,44366.53,24.07,44.6,6100,3632,2468,42.81,74.4,26.9,603345.67,91702.41,25861.94,59685.55,0.0,0.0,74.91,320958.43,596065.65,393.4,0.429,1.583,337751.17,7707.84,7707.84,1.45,Low
2024-02-10,DC005,Pune Backup DC,Pune,India,30,Air Cooling,0.095,0.68,28,8,99.8,538936.74,314407.9,187520.49,11393.42,0.0,26944.48,24.36,64.85,3300,2168,1132,51.38,60.77,33.16,303205.25,51198.99,17814.45,33767.48,0.0,0.0,71.98,150902.29,388034.46,263.86,0.4896,1.714,224528.84,4902.43,4902.43,1.55,Medium
2024-02-11,DC001,Mumbai Core DC,Mumbai,India,45,Air Cooling,0.11,0.72,18,9,99.9,1057456.08,595501.58,371138.74,22278.45,0.0,59103.52,28.55,42.94,5200,4283,917,67.96,65.82,45.01,507780.83,116320.17,40825.26,55268.51,0.0,0.0,66.21,190342.09,867113.99,624.32,0.5904,1.776,461954.5,14787.15,14787.15,1.55,Medium
2024-02-11,DC002,Bengaluru AI Hub,Bengaluru,India,60,Liquid Cooling,0.09,0.62,42,4,99.95,1108459.99,774942.16,230933.67,26014.93,3605.57,61319.22,23.77,35.0,7200,5888,1312,66.33,69.15,52.63,721449.29,99761.4,20784.03,46221.46,44.0,88962.19,67.43,465553.19,642906.79,398.6,0.3596,1.43,333517.83,5605.93,94568.12,1.35,High
2024-02-11,DC003,Delhi Enterprise DC,Delhi,India,35,Air Cooling,0.12,0.75,15,12,99.9,789213.26,435978.94,279793.82,17070.16,10634.4,38287.27,29.04,60.08,4100,3177,923,61.19,60.65,20.91,373363.31,94705.59,33575.26,40601.33,0.0,0.0,63.76,118381.99,670831.27,503.12,0.6375,1.81,353234.32,13613.51,13613.51,1.55,Medium
2024-02-11,DC004,Hyderabad Cloud DC,Hyderabad,India,50,Hybrid Cooling,0.1,0.66,35,6,99.95,1048283.53,652834.9,305130.64,16435.82,6288.17,58656.16,25.38,66.74,6100,4807,1293,62.8,40.0,28.4,613437.73,104828.35,30513.06,58686.77,0.0,0.0,73.34,366899.23,681384.29,449.71,0.429,1.606,395448.63,10167.29,10167.29,1.45,Medium
2024-02-11,DC005,Pune Backup DC,Pune,India,30,Air Cooling,0.095,0.68,28,8,99.8,559637.59,327172.84,189389.19,11508.21,0.0,28384.48,22.86,67.83,3300,2379,921,57.96,65.01,36.03,288397.6,53165.57,17991.97,43784.88,0.0,0.0,66.38,156698.53,402939.07,274.0,0.4896,1.711,232464.75,4989.37,4989.37,1.55,Medium
2024-02-12,DC001,Mumbai Core DC,Mumbai,India,45,Air Cooling,0.11,0.72,18,9,99.9,1175204.37,659395.86,426898.99,26262.09,0.0,63992.18,26.19,57.08,5200,3527,1673,52.35,70.13,28.2,516776.97,129272.48,46958.89,42976.16,0.0,0.0,66.67,211536.79,963667.58,693.84,0.5904,1.782,515808.51,16845.49,16845.49,1.55,High
2024-02-12,DC002,Bengaluru AI Hub,Bengaluru,India,60,Liquid Cooling,0.09,0.62,42,4,99.95,1148251.16,809955.47,249979.51,27263.51,8223.04,55079.64,22.01,61.5,7200,4677,2523,52.9,64.06,44.17,827812.11,103342.6,22498.16,62104.54,0.0,0.0,80.01,482265.49,665985.67,412.91,0.3596,1.418,338295.69,4933.01,4933.01,1.35,Low
2024-02-12,DC003,Delhi Enterprise DC,Delhi,India,35,Air Cooling,0.12,0.75,15,12,99.9,902823.8,504921.49,343329.97,12934.26,0.0,49554.56,26.73,67.22,4100,3570,530,72.22,62.95,28.98,461223.05,108338.86,41199.6,44355.23,0.0,0.0,66.89,135423.57,767400.23,575.55,0.6375,1.788,397902.31,14423.46,14423.46,1.55,Medium
2024-02-12,DC004,Hyderabad Cloud DC,Hyderabad,India,50,Hybrid Cooling,0.1,0.66,35,6,99.95,1074360.78,679095.52,305177.79,17544.75,5849.69,60382.02,29.09,77.62,6100,3201,2899,42.4,48.88,28.53,651045.21,107436.08,30517.78,58886.59,0.0,0.0,74.45,376026.27,698334.5,460.9,0.429,1.582,395265.26,8967.23,8967.23,1.45,Medium
2024-02-12,DC005,Pune Backup DC,Pune,India,30,Air Cooling,0.095,0.68,28,8,99.8,662995.85,374589.25,226974.22,15743.15,0.0,35508.45,22.75,52.48,3300,2668,632,64.19,68.95,35.0,324296.04,62984.61,21562.55,29905.69,0.0,0.0,71.36,185638.84,477357.01,324.6,0.4896,1.77,288406.6,7826.34,7826.34,1.55,Medium
2024-02-13,DC001,Mumbai Core DC,Mumbai,India,45,Air Cooling,0.11,0.72,18,9,99.9,1094771.28,625597.89,383798.12,21719.02,8105.09,53917.62,28.18,70.97,5200,3451,1749,54.1,61.21,29.75,537356.26,120424.84,42217.79,56328.82,0.0,0.0,67.11,197058.83,897712.45,646.35,0.5904,1.75,469173.39,13760.4,13760.4,1.55,Medium
2024-02-13,DC002,Bengaluru AI Hub,Bengaluru,India,60,Liquid Cooling,0.09,0.62,42,4,99.95,1183233.62,824013.85,247917.27,33368.72,3425.08,57545.31,23.74,42.61,7200,4797,2403,53.76,63.54,49.92,819748.5,106491.03,22312.55,66572.17,0.0,0.0,78.89,496958.12,686275.5,425.49,0.3596,1.436,359219.77,6373.34,6373.34,1.35,Medium
2024-02-13,DC003,Delhi Enterprise DC,Delhi,India,35,Air Cooling,0.12,0.75,15,12,99.9,924312.6,518343.35,340512.93,20932.78,0.0,48685.41,26.65,46.72,4100,3564,536,71.9,56.01,22.79,418417.95,110917.51,40861.55,47310.2,0.0,0.0,62.18,138646.89,785665.71,589.25,0.6375,1.783,405969.25,14505.65,14505.65,1.55,Medium
2024-02-13,DC004,Hyderabad Cloud DC,Hyderabad,India,50,Hybrid Cooling,0.1,0.66,35,6,99.95,1183937.9,736499.73,339219.22,30292.82,3909.67,58184.52,25.51,41.9,6100,5030,1070,68.38,58.53,29.72,627430.7,118393.79,33921.92,54140.64,0.0,0.0,72.5,414378.27,769559.64,507.91,0.429,1.608,447438.17,11601.33,11601.33,1.45,Medium
2024-02-13,DC005,Pune Backup DC,Pune,India,30,Air Cooling,0.095,0.68,28,8,99.8,615744.93,360071.19,206475.51,13816.55,0.0,32034.94,25.39,59.33,3300,2766,534,71.97,70.83,13.19,322821.54,58495.77,19615.17,40671.27,0.0,0.0,69.28,172408.58,443336.35,301.47,0.4896,1.71,255673.74,5475.29,5475.29,1.55,Medium
2024-02-14,DC001,Mumbai Core DC,Mumbai,India,45,Air Cooling,0.11,0.72,18,9,99.9,1111944.55,638780.64,382809.99,26643.15,0.0,58304.72,23.8,59.48,5200,3423,1777,51.49,73.03,35.18,562560.25,122313.9,42109.1,49314.04,0.0,0.0,69.49,200150.02,911794.53,656.49,0.5904,1.741,473163.91,13401.8,13401.8,1.55,High
2024-02-14,DC002,Bengaluru AI Hub,Bengaluru,India,60,Liquid Cooling,0.09,0.62,42,4,99.95,1198721.55,835659.87,250237.66,26945.4,0.0,61787.55,25.48,52.53,7200,5590,1610,62.5,70.11,53.95,807120.62,107884.94,22521.39,61755.67,0.0,0.0,78.98,503463.05,695258.5,431.06,0.3596,1.434,363061.68,6352.27,6352.27,1.35,Medium
2024-02-14,DC003,Delhi Enterprise DC,Delhi,India,35,Air Cooling,0.12,0.75,15,12,99.9,909421.55,510783.79,318254.9,14468.88,0.0,48345.8,27.04,49.78,4100,3190,910,63.09,74.15,32.17,425915.98,109130.59,38190.59,49629.72,0.0,0.0,62.72,136413.23,773008.32,579.76,0.6375,1.78,398637.76,14124.8,14124.8,1.55,Medium
2024-02-14,DC004,Hyderabad Cloud DC,Hyderabad,India,50,Hybrid Cooling,0.1,0.66,35,6,99.95,1257588.19,778455.31,356119.1,31832.84,4046.02,63170.19,26.77,67.37,6100,5479,621,78.46,66.18,36.48,639247.86,125758.82,35611.91,50092.3,0.0,0.0,72.49,440155.87,817432.33,539.51,0.429,1.615,479132.88,12882.8,12882.8,1.45,Medium
2024-02-14,DC005,Pune Backup DC,Pune,India,30,Air Cooling,0.095,0.68,28,8,99.8,634359.38,371266.65,213770.73,13846.38,9162.88,34572.6,23.5,65.16,3300,3015,285,77.33,62.51,36.68,340723.73,60264.14,20308.22,32389.0,90.4,178764.28,20.34,177620.63,456738.75,310.58,0.4896,1.709,263092.73,5595.13,184359.4,1.55,High
2024-02-15,DC001,Mumbai Core DC,Mumbai,India,45,Air Cooling,0.11,0.72,18,9,99.9,1105969.36,603961.13,406525.15,20922.7,5479.4,53939.99,27.7,57.39,5200,2838,2362,39.01,75.77,24.34,532257.58,121656.63,44717.77,47216.72,0.0,0.0,68.27,199074.48,906894.87,652.96,0.5904,1.831,502008.23,18681.26,18681.26,1.55,High
2024-02-15,DC002,Bengaluru AI Hub,Bengaluru,India,60,Liquid Cooling,0.09,0.62,42,4,99.95,1238096.97,863860.27,270566.85,33479.19,0.0,63941.26,24.52,50.83,7200,6619,581,75.62,63.02,58.7,813099.36,111428.73,24351.02,58307.64,0.0,0.0,79.12,520000.73,718096.24,445.22,0.3596,1.433,374236.7,6469.7,6469.7,1.35,Medium
2024-02-15,DC003,Delhi Enterprise DC,Delhi,India,35,Air Cooling,0.12,0.75,15,12,99.9,881232.03,479372.27,321451.53,16622.33,0.0,47899.16,27.78,68.05,4100,3111,989,61.43,77.93,31.59,450972.95,105747.84,38574.18,47751.3,0.0,0.0,65.96,132184.8,749047.23,561.79,0.6375,1.838,401859.76,16584.6,16584.6,1.55,Medium
2024-02-15,DC004,Hyderabad Cloud DC,Hyderabad,India,50,Hybrid Cooling,0.1,0.66,35,6,99.95,1084938.04,689633.96,324928.0,17313.82,3735.29,56119.74,25.86,63.91,6100,4688,1412,62.45,62.4,26.1,701618.34,108493.8,32492.8,39624.86,30.6,29071.52,74.75,379728.31,705209.72,465.44,0.429,1.573,395304.08,8496.88,37568.4,1.45,Medium
2024-02-15,DC005,Pune Backup DC,Pune,India,30,Air Cooling,0.095,0.68,28,8,99.8,616722.06,357410.53,210498.55,12073.13,8083.52,31094.65,21.54,52.85,3300,2356,944,53.85,55.21,25.63,297371.63,58588.6,19997.36,29447.83,84.1,125709.91,28.12,172682.18,444039.88,301.95,0.4896,1.726,259311.53,5959.9,131669.8,1.55,High
2024-02-16,DC001,Mumbai Core DC,Mumbai,India,45,Air Cooling,0.11,0.72,18,9,99.9,1303873.96,747711.63,471338.06,29712.95,0.0,70761.74,27.25,62.24,5200,4784,416,87.97,61.55,46.9,539552.38,143426.14,51847.19,49192.04,0.0,0.0,64.3,234697.31,1069176.65,769.81,0.5904,1.744,556162.33,15941.3,15941.3,1.55,High
2024-02-16,DC002,Bengaluru AI Hub,Bengaluru,India,60,Liquid Cooling,0.09,0.62,42,4,99.95,1209711.92,844763.1,262105.41,29620.25,3494.58,68092.11,24.69,68.72,7200,5100,2100,59.44,67.49,51.97,846991.43,108874.07,23589.49,59821.23,0.0,0.0,80.08,508079.0,701632.91,435.01,0.3596,1.432,364948.82,6235.36,6235.36,1.35,Medium
2024-02-16,DC003,Delhi Enterprise DC,Delhi,India,35,Air Cooling,0.12,0.75,15,12,99.9,737692.67,424635.75,254526.1,11189.61,0.0,40512.66,25.41,51.37,4100,1892,2208,32.49,55.4,32.96,425017.77,88523.12,30543.13,47155.36,0.0,0.0,68.08,110653.9,627038.77,470.28,0.6375,1.737,313056.92,9540.87,9540.87,1.55,Medium
2024-02-16,DC004,Hyderabad Cloud DC,Hyderabad,India,50,Hybrid Cooling,0.1,0.66,35,6,99.95,1078828.97,692155.21,298330.53,20329.51,0.0,56404.32,25.84,55.66,6100,4462,1638,58.71,58.77,39.85,638827.47,107882.9,29833.05,57453.31,0.0,0.0,74.12,377590.14,701238.83,462.82,0.429,1.559,386673.76,7520.39,7520.39,1.45,Medium
2024-02-16,DC005,Pune Backup DC,Pune,India,30,Air Cooling,0.095,0.68,28,8,99.8,632076.05,365958.1,220402.33,13112.09,6599.48,32031.44,24.26,75.88,3300,2620,680,62.04,61.03,34.12,306353.55,60047.23,20938.22,34834.09,0.0,0.0,69.03,176981.3,455094.76,309.46,0.4896,1.727,266117.95,6159.89,6159.89,1.55,Medium
2024-02-17,DC001,Mumbai Core DC,Mumbai,India,45,Air Cooling,0.11,0.72,18,9,99.9,943378.06,552382.45,327247.93,24190.53,0.0,48977.48,24.93,63.07,5200,2827,2373,43.35,75.97,22.47,501626.35,103771.59,35997.27,42010.13,0.0,0.0,70.94,169808.05,773570.01,556.97,0.5904,1.708,390995.62,9590.38,9590.38,1.55,Medium
2024-02-17,DC002,Bengaluru AI Hub,Bengaluru,India,60,Liquid Cooling,0.09,0.62,42,4,99.95,1154227.28,817273.71,242377.34,23438.0,0.0,58993.82,22.7,61.17,7200,6188,1012,74.45,66.42,43.73,724071.18,103880.45,21813.96,60753.44,0.0,0.0,77.26,484775.46,669451.82,415.06,0.3596,1.412,336953.57,4581.7,4581.7,1.35,Low
2024-02-17,DC003,Delhi Enterprise DC,Delhi,India,35,Air Cooling,0.12,0.75,15,12,99.9,786651.58,422555.96,304308.83,16805.41,0.0,41132.55,29.72,64.27,4100,3178,922,60.67,56.2,20.25,403468.92,94398.19,36517.06,47074.91,0.0,0.0,64.94,117997.74,668653.84,501.49,0.6375,1.862,364095.62,15802.78,15802.78,1.55,High
2024-02-17,DC004,Hyderabad Cloud DC,Hyderabad,India,50,Hybrid Cooling,0.1,0.66,35,6,99.95,954895.87,609515.58,267269.36,20721.76,5568.18,50413.46,24.59,70.22,6100,4167,1933,52.79,82.34,24.66,601715.24,95489.59,26726.94,47860.51,0.0,0.0,76.18,334213.56,620682.32,409.65,0.429,1.567,345380.3,7109.83,7109.83,1.45,Low
2024-02-17,DC005,Pune Backup DC,Pune,India,30,Air Cooling,0.095,0.68,28,8,99.8,521836.31,301517.11,175645.14,10616.08,0.0,26744.65,25.52,51.67,3300,2230,1070,49.75,57.95,25.54,296291.24,49574.45,16686.29,28262.0,0.0,0.0,73.73,146114.17,375722.14,255.49,0.4896,1.731,220319.2,5176.05,5176.05,1.55,Medium
2024-02-18,DC001,Mumbai Core DC,Mumbai,India,45,Air Cooling,0.11,0.72,18,9,99.9,951996.25,549408.21,327031.62,16674.24,0.0,52121.97,26.03,74.05,5200,3030,2170,47.7,70.4,18.0,465175.61,104719.59,35973.48,49746.29,0.0,0.0,66.79,171359.32,780636.92,562.06,0.5904,1.733,402588.04,11045.49,11045.49,1.55,Medium
2024-02-18,DC002,Bengaluru AI Hub,Bengaluru,India,60,Liquid Cooling,0.09,0.62,42,4,99.95,1079083.15,772815.43,227144.87,25457.24,0.0,56884.37,24.46,61.15,7200,5527,1673,60.82,73.82,50.72,676642.86,97117.48,20443.04,44992.61,9.6,17339.96,76.44,453214.92,625868.23,388.04,0.3596,1.396,306267.72,3220.41,20560.36,1.35,Low
2024-02-18,DC003,Delhi Enterprise DC,Delhi,India,35,Air Cooling,0.12,0.75,15,12,99.9,805487.33,456152.86,274734.59,17457.42,0.0,41889.05,26.24,40.79,4100,3151,949,64.6,63.66,29.8,416107.52,96658.48,32968.15,41248.83,0.0,0.0,66.86,120823.1,684664.23,513.5,0.6375,1.766,349334.47,11814.05,11814.05,1.55,Medium
2024-02-18,DC004,Hyderabad Cloud DC,Hyderabad,India,50,Hybrid Cooling,0.1,0.66,35,6,99.95,931776.79,585136.78,257400.78,20875.15,0.0,51208.46,24.67,45.04,6100,3570,2530,41.52,71.03,29.39,548940.33,93177.68,25740.08,44184.95,0.0,0.0,74.98,326121.88,605654.91,399.73,0.429,1.592,346640.01,8332.85,8332.85,1.45,Low
2024-02-18,DC005,Pune Backup DC,Pune,India,30,Air Cooling,0.095,0.68,28,8,99.8,547712.45,326383.14,182488.45,10969.32,0.0,28871.85,25.75,44.21,3300,2529,771,66.59,86.25,26.99,293051.01,52032.68,17336.4,32800.19,0.0,0.0,71.05,153359.49,394352.97,268.16,0.4896,1.678,221329.31,3972.77,3972.77,1.55,Medium
2024-02-19,DC001,Mumbai Core DC,Mumbai,India,45,Air Cooling,0.11,0.72,18,9,99.9,1157476.31,648760.2,408342.01,24175.61,4810.85,63653.95,25.35,50.58,5200,3752,1448,57.16,70.59,20.07,556826.87,127322.39,44917.62,41589.47,0.0,0.0,69.67,208345.74,949130.57,683.37,0.5904,1.784,508716.11,16708.78,16708.78,1.55,High
2024-02-19,DC002,Bengaluru AI Hub,Bengaluru,India,60,Liquid Cooling,0.09,0.62,42,4,99.95,1150007.27,810157.2,232068.05,24615.74,0.0,56012.13,22.35,52.63,7200,4730,2470,55.54,77.6,50.3,780169.71,103500.65,20886.12,64808.81,6.0,8251.82,77.37,483003.05,667004.22,413.54,0.3596,1.419,339850.07,5066.55,13318.38,1.35,Low
2024-02-19,DC003,Delhi Enterprise DC,Delhi,India,35,Air Cooling,0.12,0.75,15,12,99.9,897697.13,500803.73,336864.39,17960.74,0.0,49434.04,29.09,57.17,4100,3418,682,72.2,74.24,30.08,454683.14,107723.66,40423.73,45937.09,0.0,0.0,66.2,134654.57,763042.56,572.28,0.6375,1.793,396893.4,14574.16,14574.16,1.55,Medium
2024-02-19,DC004,Hyderabad Cloud DC,Hyderabad,India,50,Hybrid Cooling,0.1,0.66,35,6,99.95,1110858.7,715959.91,312119.59,22368.15,0.0,60467.38,22.65,63.74,6100,4719,1381,61.21,41.69,40.7,653918.73,111085.87,31211.96,49141.26,0.0,0.0,75.5,388800.55,722058.16,476.56,0.429,1.552,394898.8,7271.68,7271.68,1.45,Medium
2024-02-19,DC005,Pune Backup DC,Pune,India,30,Air Cooling,0.095,0.68,28,8,99.8,611530.12,353635.05,212638.91,12976.26,0.0,32411.76,23.73,76.04,3300,2607,693,65.53,65.9,35.81,309785.66,58095.36,20200.7,32742.13,0.0,0.0,70.68,171228.43,440301.69,299.41,0.4896,1.729,257895.07,6022.6,6022.6,1.55,Medium
2024-02-20,DC001,Mumbai Core DC,Mumbai,India,45,Air Cooling,0.11,0.72,18,9,99.9,1180563.39,681649.58,408371.15,18505.31,5192.29,64714.45,24.72,62.01,5200,4784,416,78.96,74.84,20.84,561216.28,129861.97,44920.83,45997.08,0.0,0.0,68.66,212501.41,968061.98,697.0,0.5904,1.732,498913.81,13640.72,13640.72,1.55,High
2024-02-20,DC002,Bengaluru AI Hub,Bengaluru,India,60,Liquid Cooling,0.09,0.62,42,4,99.95,1227067.93,867119.8,270531.85,24969.16,0.0,61753.12,24.08,54.62,7200,6022,1178,70.15,60.83,57.35,761420.99,110436.11,24347.87,57020.0,0.0,0.0,78.01,515368.53,711699.4,441.25,0.3596,1.415,359948.13,5081.06,5081.06,1.35,Medium
2024-02-20,DC003,Delhi Enterprise DC,Delhi,India,35,Air Cooling,0.12,0.75,15,12,99.9,864151.97,467495.71,328188.96,18943.08,8628.53,47600.39,28.06,65.5,4100,3001,1099,58.1,62.82,31.8,425743.43,103698.24,39382.68,44874.93,0.0,0.0,65.1,129622.8,734529.18,550.9,0.6375,1.848,396656.27,16744.04,16744.04,1.55,Medium
2024-02-20,DC004,Hyderabad Cloud DC,Hyderabad,India,50,Hybrid Cooling,0.1,0.66,35,6,99.95,1162970.9,762863.77,325318.76,19548.75,0.0,61536.31,26.25,50.56,6100,4923,1177,70.36,74.51,35.79,641221.73,116297.09,32531.88,52318.08,0.0,0.0,73.7,407039.81,755931.08,498.91,0.429,1.524,400107.13,5681.84,5681.84,1.45,Medium
2024-02-20,DC005,Pune Backup DC,Pune,India,30,Air Cooling,0.095,0.68,28,8,99.8,632686.82,366011.45,220275.09,9594.63,0.0,34866.99,22.82,72.16,3300,2687,613,69.78,48.13,48.66,335499.45,60105.25,20926.13,37237.55,0.0,0.0,70.99,177152.31,455534.51,309.76,0.4896,1.729,266675.37,6210.06,6210.06,1.55,Medium
2024-02-21,DC001,Mumbai Core DC,Mumbai,India,45,Air Cooling,0.11,0.72,18,9,99.9,1140832.69,647671.16,404594.5,18693.34,0.0,60239.24,27.72,64.04,5200,3686,1514,60.08,77.65,29.22,564693.26,125491.6,44505.39,55737.4,0.0,0.0,67.91,205349.88,935482.81,673.55,0.5904,1.761,493161.53,15063.66,15063.66,1.55,High
2024-02-21,DC002,Bengaluru AI Hub,Bengaluru,India,60,Liquid Cooling,0.09,0.62,42,4,99.95,1315827.52,898958.83,276304.25,39257.89,0.0,72777.29,22.95,47.91,7200,6265,935,72.62,53.83,65.26,776688.12,118424.48,24867.38,65270.61,0.0,0.0,76.35,552647.56,763179.96,473.17,0.3596,1.464,416868.69,9200.98,9200.98,1.35,Medium
2024-02-21,DC003,Delhi Enterprise DC,Delhi,India,35,Air Cooling,0.12,0.75,15,12,99.9,825843.88,454506.11,325854.7,11364.43,0.0,43312.0,28.43,48.7,4100,2244,1856,41.87,62.38,29.81,459693.4,99101.27,39102.56,38276.64,0.0,0.0,70.12,123876.58,701967.3,526.48,0.6375,1.817,371337.77,14563.13,14563.13,1.55,Medium
2024-02-21,DC004,Hyderabad Cloud DC,Hyderabad,India,50,Hybrid Cooling,0.1,0.66,35,6,99.95,1028161.44,661193.39,291088.82,21232.98,5620.2,51513.88,28.82,60.53,6100,3935,2165,50.09,47.74,29.62,633885.12,102816.14,29108.88,52608.91,0.0,0.0,75.48,359856.5,668304.94,441.08,0.429,1.555,366968.05,6943.1,6943.1,1.45,Medium
2024-02-21,DC005,Pune Backup DC,Pune,India,30,Air Cooling,0.095,0.68,28,8,99.8,608104.19,348749.51,210402.95,9383.9,2817.66,31168.5,23.09,69.84,3300,2109,1191,46.73,68.14,35.31,317886.6,57769.9,19988.28,35948.77,0.0,0.0,70.52,170269.17,437835.01,297.73,0.4896,1.744,259354.67,6416.53,6416.53,1.55,Medium
2024-02-22,DC001,Mumbai Core DC,Mumbai,India,45,Air Cooling,0.11,0.72,18,9,99.9,1083654.89,627296.36,378724.36,22261.28,0.0,56688.89,28.39,59.85,5200,3035,2165,41.58,78.5,33.7,549580.82,119202.04,41659.68,53546.82,0.0,0.0,68.57,195057.88,888597.01,639.79,0.5904,1.728,456358.53,12248.01,12248.01,1.55,Medium
2024-02-22,DC002,Bengaluru AI Hub,Bengaluru,India,60,Liquid Cooling,0.09,0.62,42,4,99.95,1141513.86,821817.71,234726.87,29937.84,0.0,58678.13,22.46,48.2,7200,5359,1841,61.28,74.33,48.66,759903.2,102736.25,21125.42,64106.21,0.0,0.0,78.04,479435.82,662078.04,410.49,0.3596,1.389,319696.15,2885.4,2885.4,1.35,Low
2024-02-22,DC003,Delhi Enterprise DC,Delhi,India,35,Air Cooling,0.12,0.75,15,12,99.9,791158.91,443548.4,296015.99,16198.55,0.0,40320.91,26.71,65.96,4100,2319,1781,42.39,67.34,10.0,458709.54,94939.07,35521.92,34823.3,0.0,0.0,71.71,118673.84,672485.07,504.36,0.6375,1.784,347610.51,12439.07,12439.07,1.55,Medium
2024-02-22,DC004,Hyderabad Cloud DC,Hyderabad,India,50,Hybrid Cooling,0.1,0.66,35,6,99.95,1082535.69,687232.87,298447.75,22318.86,0.0,58876.96,26.98,35.35,6100,3721,2379,50.64,68.79,15.78,631698.36,108253.57,29844.77,44517.94,0.0,0.0,75.82,378887.49,703648.2,464.41,0.429,1.575,395302.82,8604.8,8604.8,1.45,Medium
2024-02-22,DC005,Pune Backup DC,Pune,India,30,Air Cooling,0.095,0.68,28,8,99.8,642688.21,369781.3,221043.59,13303.25,0.0,32913.33,22.77,77.05,3300,2664,636,68.09,66.61,28.93,305606.25,61055.38,20999.14,28981.45,0.0,0.0,70.54,179952.7,462735.51,314.66,0.4896,1.738,272906.9,6605.08,6605.08,1.55,Medium
2024-02-23,DC001,Mumbai Core DC,Mumbai,India,45,Air Cooling,0.11,0.72,18,9,99.9,1065012.91,603266.22,380965.66,26095.71,0.0,59115.15,26.38,59.38,5200,2340,2860,33.6,71.74,25.99,519123.04,117151.42,41906.22,51169.76,0.0,0.0,67.58,191702.32,873310.58,628.78,0.5904,1.765,461746.69,14294.53,14294.53,1.55,Medium
2024-02-23,DC002,Bengaluru AI Hub,Bengaluru,India,60,Liquid Cooling,0.09,0.62,42,4,99.95,1137956.75,806870.37,236047.03,28715.15,0.0,54710.03,22.18,76.4,7200,5228,1972,58.61,47.16,48.96,845945.09,102416.11,21244.23,53548.39,0.0,0.0,81.56,477941.84,660014.92,409.21,0.3596,1.41,331086.39,4381.36,4381.36,1.35,Low
2024-02-23,DC003,Delhi Enterprise DC,Delhi,India,35,Air Cooling,0.12,0.75,15,12,99.9,943895.26,506327.11,371412.59,22269.45,0.0,50653.97,29.69,57.42,4100,3103,997,57.7,75.9,34.82,447886.58,113267.43,44569.51,52893.98,0.0,0.0,62.9,141584.29,802310.97,601.73,0.6375,1.864,437568.16,19090.59,19090.59,1.55,High
2024-02-23,DC004,Hyderabad Cloud DC,Hyderabad,India,50,Hybrid Cooling,0.1,0.66,35,6,99.95,1180050.82,753226.22,316376.86,26985.89,0.0,63653.5,25.81,65.34,6100,5612,488,81.05,61.62,44.19,694100.52,118005.08,31637.69,51285.06,0.0,0.0,75.61,413017.79,767033.03,506.24,0.429,1.567,426824.6,8787.28,8787.28,1.45,Medium
2024-02-23,DC005,Pune Backup DC,Pune,India,30,Air Cooling,0.095,0.68,28,8,99.8,613529.96,360316.66,210424.13,15057.8,0.0,34123.2,26.6,54.83,3300,2412,888,58.86,69.83,23.42,334450.22,58285.35,19990.29,37803.69,0.0,0.0,71.27,171788.39,441741.57,300.38,0.4896,1.703,253213.31,5228.72,5228.72,1.55,Medium
2024-02-24,DC001,Mumbai Core DC,Mumbai,India,45,Air Cooling,0.11,0.72,18,9,99.9,1006734.28,568733.38,373831.84,16844.87,0.0,48939.44,28.99,58.74,5200,3365,1835,53.25,67.97,32.69,504959.93,110740.77,41121.5,56481.28,0.0,0.0,66.88,181212.17,825522.11,594.38,0.5904,1.77,438000.9,13771.73,13771.73,1.55,Medium
2024-02-24,DC002,Bengaluru AI Hub,Bengaluru,India,60,Liquid Cooling,0.09,0.62,42,4,99.95,1106297.54,746680.19,241074.91,32487.09,0.0,60345.45,21.21,61.99,7200,4842,2358,55.45,67.88,61.25,716717.86,99566.78,21696.74,71533.61,0.0,0.0,76.13,464644.96,641652.57,397.82,0.3596,1.482,359617.35,8845.14,8845.14,1.35,Low
2024-02-24,DC003,Delhi Enterprise DC,Delhi,India,35,Air Cooling,0.12,0.75,15,12,99.9,810059.71,444048.44,299886.79,17695.05,0.0,42505.73,27.77,67.86,4100,3213,887,68.05,66.19,32.16,393670.41,97207.17,35986.42,42573.08,0.0,0.0,64.49,121508.96,688550.76,516.41,0.6375,1.824,366011.27,14614.15,14614.15,1.55,Medium
2024-02-24,DC004,Hyderabad Cloud DC,Hyderabad,India,50,Hybrid Cooling,0.1,0.66,35,6,99.95,898722.9,587686.96,242680.24,19370.63,0.0,44373.03,23.92,45.08,6100,3816,2284,47.53,63.15,39.95,592856.98,89872.29,24268.02,57103.79,0.0,0.0,75.21,314553.01,584169.88,385.55,0.429,1.529,311035.93,4657.68,4657.68,1.45,Low
2024-02-24,DC005,Pune Backup DC,Pune,India,30,Air Cooling,0.095,0.68,28,8,99.8,528320.55,313327.59,177365.83,7989.3,0.0,29395.21,24.2,58.54,3300,2372,928,57.21,75.91,26.96,271311.29,50190.45,16849.75,38978.36,0.0,0.0,67.13,147929.76,380390.8,258.67,0.4896,1.686,214992.96,4052.96,4052.96,1.55,Medium
2024-02-25,DC001,Mumbai Core DC,Mumbai,India,45,Air Cooling,0.11,0.72,18,9,99.9,1052298.81,586970.77,373549.33,26122.45,3859.15,53927.13,26.34,61.54,5200,3341,1859,53.57,54.72,28.52,468808.29,115752.87,41090.43,52343.4,0.0,0.0,64.14,189413.79,862885.03,621.28,0.5904,1.793,465328.04,15674.35,15674.35,1.55,Medium
2024-02-25,DC002,Bengaluru AI Hub,Bengaluru,India,60,Liquid Cooling,0.09,0.62,42,4,99.95,1027253.98,737399.53,214031.88,20375.4,0.0,49332.32,24.5,53.39,7200,4506,2694,50.11,68.14,52.03,710838.64,92452.86,19262.87,65790.02,0.0,0.0,77.74,431446.67,595807.31,369.4,0.3596,1.393,289854.45,2858.82,2858.82,1.35,Low
2024-02-25,DC003,Delhi Enterprise DC,Delhi,India,35,Air Cooling,0.12,0.75,15,12,99.9,747987.82,409175.71,280814.2,12505.33,0.0,36161.25,26.79,61.03,4100,2610,1490,48.87,69.79,43.49,406149.35,89758.54,33697.7,40949.71,0.0,0.0,67.82,112198.17,635789.64,476.84,0.6375,1.828,338812.11,13651.86,13651.86,1.55,Medium
2024-02-25,DC004,Hyderabad Cloud DC,Hyderabad,India,50,Hybrid Cooling,0.1,0.66,35,6,99.95,1015965.76,631887.92,291192.7,23316.27,0.0,55343.05,26.53,50.84,6100,4265,1835,56.59,72.86,34.23,625236.74,101596.58,29119.27,55734.76,0.0,0.0,74.84,355588.02,660377.74,435.85,0.429,1.608,384077.84,9972.83,9972.83,1.45,Medium
2024-02-25,DC005,Pune Backup DC,Pune,India,30,Air Cooling,0.095,0.68,28,8,99.8,541079.04,305270.44,197988.3,9641.71,0.0,28824.44,27.15,69.2,3300,2381,919,58.4,64.25,19.81,281942.27,51402.51,18808.89,40698.97,0.0,0.0,67.33,151502.13,389576.91,264.91,0.4896,1.772,235808.6,6451.44,6451.44,1.55,Medium
2024-02-26,DC001,Mumbai Core DC,Mumbai,India,45,Air Cooling,0.11,0.72,18,9,99.9,1195882.63,690099.06,416068.41,19042.77,0.0,62456.26,26.21,40.4,5200,3785,1415,57.92,62.54,38.56,517922.17,131547.09,45767.52,57830.88,0.0,0.0,63.44,215258.87,980623.76,706.05,0.5904,1.733,505783.57,13885.2,13885.2,1.55,High
2024-02-26,DC002,Bengaluru AI Hub,Bengaluru,India,60,Liquid Cooling,0.09,0.62,42,4,99.95,1337275.74,930318.89,289704.93,29468.64,0.0,71573.77,25.8,71.86,7200,6580,620,75.01,78.79,55.68,803933.43,120354.82,26073.44,44712.6,0.0,0.0,79.47,561655.81,775619.93,480.88,0.3596,1.437,406956.85,7321.07,7321.07,1.35,Medium
2024-02-26,DC003,Delhi Enterprise DC,Delhi,India,35,Air Cooling,0.12,0.75,15,12,99.9,902606.0,486035.98,345834.59,21116.12,0.0,48349.1,28.88,53.11,4100,3304,796,66.06,83.47,27.99,427321.87,108312.72,41500.15,50999.17,0.0,0.0,62.72,135390.9,767215.1,575.41,0.6375,1.857,416570.02,17910.03,17910.03,1.55,High
2024-02-26,DC004,Hyderabad Cloud DC,Hyderabad,India,50,Hybrid Cooling,0.1,0.66,35,6,99.95,1080216.14,702925.29,297343.32,25106.88,0.0,52386.2,24.95,60.19,6100,4171,1929,55.99,49.93,23.92,659185.87,108021.61,29734.33,46357.23,0.0,0.0,76.58,378075.65,702140.49,463.41,0.429,1.537,377290.85,6097.45,6097.45,1.45,Medium
2024-02-26,DC005,Pune Backup DC,Pune,India,30,Air Cooling,0.095,0.68,28,8,99.8,638819.75,369277.8,215796.1,9872.99,0.0,31818.26,26.03,73.78,3300,2603,697,62.63,60.63,33.53,338607.21,60687.88,20500.63,41296.83,0.0,0.0,69.88,178869.53,459950.22,312.77,0.4896,1.73,269541.95,6311.72,6311.72,1.55,Medium
2024-02-27,DC001,Mumbai Core DC,Mumbai,India,45,Air Cooling,0.11,0.72,18,9,99.9,1208002.17,652451.79,457518.83,23144.13,0.0,66573.46,31.17,59.89,5200,3002,2198,46.21,68.15,32.62,550064.17,132880.24,50327.07,44106.54,0.0,0.0,67.82,217440.39,990561.78,713.2,0.5904,1.851,555550.39,21637.21,21637.21,1.55,High
2024-02-27,DC002,Bengaluru AI Hub,Bengaluru,India,60,Liquid Cooling,0.09,0.62,42,4,99.95,1244290.18,873156.97,248054.56,30919.85,5156.09,67880.37,23.35,46.16,7200,5673,1527,63.31,63.81,72.56,814793.89,111986.12,22324.91,48246.64,0.0,0.0,80.33,522601.88,721688.31,447.45,0.3596,1.425,371133.21,5897.54,5897.54,1.35,Medium
2024-02-27,DC003,Delhi Enterprise DC,Delhi,India,35,Air Cooling,0.12,0.75,15,12,99.9,892884.72,492669.25,334693.78,13325.47,0.0,43890.01,28.42,60.13,4100,2726,1374,55.59,72.22,20.19,440815.32,107146.17,40163.25,35775.42,0.0,0.0,67.58,133932.71,758952.01,569.21,0.6375,1.812,400215.47,15509.69,15509.69,1.55,Medium
2024-02-27,DC004,Hyderabad Cloud DC,Hyderabad,India,50,Hybrid Cooling,0.1,0.66,35,6,99.95,1124537.55,725569.56,300115.57,26789.79,0.0,59948.45,24.82,67.19,6100,5014,1086,66.81,69.35,38.17,668291.71,112453.75,30011.56,56362.92,0.0,0.0,74.74,393588.14,730949.4,482.43,0.429,1.55,398967.98,7246.17,7246.17,1.45,Medium
2024-02-27,DC005,Pune Backup DC,Pune,India,30,Air Cooling,0.095,0.68,28,8,99.8,623646.87,359971.17,212594.42,12279.22,0.0,32450.81,25.22,78.56,3300,2273,1027,52.38,68.02,29.79,313058.81,59246.45,20196.47,39049.94,0.0,0.0,68.6,174621.12,449025.75,305.34,0.4896,1.732,263675.71,6240.7,6240.7,1.55,Medium
2024-02-28,DC001,Mumbai Core DC,Mumbai,India,45,Air Cooling,0.11,0.72,18,9,99.9,1202841.19,671017.38,440447.22,28125.91,5463.23,58976.94,29.54,82.4,5200,4518,682,74.3,63.7,24.32,570973.97,132312.53,48449.19,47409.42,120.5,222436.64,29.57,216511.41,986329.78,710.16,0.5904,1.793,531823.81,17904.07,240340.71,1.55,High
2024-02-28,DC002,Bengaluru AI Hub,Bengaluru,India,60,Liquid Cooling,0.09,0.62,42,4,99.95,1211093.13,842183.52,251205.9,26793.47,0.0,64042.32,23.96,48.09,7200,4517,2683,48.36,73.49,52.35,822283.37,108998.38,22608.53,48883.89,0.0,0.0,80.8,508659.11,702434.02,435.51,0.3596,1.438,368909.61,6673.08,6673.08,1.35,Medium
2024-02-28,DC003,Delhi Enterprise DC,Delhi,India,35,Air Cooling,0.12,0.75,15,12,99.9,906340.46,500118.59,330401.84,18486.98,0.0,46025.32,28.09,39.5,4100,3291,809,67.67,74.99,40.11,447429.21,108760.86,39648.22,36077.69,0.0,0.0,67.63,135951.07,770389.39,577.79,0.6375,1.812,406221.87,15738.8,15738.8,1.55,Medium
2024-02-28,DC004,Hyderabad Cloud DC,Hyderabad,India,50,Hybrid Cooling,0.1,0.66,35,6,99.95,1062710.1,675725.74,311426.83,22936.29,0.0,56224.36,27.03,58.57,6100,4292,1808,56.75,53.78,17.43,695520.74,106271.01,31142.68,60272.53,0.0,0.0,76.05,371948.53,690761.56,455.9,0.429,1.573,386984.35,8290.78,8290.78,1.45,Medium
2024-02-28,DC005,Pune Backup DC,Pune,India,30,Air Cooling,0.095,0.68,28,8,99.8,633376.58,367685.23,216077.96,9582.81,0.0,30957.25,24.47,65.59,3300,2487,813,62.15,72.23,55.43,332719.71,60170.77,20527.41,35177.34,0.0,0.0,71.34,177345.44,456031.14,310.1,0.4896,1.723,265691.35,6029.12,6029.12,1.55,Medium
2024-02-29,DC001,Mumbai Core DC,Mumbai,India,45,Air Cooling,0.11,0.72,18,9,99.9,1103582.73,616711.42,405145.15,25819.58,0.0,62511.79,29.04,59.57,5200,3221,1979,50.56,69.46,24.07,565429.04,121394.1,44565.97,37130.09,0.0,0.0,71.96,198644.89,904937.84,651.56,0.5904,1.789,486871.31,16244.8,16244.8,1.55,High
2024-02-29,DC002,Bengaluru AI Hub,Bengaluru,India,60,Liquid Cooling,0.09,0.62,42,4,99.95,1241746.6,872719.48,268404.86,29248.39,6830.03,68410.67,22.04,58.89,7200,5454,1746,60.62,58.42,57.36,799463.38,111757.19,24156.44,53295.59,0.0,0.0,79.35,521533.57,720213.03,446.53,0.3596,1.423,369027.12,5721.78,5721.78,1.35,Medium
2024-02-29,DC003,Delhi Enterprise DC,Delhi,India,35,Air Cooling,0.12,0.75,15,12,99.9,807631.57,453667.07,294971.93,15726.53,0.0,39703.11,29.97,56.11,4100,2795,1305,53.58,87.42,19.47,431585.04,96915.79,35396.63,55054.57,0.0,0.0,64.79,121144.73,686486.83,514.87,0.6375,1.78,353964.5,12533.71,12533.71,1.55,Medium
2024-02-29,DC004,Hyderabad Cloud DC,Hyderabad,India,50,Hybrid Cooling,0.1,0.66,35,6,99.95,1170020.77,733510.33,362679.93,22922.19,0.0,60863.63,29.3,67.92,6100,4920,1180,64.73,70.52,39.69,708703.02,117002.08,36267.99,55484.31,0.0,0.0,75.66,409507.27,760513.5,501.94,0.429,1.595,436510.45,10643.08,10643.08,1.45,Medium
2024-02-29,DC005,Pune Backup DC,Pune,India,30,Air Cooling,0.095,0.68,28,8,99.8,666125.54,388447.42,230313.51,10188.34,0.0,35743.94,24.79,64.47,3300,3036,264,79.16,71.49,25.69,301388.2,63281.93,21879.78,28958.8,0.0,0.0,69.39,186515.15,479610.39,326.14,0.4896,1.715,277678.12,6083.04,6083.04,1.55,Medium
2024-03-01,DC001,Mumbai Core DC,Mumbai,India,45,Air Cooling,0.11,0.72,18,9,99.9,1298133.94,697566.98,497469.15,27748.76,0.0,65169.73,30.81,70.13,5200,4360,840,71.65,66.35,31.86,540728.9,142794.73,54721.61,58719.6,0.0,0.0,62.73,233664.11,1064469.83,766.42,0.5904,1.861,600566.96,23859.56,23859.56,1.55,High
2024-03-01,DC002,Bengaluru AI Hub,Bengaluru,India,60,Liquid Cooling,0.09,0.62,42,4,99.95,1311236.12,902536.71,302495.33,26858.54,0.0,69458.86,26.98,62.83,7200,5761,1439,66.05,64.9,56.27,749291.64,118011.25,27224.58,51888.99,0.0,0.0,77.33,550719.17,760516.95,471.52,0.3596,1.453,408699.42,8353.04,8353.04,1.35,Medium
2024-03-01,DC003,Delhi Enterprise DC,Delhi,India,35,Air Cooling,0.12,0.75,15,12,99.9,836808.41,473184.38,299743.81,16849.55,0.0,42894.13,27.03,60.55,4100,3137,963,59.15,68.4,12.75,432703.45,100417.01,35969.26,47256.5,0.0,0.0,65.87,125521.26,711287.15,533.47,0.6375,1.768,363624.03,12404.71,12404.71,1.55,Medium
2024-03-01,DC004,Hyderabad Cloud DC,Hyderabad,India,50,Hybrid Cooling,0.1,0.66,35,6,99.95,1091066.48,674233.18,329890.75,20299.06,0.0,59290.64,28.74,46.29,6100,3679,2421,48.14,58.63,44.26,639416.2,109106.65,32989.07,48019.15,0.0,0.0,75.43,381873.27,709193.21,468.07,0.429,1.618,416833.3,11342.84,11342.84,1.45,Medium
2024-03-01,DC005,Pune Backup DC,Pune,India,30,Air Cooling,0.095,0.68,28,8,99.8,578908.0,346925.2,194405.23,10012.81,3281.5,31065.34,22.45,57.59,3300,2222,1078,56.56,74.77,32.61,303117.59,54996.26,18468.5,38812.26,0.0,0.0,69.05,162094.24,416813.76,283.43,0.4896,1.669,231982.81,3911.53,3911.53,1.55,Medium
2024-03-02,DC001,Mumbai Core DC,Mumbai,India,45,Air Cooling,0.11,0.72,18,9,99.9,1054280.68,581131.1,401465.97,22613.6,0.0,56410.34,29.27,65.27,5200,3123,2077,45.54,50.94,28.69,511220.88,115970.87,44161.26,51513.88,0.0,0.0,67.24,189770.52,864510.16,622.45,0.5904,1.814,473149.59,16888.02,16888.02,1.55,Medium
2024-03-02,DC002,Bengaluru AI Hub,Bengaluru,India,60,Liquid Cooling,0.09,0.62,42,4,99.95,1178464.04,823884.88,241622.58,27856.78,10392.98,60516.74,23.61,63.32,7200,5961,1239,69.74,65.43,66.39,732588.18,106061.76,21746.03,57949.58,0.0,0.0,77.61,494954.9,683509.15,423.78,0.3596,1.43,354579.16,5959.75,5959.75,1.35,Medium
2024-03-02,DC003,Delhi Enterprise DC,Delhi,India,35,Air Cooling,0.12,0.75,15,12,99.9,822871.41,445921.53,319606.36,11315.39,0.0,46146.21,29.64,66.48,4100,2824,1276,58.33,69.39,37.35,398706.54,98744.57,38352.76,51945.74,0.0,0.0,62.21,123430.71,699440.7,524.58,0.6375,1.845,376949.88,15803.16,15803.16,1.55,Medium
2024-03-02,DC004,Hyderabad Cloud DC,Hyderabad,India,50,Hybrid Cooling,0.1,0.66,35,6,99.95,972564.69,622461.03,246477.49,27440.02,6597.56,51157.46,21.84,55.71,6100,4525,1575,57.44,70.05,23.45,626810.12,97256.47,24647.75,43811.68,0.0,0.0,77.49,340397.64,632167.05,417.23,0.429,1.562,350103.66,6999.62,6999.62,1.45,Low
2024-03-02,DC005,Pune Backup DC,Pune,India,30,Air Cooling,0.095,0.68,28,8,99.8,555546.9,328664.08,184347.64,9551.77,0.0,28072.77,21.99,56.25,3300,2618,682,62.62,60.46,25.91,299452.49,52776.96,17513.03,37902.2,0.0,0.0,69.72,155553.13,399993.77,272.0,0.4896,1.69,226882.82,4381.17,4381.17,1.55,Medium
2024-03-03,DC001,Mumbai Core DC,Mumbai,India,45,Air Cooling,0.11,0.72,18,9,99.9,1089803.58,605571.61,386869.68,21191.18,0.0,52572.99,27.07,64.46,5200,3979,1221,58.56,67.65,33.77,506704.64,119878.39,42555.66,44480.83,64.8,58547.98,56.01,196164.64,893638.93,643.42,0.5904,1.8,484231.97,16628.43,75176.41,1.55,High
2024-03-03,DC002,Bengaluru AI Hub,Bengaluru,India,60,Liquid Cooling,0.09,0.62,42,4,99.95,1145170.18,800227.98,236650.1,22271.79,6505.37,55331.68,25.93,43.46,7200,5722,1478,64.85,63.37,57.11,695829.97,103065.32,21298.51,46630.57,0.0,0.0,78.49,480971.48,664198.7,411.8,0.3596,1.431,344942.2,5837.62,5837.62,1.35,Low
2024-03-03,DC003,Delhi Enterprise DC,Delhi,India,35,Air Cooling,0.12,0.75,15,12,99.9,843656.05,467638.09,310566.05,19214.81,0.0,42818.68,29.68,47.38,4100,3556,544,70.2,75.28,37.11,410564.13,101238.73,37267.93,42346.35,0.0,0.0,65.03,126548.41,717107.64,537.83,0.6375,1.804,376017.96,14258.04,14258.04,1.55,Medium
2024-03-03,DC004,Hyderabad Cloud DC,Hyderabad,India,50,Hybrid Cooling,0.1,0.66,35,6,99.95,968941.42,606780.07,285191.31,21885.44,0.0,47559.19,27.45,59.2,6100,3970,2130,53.96,70.92,21.31,615979.18,96894.14,28519.13,46014.82,0.0,0.0,76.8,339129.5,629811.93,415.68,0.429,1.597,362161.36,8911.03,8911.03,1.45,Low
2024-03-03,DC005,Pune Backup DC,Pune,India,30,Air Cooling,0.095,0.68,28,8,99.8,549055.92,323530.52,191760.96,8909.33,0.0,28288.43,25.34,62.58,3300,2208,1092,52.17,64.09,43.21,289060.89,52160.31,18217.29,26903.89,0.0,0.0,72.65,153735.66,395320.27,268.82,0.4896,1.697,225525.4,4520.44,4520.44,1.55,Medium
2024-03-04,DC001,Mumbai Core DC,Mumbai,India,45,Air Cooling,0.11,0.72,18,9,99.9,1136059.47,645584.91,413313.88,22985.39,5576.16,59481.4,30.91,75.37,5200,3605,1595,59.31,58.85,28.55,521414.93,124966.54,45464.53,40194.06,0.0,0.0,68.32,204490.71,931568.77,670.73,0.5904,1.76,490474.57,14894.32,14894.32,1.55,High
2024-03-04,DC002,Bengaluru AI Hub,Bengaluru,India,60,Liquid Cooling,0.09,0.62,42,4,99.95,1192221.16,832074.04,254133.27,24985.22,0.0,57579.15,26.26,73.53,7200,4789,2411,55.24,69.65,61.97,801492.85,107299.9,22871.99,49376.74,0.0,0.0,80.45,500732.89,691488.27,428.72,0.3596,1.433,360147.12,6202.91,6202.91,1.35,Medium
2024-03-04,DC003,Delhi Enterprise DC,Delhi,India,35,Air Cooling,0.12,0.75,15,12,99.9,884950.38,478568.2,333718.58,15081.45,0.0,44239.95,28.93,73.83,4100,2845,1255,56.8,55.13,43.32,449075.59,106194.05,40046.23,45983.12,0.0,0.0,66.11,132742.56,752207.82,564.16,0.6375,1.849,406382.18,17180.36,17180.36,1.55,Medium
2024-03-04,DC004,Hyderabad Cloud DC,Hyderabad,India,50,Hybrid Cooling,0.1,0.66,35,6,99.95,1133856.35,720762.78,327085.44,21906.78,2772.8,54922.44,28.02,61.58,6100,5059,1041,71.52,60.03,34.31,648361.18,113385.63,32708.54,47942.51,0.0,0.0,75.12,396849.72,737006.63,486.42,0.429,1.573,413093.57,8875.03,8875.03,1.45,Medium
2024-03-04,DC005,Pune Backup DC,Pune,India,30,Air Cooling,0.095,0.68,28,8,99.8,613745.55,347408.21,226146.93,14625.91,0.0,34038.89,26.63,72.28,3300,2487,813,60.49,54.56,24.88,314411.37,58305.83,21483.96,31451.73,0.0,0.0,71.45,171848.75,441896.8,300.49,0.4896,1.767,266337.34,7149.97,7149.97,1.55,Medium
2024-03-05,DC001,Mumbai Core DC,Mumbai,India,45,Air Cooling,0.11,0.72,18,9,99.9,1234562.59,681062.9,440428.02,17628.96,8734.55,59519.31,29.21,56.58,5200,4029,1171,60.06,85.8,26.8,546436.31,135801.88,48447.08,58362.31,0.0,0.0,64.47,222221.27,1012341.32,728.89,0.5904,1.813,553499.68,19680.66,19680.66,1.55,High
2024-03-05,DC002,Bengaluru AI Hub,Bengaluru,India,60,Liquid Cooling,0.09,0.62,42,4,99.95,1239887.47,884549.62,260570.83,33571.14,0.0,61166.68,22.95,58.76,7200,6624,576,77.88,68.14,64.21,800807.4,111589.87,23451.37,61073.94,0.0,0.0,78.44,520752.74,719134.73,445.86,0.3596,1.402,355337.85,4117.09,4117.09,1.35,Medium
2024-03-05,DC003,Delhi Enterprise DC,Delhi,India,35,Air Cooling,0.12,0.75,15,12,99.9,975115.95,529263.55,369609.35,20543.37,0.0,52680.3,31.08,69.92,4100,3772,328,77.2,66.87,38.44,449141.69,117013.91,44353.12,41806.94,0.0,0.0,64.64,146267.39,828848.55,621.64,0.6375,1.842,445852.4,18570.89,18570.89,1.55,Medium
2024-03-05,DC004,Hyderabad Cloud DC,Hyderabad,India,50,Hybrid Cooling,0.1,0.66,35,6,99.95,991717.02,639721.57,280456.5,21946.96,5614.68,53636.33,26.18,46.1,6100,3099,3001,37.9,65.17,47.94,675147.47,99171.7,28045.65,41622.75,0.0,0.0,79.15,347100.96,644616.06,425.45,0.429,1.55,351995.44,6412.07,6412.07,1.45,Medium
2024-03-05,DC005,Pune Backup DC,Pune,India,30,Air Cooling,0.095,0.68,28,8,99.8,565207.01,325300.99,198299.09,11408.74,0.0,28790.17,23.52,48.83,3300,1757,1543,37.63,67.3,32.23,327761.12,53694.67,18838.41,31867.32,0.0,0.0,73.9,158257.96,406949.04,276.73,0.4896,1.737,239906.01,5794.09,5794.09,1.55,Medium
2024-03-06,DC001,Mumbai Core DC,Mumbai,India,45,Air Cooling,0.11,0.72,18,9,99.9,1146760.98,641310.77,410631.04,16874.52,0.0,58869.13,25.29,53.86,5200,3236,1964,44.67,55.88,30.64,522423.99,126143.71,45169.41,38442.79,0.0,0.0,68.5,206416.98,940344.0,677.05,0.5904,1.788,505450.2,16800.22,16800.22,1.55,High
2024-03-06,DC002,Bengaluru AI Hub,Bengaluru,India,60,Liquid Cooling,0.09,0.62,42,4,99.95,1387428.15,959748.48,295940.93,32058.09,0.0,67245.14,24.95,62.58,7200,6624,576,84.79,55.2,59.59,791546.56,124868.53,26634.68,69701.93,0.0,0.0,75.42,582719.82,804708.33,498.92,0.3596,1.446,427679.67,8259.09,8259.09,1.35,Medium
2024-03-06,DC003,Delhi Enterprise DC,Delhi,India,35,Air Cooling,0.12,0.75,15,12,99.9,897519.52,495521.29,346467.89,15401.62,0.0,49204.5,30.7,50.07,4100,2803,1297,52.81,77.71,41.63,421519.91,107702.34,41576.15,44819.85,0.0,0.0,63.82,134627.93,762891.59,572.17,0.6375,1.811,401998.22,15535.38,15535.38,1.55,Medium
2024-03-06,DC004,Hyderabad Cloud DC,Hyderabad,India,50,Hybrid Cooling,0.1,0.66,35,6,99.95,1103739.29,699052.92,323384.66,28583.68,0.0,58436.11,25.37,82.43,6100,4129,1971,53.41,69.31,28.52,674140.64,110373.93,32338.47,45134.52,0.0,0.0,76.93,386308.75,717430.54,473.5,0.429,1.579,404686.37,9011.26,9011.26,1.45,Medium
2024-03-06,DC005,Pune Backup DC,Pune,India,30,Air Cooling,0.095,0.68,28,8,99.8,538733.54,312528.55,177381.58,13632.93,0.0,26549.94,26.35,67.6,3300,1525,1775,31.95,74.8,31.38,310533.92,51179.69,16851.25,36610.18,0.0,0.0,71.73,150845.39,387888.15,263.76,0.4896,1.724,226204.99,5159.86,5159.86,1.55,Medium
2024-03-07,DC001,Mumbai Core DC,Mumbai,India,45,Air Cooling,0.11,0.72,18,9,99.9,1087108.37,601830.63,407331.52,16397.67,2840.69,53202.36,32.17,45.93,5200,2340,2860,25.91,71.45,32.67,561498.58,119581.92,44806.47,45430.79,94.6,106468.14,51.65,195679.51,891428.86,641.83,0.5904,1.806,485277.74,16969.8,123437.94,1.55,High
2024-03-07,DC002,Bengaluru AI Hub,Bengaluru,India,60,Liquid Cooling,0.09,0.62,42,4,99.95,1240066.97,842416.03,267758.89,32467.78,0.0,61529.77,21.63,62.13,7200,5506,1694,64.92,51.93,63.21,788604.67,111606.03,24098.3,70542.27,0.0,0.0,76.9,520828.13,719238.84,445.93,0.3596,1.472,397650.93,9252.48,9252.48,1.35,Medium
2024-03-07,DC003,Delhi Enterprise DC,Delhi,India,35,Air Cooling,0.12,0.75,15,12,99.9,923626.59,509136.66,343452.29,20139.95,0.0,46589.77,31.51,73.71,4100,3138,962,64.26,52.26,26.72,414958.4,110835.19,41214.28,47506.79,0.0,0.0,61.84,138543.99,785082.6,588.81,0.6375,1.814,414489.92,16135.77,16135.77,1.55,Medium
2024-03-07,DC004,Hyderabad Cloud DC,Hyderabad,India,50,Hybrid Cooling,0.1,0.66,35,6,99.95,1182175.88,735022.23,335010.85,32489.38,0.0,63253.76,30.38,54.38,6100,4730,1370,60.6,76.85,30.23,698076.43,118217.59,33501.08,50164.45,0.0,0.0,75.88,413761.56,768414.32,507.15,0.429,1.608,447153.65,11639.36,11639.36,1.45,Medium
2024-03-07,DC005,Pune Backup DC,Pune,India,30,Air Cooling,0.095,0.68,28,8,99.8,655022.06,369521.01,232516.11,10897.32,0.0,36865.89,26.46,79.94,3300,2818,482,68.83,63.17,29.72,315413.13,62227.1,22089.03,40353.82,0.0,0.0,67.48,183406.18,471615.88,320.7,0.4896,1.773,285501.04,7815.13,7815.13,1.55,Medium
2024-03-08,DC001,Mumbai Core DC,Mumbai,India,45,Air Cooling,0.11,0.72,18,9,99.9,1218266.53,685771.61,434161.28,27370.04,0.0,65069.6,30.72,46.76,5200,3655,1545,58.08,71.54,32.62,558950.86,134009.32,47757.74,42123.03,0.0,0.0,68.49,219287.97,998978.55,719.26,0.5904,1.776,532494.91,17085.26,17085.26,1.55,High
2024-03-08,DC002,Bengaluru AI Hub,Bengaluru,India,60,Liquid Cooling,0.09,0.62,42,4,99.95,1225754.72,851658.8,261275.65,36827.51,4963.78,65587.01,25.06,53.07,7200,5864,1336,64.42,70.54,60.55,813063.57,110317.92,23514.81,61509.69,0.0,0.0,78.87,514816.98,710937.74,440.78,0.3596,1.439,374095.92,6841.38,6841.38,1.35,Medium
2024-03-08,DC003,Delhi Enterprise DC,Delhi,India,35,Air Cooling,0.12,0.75,15,12,99.9,868474.61,468027.18,335998.59,15094.09,0.0,41712.42,30.27,62.39,4100,2754,1346,50.77,82.9,38.13,466777.83,104216.95,40319.83,42462.54,0.0,0.0,68.58,130271.19,738203.42,553.65,0.6375,1.856,400447.43,17163.9,17163.9,1.55,High
2024-03-08,DC004,Hyderabad Cloud DC,Hyderabad,India,50,Hybrid Cooling,0.1,0.66,35,6,99.95,1154848.38,720664.47,330118.77,25959.96,0.0,64592.91,27.29,61.48,6100,4970,1130,64.31,54.15,32.93,679372.86,115484.84,33011.88,38971.37,0.0,0.0,77.26,404196.93,750651.45,495.43,0.429,1.602,434183.91,10988.49,10988.49,1.45,Medium
2024-03-08,DC005,Pune Backup DC,Pune,India,30,Air Cooling,0.095,0.68,28,8,99.8,613988.25,366037.41,205741.98,14600.94,0.0,33116.73,23.24,68.94,3300,2921,379,70.77,66.15,38.62,333569.92,58328.88,19545.49,41403.58,0.0,0.0,70.1,171916.71,442071.54,300.61,0.4896,1.677,247950.84,4429.87,4429.87,1.55,Medium
2024-03-09,DC001,Mumbai Core DC,Mumbai,India,45,Air Cooling,0.11,0.72,18,9,99.9,1034970.52,587630.88,379523.96,25368.37,0.0,56425.54,28.79,63.26,5200,3611,1589,57.87,79.94,23.54,468897.04,113846.76,41747.64,47008.89,0.0,0.0,65.69,186294.69,848675.83,611.05,0.5904,1.761,447339.65,13655.69,13655.69,1.55,Medium
2024-03-09,DC002,Bengaluru AI Hub,Bengaluru,India,60,Liquid Cooling,0.09,0.62,42,4,99.95,1136568.86,789393.31,233381.3,27638.78,4555.49,55140.2,25.06,55.4,7200,6618,582,74.33,49.31,56.8,760706.29,102291.2,21004.32,58655.57,0.0,0.0,78.84,477358.92,659209.94,408.71,0.3596,1.44,347175.55,6379.91,6379.91,1.35,Low
2024-03-09,DC003,Delhi Enterprise DC,Delhi,India,35,Air Cooling,0.12,0.75,15,12,99.9,828741.38,443190.3,322346.44,12720.68,0.0,46826.42,30.94,72.77,4100,3165,935,59.82,82.42,44.86,387248.13,99448.97,38681.57,45792.58,0.0,0.0,62.49,124311.21,704430.18,528.32,0.6375,1.87,385551.08,17015.57,17015.57,1.55,High
2024-03-09,DC004,Hyderabad Cloud DC,Hyderabad,India,50,Hybrid Cooling,0.1,0.66,35,6,99.95,947045.56,618710.17,252437.51,21577.06,0.0,51072.58,24.84,46.17,6100,3716,2384,48.62,67.22,34.06,586572.14,94704.56,25243.75,51182.65,0.0,0.0,75.13,331465.95,615579.62,406.28,0.429,1.531,328335.39,4991.58,4991.58,1.45,Low
2024-03-09,DC005,Pune Backup DC,Pune,India,30,Air Cooling,0.095,0.68,28,8,99.8,527772.16,299697.98,185280.27,10625.27,0.0,27139.17,27.9,45.38,3300,1621,1679,36.19,80.43,38.12,270300.75,50138.36,17601.63,44631.96,0.0,0.0,64.94,147776.21,379995.96,258.4,0.4896,1.761,228074.18,6007.83,6007.83,1.55,Medium
2024-03-10,DC001,Mumbai Core DC,Mumbai,India,45,Air Cooling,0.11,0.72,18,9,99.9,991977.63,547813.27,366514.92,16746.85,0.0,54096.82,28.8,70.98,5200,2340,2860,32.41,51.54,30.87,524644.57,109117.54,40316.64,48161.05,0.0,0.0,70.02,178555.97,813421.66,585.66,0.5904,1.811,444164.36,15715.38,15715.38,1.55,Medium
2024-03-10,DC002,Bengaluru AI Hub,Bengaluru,India,60,Liquid Cooling,0.09,0.62,42,4,99.95,1184308.78,817317.04,245554.19,32493.23,0.0,66821.43,26.73,57.06,7200,5824,1376,69.92,60.49,59.29,676311.83,106587.79,22099.88,48162.97,0.0,0.0,77.12,497409.69,686899.09,425.88,0.3596,1.449,366991.74,7283.77,7283.77,1.35,Medium
2024-03-10,DC003,Delhi Enterprise DC,Delhi,India,35,Air Cooling,0.12,0.75,15,12,99.9,821696.38,447601.35,308747.14,13532.47,9807.21,39500.0,29.67,72.8,4100,2958,1142,60.54,51.13,38.17,392207.93,98603.57,37049.66,46298.63,0.0,0.0,63.05,123254.46,698441.92,523.83,0.6375,1.836,374095.03,15349.71,15349.71,1.55,Medium
2024-03-10,DC004,Hyderabad Cloud DC,Hyderabad,India,50,Hybrid Cooling,0.1,0.66,35,6,99.95,983435.53,618589.73,282063.7,19330.43,8994.09,52931.58,27.76,49.37,6100,4580,1520,59.82,70.43,36.86,623276.08,98343.55,28206.37,52144.65,0.0,0.0,75.86,344202.44,639233.1,421.89,0.429,1.59,364845.81,8648.04,8648.04,1.45,Medium
2024-03-10,DC005,Pune Backup DC,Pune,India,30,Air Cooling,0.095,0.68,28,8,99.8,487927.95,284068.72,174980.9,8922.5,0.0,24869.36,21.91,52.04,3300,1523,1777,31.22,67.8,31.67,269912.63,46353.16,16623.19,39590.18,0.0,0.0,68.16,136619.83,351308.12,238.89,0.4896,1.718,203859.23,4524.04,4524.04,1.55,Medium
2024-03-11,DC001,Mumbai Core DC,Mumbai,India,45,Air Cooling,0.11,0.72,18,9,99.9,1205383.73,702128.85,418695.76,21834.98,0.0,58152.2,27.7,69.77,5200,4202,998,68.83,59.79,25.01,512596.01,132592.21,46056.53,49385.38,0.0,0.0,64.5,216969.07,988414.65,711.66,0.5904,1.717,503254.88,12879.24,12879.24,1.55,High
2024-03-11,DC002,Bengaluru AI Hub,Bengaluru,India,60,Liquid Cooling,0.09,0.62,42,4,99.95,1143564.19,807119.4,244292.77,31330.18,0.0,56463.09,22.72,55.92,7200,4883,2317,55.24,77.69,54.32,849771.81,102920.78,21986.35,49535.08,0.0,0.0,82.06,480296.96,663267.23,411.23,0.3596,1.417,336444.79,4855.77,4855.77,1.35,Low
2024-03-11,DC003,Delhi Enterprise DC,Delhi,India,35,Air Cooling,0.12,0.75,15,12,99.9,973990.21,505557.57,393878.94,19895.78,0.0,47243.67,32.77,66.88,4100,3199,901,65.66,52.44,33.41,448857.34,116878.83,47265.47,43046.43,0.0,0.0,64.37,146098.53,827891.68,620.92,0.6375,1.927,468432.64,22845.12,22845.12,1.55,High
2024-03-11,DC004,Hyderabad Cloud DC,Hyderabad,India,50,Hybrid Cooling,0.1,0.66,35,6,99.95,1083129.59,682553.41,303080.74,23250.89,0.0,57850.28,25.2,52.22,6100,3642,2458,48.11,71.59,45.69,700099.48,108312.96,30308.07,51500.44,0.0,0.0,77.17,379095.35,704034.23,464.66,0.429,1.587,400576.18,9342.71,9342.71,1.45,Medium
2024-03-11,DC005,Pune Backup DC,Pune,India,30,Air Cooling,0.095,0.68,28,8,99.8,576802.52,338902.34,195839.96,9832.56,0.0,31898.76,26.97,59.01,3300,1968,1332,42.84,84.52,22.58,332059.28,54796.24,18604.8,41964.64,0.0,0.0,70.86,161504.71,415297.82,282.4,0.4896,1.702,237900.18,4892.87,4892.87,1.55,Medium
2024-03-12,DC001,Mumbai Core DC,Mumbai,India,45,Air Cooling,0.11,0.72,18,9,99.9,1159914.3,670741.07,394208.11,17140.17,0.0,61261.03,26.39,61.13,5200,4088,1112,66.74,78.61,38.54,528314.18,127590.57,43362.89,37590.13,0.0,0.0,68.73,208784.57,951129.73,684.81,0.5904,1.729,489173.23,13229.22,13229.22,1.55,High
2024-03-12,DC002,Bengaluru AI Hub,Bengaluru,India,60,Liquid Cooling,0.09,0.62,42,4,99.95,1153754.72,798267.54,257105.22,21296.65,0.0,64337.32,24.54,76.02,7200,5166,2034,54.93,77.11,51.3,832858.34,103837.92,23139.47,55539.48,0.0,0.0,80.86,484576.98,669177.74,414.89,0.3596,1.445,355487.17,6848.42,6848.42,1.35,Low
2024-03-12,DC003,Delhi Enterprise DC,Delhi,India,35,Air Cooling,0.12,0.75,15,12,99.9,905955.03,488010.56,347014.98,17326.91,3267.11,44379.65,29.25,59.14,4100,2842,1258,54.01,66.99,42.37,458702.34,108714.6,41641.8,44564.61,0.0,0.0,66.58,135893.26,770061.78,577.55,0.6375,1.856,417944.48,17944.64,17944.64,1.55,High
2024-03-12,DC004,Hyderabad Cloud DC,Hyderabad,India,50,Hybrid Cooling,0.1,0.66,35,6,99.95,1158961.82,722934.08,326479.59,23491.09,0.0,60349.04,26.88,68.44,6100,4932,1168,63.09,60.6,35.06,660931.02,115896.18,32647.96,55128.67,0.0,0.0,74.12,405636.64,753325.18,497.19,0.429,1.603,436027.73,11070.74,11070.74,1.45,Medium
2024-03-12,DC005,Pune Backup DC,Pune,India,30,Air Cooling,0.095,0.68,28,8,99.8,619652.57,348443.23,219914.31,9092.08,0.0,32688.55,26.23,56.21,3300,1830,1470,45.19,51.53,37.07,304520.12,58866.99,20891.86,35846.75,0.0,0.0,68.9,173502.72,446149.85,303.38,0.4896,1.778,271209.34,7558.73,7558.73,1.55,Medium
2024-03-13,DC001,Mumbai Core DC,Mumbai,India,45,Air Cooling,0.11,0.72,18,9,99.9,1195496.17,656388.1,465820.6,19500.77,0.0,63888.51,31.16,47.35,5200,4342,858,70.37,73.85,18.59,573377.85,131504.58,51240.27,44051.79,0.0,0.0,69.38,215189.31,980306.86,705.82,0.5904,1.821,539108.08,19590.41,19590.41,1.55,High
2024-03-13,DC002,Bengaluru AI Hub,Bengaluru,India,60,Liquid Cooling,0.09,0.62,42,4,99.95,1202274.23,810455.16,261884.45,33556.75,8437.1,58307.15,24.59,68.54,7200,4681,2519,48.28,68.68,36.97,805468.87,108204.68,23569.6,57765.01,0.0,0.0,79.39,504955.18,697319.05,432.34,0.3596,1.483,391819.08,9734.38,9734.38,1.35,Medium
2024-03-13,DC003,Delhi Enterprise DC,Delhi,India,35,Air Cooling,0.12,0.75,15,12,99.9,905668.77,498320.57,349865.69,13562.57,0.0,50108.45,29.97,43.72,4100,3414,686,68.16,73.01,35.5,454875.01,108680.25,41983.88,41346.88,0.0,0.0,67.02,135850.32,769818.45,577.36,0.6375,1.817,407348.2,15992.63,15992.63,1.55,Medium
2024-03-13,DC004,Hyderabad Cloud DC,Hyderabad,India,50,Hybrid Cooling,0.1,0.66,35,6,99.95,1165647.61,731768.44,315810.28,31120.5,0.0,56065.43,26.8,56.98,6100,4831,1269,67.62,52.71,44.17,665563.38,116564.76,31581.03,42326.39,27.0,43605.11,69.58,407976.66,757670.95,500.06,0.429,1.593,433879.18,10458.34,54063.44,1.45,High
2024-03-13,DC005,Pune Backup DC,Pune,India,30,Air Cooling,0.095,0.68,28,8,99.8,618415.74,358168.48,215834.3,9055.32,0.0,34108.82,25.52,81.49,3300,2579,721,63.38,80.41,42.56,337090.64,58749.5,20504.26,34654.04,0.0,0.0,72.29,173156.41,445259.33,302.78,0.4896,1.727,260247.27,6009.19,6009.19,1.55,Medium
2024-03-14,DC001,Mumbai Core DC,Mumbai,India,45,Air Cooling,0.11,0.72,18,9,99.9,1180399.66,638709.87,464881.0,25250.86,0.0,56858.0,32.5,60.32,5200,3288,1912,51.58,73.45,45.18,566343.57,129843.96,51136.91,46693.65,0.0,0.0,68.83,212471.94,967927.72,696.91,0.5904,1.848,541689.79,20943.93,20943.93,1.55,High
2024-03-14,DC002,Bengaluru AI Hub,Bengaluru,India,60,Liquid Cooling,0.09,0.62,42,4,99.95,1171978.75,832563.77,251846.18,30758.17,0.0,59570.76,24.39,54.62,7200,5781,1419,62.51,62.03,38.1,835950.83,105478.09,22666.16,72093.52,0.0,0.0,78.76,492231.08,679747.68,421.44,0.3596,1.408,339414.99,4321.59,4321.59,1.35,Medium
2024-03-14,DC003,Delhi Enterprise DC,Delhi,India,35,Air Cooling,0.12,0.75,15,12,99.9,908283.67,485176.74,336167.21,15728.47,7256.26,44947.48,30.59,44.46,4100,3247,853,64.26,68.94,24.31,410967.84,108994.04,40340.07,41547.35,0.0,0.0,63.37,136242.55,772041.12,579.03,0.6375,1.872,423106.93,18751.17,18751.17,1.55,High
2024-03-14,DC004,Hyderabad Cloud DC,Hyderabad,India,50,Hybrid Cooling,0.1,0.66,35,6,99.95,1129476.84,710857.23,311922.47,23886.03,0.0,59229.97,26.37,47.68,6100,5140,960,66.44,42.76,31.55,702190.14,112947.68,31192.25,55932.44,0.0,0.0,75.95,395316.89,734159.95,484.55,0.429,1.589,418619.61,9873.39,9873.39,1.45,Medium
2024-03-14,DC005,Pune Backup DC,Pune,India,30,Air Cooling,0.095,0.68,28,8,99.8,559157.9,331358.5,190554.61,11400.37,0.0,31662.14,25.87,40.73,3300,2031,1269,50.06,59.66,25.79,317208.49,53120.0,18102.69,35018.03,0.0,0.0,72.21,156564.21,402593.69,273.76,0.4896,1.687,227799.4,4327.46,4327.46,1.55,Medium
2024-03-15,DC001,Mumbai Core DC,Mumbai,India,45,Air Cooling,0.11,0.72,18,9,99.9,1123842.34,635018.59,384862.79,19340.02,7478.26,63664.78,25.43,62.85,5200,3385,1815,54.36,70.84,34.75,554176.94,123622.66,42334.91,56182.24,112.1,120587.21,45.79,202291.62,921550.72,663.52,0.5904,1.77,488823.75,15351.99,135939.2,1.55,High
2024-03-15,DC002,Bengaluru AI Hub,Bengaluru,India,60,Liquid Cooling,0.09,0.62,42,4,99.95,1184500.58,828027.74,266397.45,22457.27,0.0,65367.0,24.07,65.41,7200,4745,2455,54.93,91.81,57.99,745332.32,106605.05,23975.77,69729.58,0.0,0.0,76.34,497490.24,687010.33,425.95,0.3596,1.431,356472.83,5999.68,5999.68,1.35,Medium
2024-03-15,DC003,Delhi Enterprise DC,Delhi,India,35,Air Cooling,0.12,0.75,15,12,99.9,898687.4,489014.01,342156.6,12701.48,0.0,48910.99,32.5,55.24,4100,2944,1156,55.96,64.78,38.76,425978.68,107842.49,41058.79,35363.45,0.0,0.0,66.38,134803.11,763884.29,572.91,0.6375,1.838,409673.39,16885.88,16885.88,1.55,Medium
2024-03-15,DC004,Hyderabad Cloud DC,Hyderabad,India,50,Hybrid Cooling,0.1,0.66,35,6,99.95,1094455.52,704721.35,305796.43,31070.21,0.0,59489.89,22.41,59.32,6100,4682,1418,63.66,67.79,24.0,619387.65,109445.55,30579.64,52217.9,0.0,0.0,73.9,383059.43,711396.09,469.52,0.429,1.553,389734.17,7260.96,7260.96,1.45,Medium
2024-03-15,DC005,Pune Backup DC,Pune,India,30,Air Cooling,0.095,0.68,28,8,99.8,610521.78,354199.28,205767.26,10175.12,3290.05,31079.79,25.1,66.94,3300,2389,911,60.28,63.84,24.53,317263.92,57999.57,19547.89,35480.7,0.0,0.0,70.54,170946.1,439575.68,298.91,0.4896,1.724,256322.5,5843.73,5843.73,1.55,Medium
2024-03-16,DC001,Mumbai Core DC,Mumbai,India,45,Air Cooling,0.11,0.72,18,9,99.9,1024371.35,575420.72,353137.22,15856.18,9653.07,52918.33,28.52,53.63,5200,3719,1481,54.28,76.34,24.91,491698.88,112680.85,38845.09,58284.02,0.0,0.0,65.23,184386.84,839984.5,604.79,0.5904,1.78,448950.62,14571.61,14571.61,1.55,Medium
2024-03-16,DC002,Bengaluru AI Hub,Bengaluru,India,60,Liquid Cooling,0.09,0.62,42,4,99.95,989652.57,680648.24,213225.77,23317.36,0.0,48142.1,23.26,63.81,7200,3960,3240,42.16,53.77,51.28,727758.36,89068.73,19190.32,59292.62,0.0,0.0,79.61,415654.08,573998.49,355.88,0.3596,1.454,309004.32,6369.97,6369.97,1.35,Low
2024-03-16,DC003,Delhi Enterprise DC,Delhi,India,35,Air Cooling,0.12,0.75,15,12,99.9,842605.89,451271.28,314357.65,16733.62,3403.81,40506.95,28.4,52.41,4100,3633,467,77.12,63.22,27.59,385770.85,101112.71,37722.92,46448.63,0.0,0.0,61.75,126390.88,716215.01,537.16,0.6375,1.867,391334.61,17176.25,17176.25,1.55,High
2024-03-16,DC004,Hyderabad Cloud DC,Hyderabad,India,50,Hybrid Cooling,0.1,0.66,35,6,99.95,983038.42,629774.86,282459.36,25879.22,0.0,48066.55,25.35,44.19,6100,4015,2085,49.32,56.76,30.98,602982.16,98303.84,28245.94,44910.23,41.4,79643.87,63.04,344063.45,638974.97,421.72,0.429,1.561,353263.56,6986.49,86630.36,1.45,High
2024-03-16,DC005,Pune Backup DC,Pune,India,30,Air Cooling,0.095,0.68,28,8,99.8,540918.18,321804.04,185782.46,8185.52,0.0,30481.01,24.13,49.1,3300,2389,911,59.99,61.33,36.41,289945.0,51387.23,17649.33,34450.19,0.0,0.0,70.4,151457.09,389461.09,264.83,0.4896,1.681,219114.14,4001.58,4001.58,1.55,Medium
2024-03-17,DC001,Mumbai Core DC,Mumbai,India,45,Air Cooling,0.11,0.72,18,9,99.9,1094549.61,612461.44,406939.1,22101.34,0.0,57363.74,29.34,59.21,5200,3930,1270,59.89,84.34,43.27,481200.58,120400.46,44763.3,60905.57,0.0,0.0,62.32,197018.93,897530.68,646.22,0.5904,1.787,482088.17,15975.78,15975.78,1.55,Medium
2024-03-17,DC002,Bengaluru AI Hub,Bengaluru,India,60,Liquid Cooling,0.09,0.62,42,4,99.95,1070103.99,738646.0,239101.13,20193.71,0.0,57806.93,24.6,59.82,7200,4423,2777,49.29,61.72,54.58,685500.19,96309.36,21519.1,51919.45,7.4,8067.86,77.2,449443.68,620660.32,384.81,0.3596,1.449,331458.0,6563.87,14631.73,1.35,Low
2024-03-17,DC003,Delhi Enterprise DC,Delhi,India,35,Air Cooling,0.12,0.75,15,12,99.9,794030.75,414540.86,315009.49,17270.44,0.0,43603.82,31.42,53.08,4100,2464,1636,44.86,72.09,19.68,396884.46,95283.69,37801.14,43690.65,0.0,0.0,64.98,119104.61,674926.13,506.19,0.6375,1.915,379489.88,18179.09,18179.09,1.55,High
2024-03-17,DC004,Hyderabad Cloud DC,Hyderabad,India,50,Hybrid Cooling,0.1,0.66,35,6,99.95,1003784.42,647733.76,292394.51,18906.48,0.0,51233.96,28.15,62.59,6100,4148,1952,54.67,64.44,35.87,557627.64,100378.44,29239.45,56997.93,0.0,0.0,71.78,351324.55,652459.88,430.62,0.429,1.55,356050.67,6457.05,6457.05,1.45,Medium
2024-03-17,DC005,Pune Backup DC,Pune,India,30,Air Cooling,0.095,0.68,28,8,99.8,548092.64,314598.43,191265.56,9548.01,8366.15,29160.83,23.78,67.85,3300,2484,816,63.24,62.47,36.14,305518.9,52068.8,18170.23,43627.32,0.0,0.0,68.68,153465.94,394626.7,268.35,0.4896,1.742,233494.21,5744.18,5744.18,1.55,Medium
2024-03-18,DC001,Mumbai Core DC,Mumbai,India,45,Air Cooling,0.11,0.72,18,9,99.9,1114219.0,621929.92,421033.63,21858.42,0.0,62271.24,30.53,62.98,5200,3890,1310,57.95,54.9,10.32,558681.51,122564.09,46313.7,48588.5,0.0,0.0,69.36,200559.42,913659.58,657.83,0.5904,1.792,492289.08,16525.04,16525.04,1.55,High
2024-03-18,DC002,Bengaluru AI Hub,Bengaluru,India,60,Liquid Cooling,0.09,0.62,42,4,99.95,1263266.09,879111.8,275322.3,36204.38,0.0,63471.92,27.22,66.43,7200,5882,1318,64.91,58.34,51.79,823376.48,113693.95,24779.01,59678.52,0.0,0.0,78.94,530571.76,732694.33,454.27,0.3596,1.437,384154.29,6881.86,6881.86,1.35,Medium
2024-03-18,DC003,Delhi Enterprise DC,Delhi,India,35,Air Cooling,0.12,0.75,15,12,99.9,972501.18,511829.07,384020.2,18079.39,0.0,47837.85,30.81,40.71,4100,3350,750,64.38,74.26,29.39,467170.88,116700.14,46082.42,35885.15,87.0,176571.16,29.54,145875.18,826626.01,619.97,0.6375,1.9,460672.12,21499.94,198071.09,1.55,High
2024-03-18,DC004,Hyderabad Cloud DC,Hyderabad,India,50,Hybrid Cooling,0.1,0.66,35,6,99.95,1078031.84,671898.98,316445.8,25671.4,0.0,60011.09,27.44,61.06,6100,3561,2539,43.25,69.54,32.68,647388.92,107803.18,31644.58,54628.85,0.0,0.0,74.91,377311.15,700720.7,462.48,0.429,1.604,406132.86,10377.83,10377.83,1.45,Medium
2024-03-18,DC005,Pune Backup DC,Pune,India,30,Air Cooling,0.095,0.68,28,8,99.8,613631.48,345951.27,218732.43,12968.74,0.0,34169.35,25.76,71.99,3300,2142,1158,51.68,63.76,16.8,294850.41,58294.99,20779.58,29934.52,0.0,0.0,70.08,171816.82,441814.67,300.43,0.4896,1.774,267680.22,7353.67,7353.67,1.55,Medium
2024-03-19,DC001,Mumbai Core DC,Mumbai,India,45,Air Cooling,0.11,0.72,18,9,99.9,1141456.24,648545.05,412894.45,26033.2,2737.08,60612.55,27.72,75.86,5200,3669,1531,52.63,66.16,31.74,522862.41,125560.19,45418.39,58256.15,0.0,0.0,64.84,205462.12,935994.12,673.92,0.5904,1.76,492911.2,14983.26,14983.26,1.55,High
2024-03-19,DC002,Bengaluru AI Hub,Bengaluru,India,60,Liquid Cooling,0.09,0.62,42,4,99.95,1210101.16,843549.25,252862.69,26115.63,0.0,66511.77,25.96,66.98,7200,4656,2544,54.29,60.97,56.84,802965.77,108909.1,22757.64,68207.03,0.0,0.0,77.94,508242.49,701858.67,435.15,0.3596,1.435,366551.91,6417.87,6417.87,1.35,Medium
2024-03-19,DC003,Delhi Enterprise DC,Delhi,India,35,Air Cooling,0.12,0.75,15,12,99.9,924089.69,514783.45,337275.18,16244.99,0.0,47952.75,28.8,52.75,4100,3702,398,74.59,60.33,28.98,433183.25,110890.76,40473.02,38636.12,0.0,0.0,65.48,138613.45,785476.24,589.11,0.6375,1.795,409306.24,15141.04,15141.04,1.55,Medium
2024-03-19,DC004,Hyderabad Cloud DC,Hyderabad,India,50,Hybrid Cooling,0.1,0.66,35,6,99.95,1182375.34,743909.16,333358.72,31571.72,0.0,63783.92,24.66,62.76,6100,5173,927,71.58,73.37,36.06,664379.69,118237.53,33335.87,46960.1,0.0,0.0,75.14,413831.37,768543.97,507.24,0.429,1.589,438466.19,10370.71,10370.71,1.45,Medium
2024-03-19,DC005,Pune Backup DC,Pune,India,30,Air Cooling,0.095,0.68,28,8,99.8,590223.0,345125.29,190726.11,12486.82,0.0,28851.34,24.2,63.06,3300,2336,964,56.57,63.61,41.41,313972.63,56071.18,18118.98,33005.24,0.0,0.0,71.63,165262.44,424960.56,288.97,0.4896,1.71,245097.71,5251.49,5251.49,1.55,Medium
2024-03-20,DC001,Mumbai Core DC,Mumbai,India,45,Air Cooling,0.11,0.72,18,9,99.9,1201131.4,672548.11,449697.71,20918.45,0.0,57576.13,27.38,56.12,5200,4167,1033,63.88,67.87,36.74,540733.78,132124.45,49466.75,40352.35,0.0,0.0,68.1,216203.65,984927.75,709.15,0.5904,1.786,528583.3,17455.0,17455.0,1.55,High
2024-03-20,DC002,Bengaluru AI Hub,Bengaluru,India,60,Liquid Cooling,0.09,0.62,42,4,99.95,1260072.56,884380.69,277835.24,33911.06,0.0,69196.91,23.69,60.68,7200,6412,788,72.39,70.3,43.12,793379.64,113406.53,25005.17,49509.63,0.0,0.0,79.47,529230.47,730842.08,453.12,0.3596,1.425,375691.86,5954.28,5954.28,1.35,Medium
2024-03-20,DC003,Delhi Enterprise DC,Delhi,India,35,Air Cooling,0.12,0.75,15,12,99.9,914002.89,488176.99,349234.34,19977.75,0.0,48945.69,30.98,78.29,4100,2991,1109,56.04,54.08,27.62,438481.5,109680.35,41908.12,53421.2,99.1,151354.73,28.29,137100.43,776902.45,582.68,0.6375,1.872,425825.9,18879.43,170234.15,1.55,High
2024-03-20,DC004,Hyderabad Cloud DC,Hyderabad,India,50,Hybrid Cooling,0.1,0.66,35,6,99.95,1138805.13,702327.37,334675.66,29342.08,3219.51,60614.78,27.25,46.18,6100,4587,1513,60.95,74.02,43.64,662869.76,113880.51,33467.57,56220.04,0.0,0.0,74.34,398581.79,740223.33,488.55,0.429,1.621,436477.75,12043.04,12043.04,1.45,Medium
2024-03-20,DC005,Pune Backup DC,Pune,India,30,Air Cooling,0.095,0.68,28,8,99.8,582030.38,345330.11,198320.83,9628.04,0.0,32738.11,25.91,44.95,3300,2196,1104,55.64,73.33,40.08,331815.02,55292.89,18840.48,39381.66,0.0,0.0,71.47,162968.51,419061.87,284.96,0.4896,1.685,236700.26,4443.03,4443.03,1.55,Medium
2024-03-21,DC001,Mumbai Core DC,Mumbai,India,45,Air Cooling,0.11,0.72,18,9,99.9,1203363.64,684076.33,430101.08,25269.84,6823.28,61715.52,29.07,66.35,5200,4558,642,75.61,85.01,42.58,557288.14,132370.0,47311.12,48260.0,0.0,0.0,67.59,216605.46,986758.19,710.47,0.5904,1.759,519287.31,15734.99,15734.99,1.55,High
2024-03-21,DC002,Bengaluru AI Hub,Bengaluru,India,60,Liquid Cooling,0.09,0.62,42,4,99.95,1268171.73,883741.62,258495.48,31897.9,0.0,65715.41,23.93,51.9,7200,6087,1113,66.84,62.33,57.21,804033.49,114135.46,23264.59,63450.32,0.0,0.0,77.91,532632.12,735539.6,456.03,0.3596,1.435,384430.1,6760.85,6760.85,1.35,Medium
2024-03-21,DC003,Delhi Enterprise DC,Delhi,India,35,Air Cooling,0.12,0.75,15,12,99.9,931156.66,505675.42,364194.4,19246.6,0.0,46844.69,30.98,64.53,4100,2752,1348,52.7,82.91,51.51,429513.53,111738.8,43703.33,55986.4,0.0,0.0,60.95,139673.5,791483.16,593.61,0.6375,1.841,425481.24,17683.17,17683.17,1.55,Medium
2024-03-21,DC004,Hyderabad Cloud DC,Hyderabad,India,50,Hybrid Cooling,0.1,0.66,35,6,99.95,1119949.31,689076.13,328711.4,28672.43,0.0,55730.48,28.17,62.38,6100,4530,1570,63.71,76.44,26.52,670063.31,111994.93,32871.14,61693.67,0.0,0.0,74.08,391982.26,727967.05,480.46,0.429,1.625,430873.18,12078.89,12078.89,1.45,Medium
2024-03-21,DC005,Pune Backup DC,Pune,India,30,Air Cooling,0.095,0.68,28,8,99.8,675187.93,369220.32,250928.8,10217.99,0.0,37678.4,29.12,60.0,3300,2798,502,72.22,72.57,30.3,330872.47,64142.85,23838.24,42249.88,0.0,0.0,67.84,189052.62,486135.31,330.57,0.4896,1.829,305967.61,9775.16,9775.16,1.55,Medium
2024-03-22,DC001,Mumbai Core DC,Mumbai,India,45,Air Cooling,0.11,0.72,18,9,99.9,1248606.41,666635.06,486784.17,25628.73,9408.64,63739.94,33.79,44.91,5200,3395,1805,55.06,64.09,28.66,548207.45,137346.7,53546.26,49733.15,0.0,0.0,65.87,224749.15,1023857.25,737.18,0.5904,1.873,581971.35,23685.43,23685.43,1.55,High
2024-03-22,DC002,Bengaluru AI Hub,Bengaluru,India,60,Liquid Cooling,0.09,0.62,42,4,99.95,1211046.46,827595.48,272670.58,25708.07,0.0,68279.42,27.18,53.77,7200,5380,1820,62.48,74.46,54.28,850864.97,108994.18,24540.35,58188.42,12.2,21106.73,77.87,508639.51,702406.95,435.49,0.3596,1.463,383450.99,8441.33,29548.06,1.35,Medium
2024-03-22,DC003,Delhi Enterprise DC,Delhi,India,35,Air Cooling,0.12,0.75,15,12,99.9,875071.98,468234.96,333516.18,18000.6,3992.0,42912.5,29.58,54.87,4100,2740,1360,55.47,77.45,29.04,454890.99,105008.64,40021.94,40389.72,53.2,83118.57,49.76,131260.8,743811.19,557.86,0.6375,1.869,406837.03,17916.94,101035.51,1.55,High
2024-03-22,DC004,Hyderabad Cloud DC,Hyderabad,India,50,Hybrid Cooling,0.1,0.66,35,6,99.95,1173603.77,710937.45,351372.16,26887.17,0.0,60677.03,28.35,72.06,6100,4440,1660,58.54,66.79,44.28,656266.95,117360.38,35137.22,54523.47,0.0,0.0,73.81,410761.32,762842.45,503.48,0.429,1.651,462666.32,14274.45,14274.45,1.45,Medium
2024-03-22,DC005,Pune Backup DC,Pune,India,30,Air Cooling,0.095,0.68,28,8,99.8,588683.85,347138.91,206063.3,10029.59,0.0,33308.6,28.69,63.18,3300,2326,974,57.14,74.17,15.43,301428.03,55924.97,19576.01,44632.34,0.0,0.0,66.64,164831.48,423852.37,288.22,0.4896,1.696,241544.93,4808.76,4808.76,1.55,Medium
2024-03-23,DC001,Mumbai Core DC,Mumbai,India,45,Air Cooling,0.11,0.72,18,9,99.9,1094687.54,604402.45,413418.47,18097.67,0.0,60323.81,29.14,65.17,5200,3611,1589,55.99,82.89,30.66,489522.33,120415.63,45476.03,41886.16,0.0,0.0,66.84,197043.76,897643.78,646.3,0.5904,1.811,490285.09,17365.01,17365.01,1.55,Medium
2024-03-23,DC002,Bengaluru AI Hub,Bengaluru,India,60,Liquid Cooling,0.09,0.62,42,4,99.95,1195644.31,808802.14,269454.96,31435.93,0.0,57864.48,25.93,66.97,7200,6624,576,80.25,84.22,58.92,671692.22,107607.99,24250.95,44750.19,0.0,0.0,77.32,502170.61,693473.7,429.95,0.3596,1.478,386842.17,9338.53,9338.53,1.35,Medium
2024-03-23,DC003,Delhi Enterprise DC,Delhi,India,35,Air Cooling,0.12,0.75,15,12,99.9,775407.38,417696.75,297465.84,14018.79,0.0,40235.76,31.52,49.8,4100,2751,1349,50.19,69.94,25.9,366876.26,93048.89,35695.9,39195.25,0.0,0.0,63.95,116311.11,659096.27,494.32,0.6375,1.856,357710.63,15357.29,15357.29,1.55,High
2024-03-23,DC004,Hyderabad Cloud DC,Hyderabad,India,50,Hybrid Cooling,0.1,0.66,35,6,99.95,920690.25,589427.81,264160.12,19977.17,0.0,45145.01,25.0,59.61,6100,3447,2653,44.47,61.31,26.91,595216.49,92069.02,26416.01,53295.18,0.0,0.0,75.58,322241.59,598448.66,394.98,0.429,1.562,331262.43,6601.99,6601.99,1.45,Low
2024-03-23,DC005,Pune Backup DC,Pune,India,30,Air Cooling,0.095,0.68,28,8,99.8,548286.14,320200.21,181578.43,9525.23,0.0,28296.88,25.47,60.57,3300,2358,942,59.15,77.68,21.32,276785.48,52087.18,17249.95,43018.65,0.0,0.0,65.64,153520.12,394766.02,268.44,0.4896,1.712,228085.93,4937.7,4937.7,1.55,Medium
2024-03-24,DC001,Mumbai Core DC,Mumbai,India,45,Air Cooling,0.11,0.72,18,9,99.9,1117029.39,611694.48,424977.67,22829.7,0.0,62087.39,29.12,54.4,5200,4297,903,70.0,65.62,21.28,502340.53,122873.23,46747.54,59353.07,0.0,0.0,63.72,201065.29,915964.1,659.49,0.5904,1.826,505334.91,18579.32,18579.32,1.55,High
2024-03-24,DC002,Bengaluru AI Hub,Bengaluru,India,60,Liquid Cooling,0.09,0.62,42,4,99.95,1052690.04,743215.5,237054.46,18680.36,5542.04,51502.41,24.3,59.45,7200,5575,1625,60.91,70.08,40.42,659146.1,94742.1,21334.9,60369.45,0.0,0.0,76.47,442129.81,610560.22,378.55,0.3596,1.416,309474.54,4441.42,4441.42,1.35,Low
2024-03-24,DC003,Delhi Enterprise DC,Delhi,India,35,Air Cooling,0.12,0.75,15,12,99.9,794921.5,444580.31,304621.65,12702.03,0.0,38236.01,28.88,64.52,4100,3413,687,67.51,83.65,32.99,416719.82,95390.58,36554.6,44750.24,0.0,0.0,66.37,119238.23,675683.28,506.76,0.6375,1.788,350341.2,12698.64,12698.64,1.55,Medium
2024-03-24,DC004,Hyderabad Cloud DC,Hyderabad,India,50,Hybrid Cooling,0.1,0.66,35,6,99.95,976752.34,618769.75,295617.35,16278.32,0.0,48440.94,27.07,64.97,6100,3793,2307,44.66,92.0,36.3,572744.86,97675.23,29561.73,55465.56,0.0,0.0,73.26,341863.32,634889.02,419.03,0.429,1.579,357982.59,7953.62,7953.62,1.45,Low
2024-03-24,DC005,Pune Backup DC,Pune,India,30,Air Cooling,0.095,0.68,28,8,99.8,562325.05,321134.19,180238.82,13138.32,9737.77,31303.35,25.62,75.26,3300,2612,688,62.84,77.34,35.17,269537.74,53420.88,17122.69,36231.22,0.0,0.0,66.74,157451.01,404874.03,275.31,0.4896,1.751,241190.86,6133.87,6133.87,1.55,Medium
2024-03-25,DC001,Mumbai Core DC,Mumbai,India,45,Air Cooling,0.11,0.72,18,9,99.9,1106372.28,623400.27,397079.66,24507.73,0.0,59191.02,26.59,61.1,5200,3208,1992,47.71,59.27,26.15,546063.27,121700.95,43678.76,46994.36,0.0,0.0,69.11,199147.01,907225.27,653.2,0.5904,1.775,482972.01,15411.2,15411.2,1.55,High
2024-03-25,DC002,Bengaluru AI Hub,Bengaluru,India,60,Liquid Cooling,0.09,0.62,42,4,99.95,1231071.8,853417.39,260590.96,22782.13,5007.91,62775.98,25.94,58.69,7200,4589,2611,52.48,70.97,59.59,797752.24,110796.46,23453.19,60104.37,0.0,0.0,78.58,517050.16,714021.65,442.69,0.3596,1.443,377654.41,7106.25,7106.25,1.35,Medium
2024-03-25,DC003,Delhi Enterprise DC,Delhi,India,35,Air Cooling,0.12,0.75,15,12,99.9,875593.81,493690.61,309829.43,20661.97,0.0,49054.68,27.85,67.78,4100,3191,909,66.41,68.32,28.79,419256.34,105071.26,37179.53,33916.24,0.0,0.0,66.85,131339.07,744254.74,558.19,0.6375,1.774,381903.21,13244.8,13244.8,1.55,Medium
2024-03-25,DC004,Hyderabad Cloud DC,Hyderabad,India,50,Hybrid Cooling,0.1,0.66,35,6,99.95,1228704.87,736014.59,379984.26,33097.18,0.0,58967.19,30.17,53.94,6100,4686,1414,64.63,54.49,37.97,656384.28,122870.49,37998.43,56500.97,0.0,0.0,72.67,430046.7,798658.16,527.11,0.429,1.669,492690.28,16148.37,16148.37,1.45,Medium
2024-03-25,DC005,Pune Backup DC,Pune,India,30,Air Cooling,0.095,0.68,28,8,99.8,599895.95,345950.22,208060.98,11931.4,0.0,32537.54,24.29,54.97,3300,2471,829,58.8,72.36,22.56,328721.84,56990.12,19765.79,30679.01,0.0,0.0,73.33,167970.87,431925.08,293.71,0.4896,1.734,253945.73,6048.95,6048.95,1.55,Medium
2024-03-26,DC001,Mumbai Core DC,Mumbai,India,45,Air Cooling,0.11,0.72,18,9,99.9,1103463.35,627724.65,404084.2,27536.45,0.0,56155.37,31.12,59.8,5200,3018,2182,45.06,70.56,26.8,552930.23,121380.97,44449.26,50025.23,0.0,0.0,69.0,198623.4,904839.94,651.48,0.5904,1.758,475738.69,14353.91,14353.91,1.55,High
2024-03-26,DC002,Bengaluru AI Hub,Bengaluru,India,60,Liquid Cooling,0.09,0.62,42,4,99.95,1167335.57,796585.71,252899.0,29598.53,0.0,65624.95,25.48,59.93,7200,3610,3590,38.92,74.7,57.98,851373.61,105060.2,22760.91,55802.83,0.0,0.0,81.11,490280.94,677054.63,419.77,0.3596,1.465,370749.86,8275.04,8275.04,1.35,Low
2024-03-26,DC003,Delhi Enterprise DC,Delhi,India,35,Air Cooling,0.12,0.75,15,12,99.9,922506.07,507370.55,359022.42,12956.61,0.0,46494.37,30.18,52.53,4100,3105,995,64.32,78.88,26.77,437923.48,110700.73,43082.69,32872.67,0.0,0.0,67.21,138375.91,784130.16,588.1,0.6375,1.818,415135.52,16329.81,16329.81,1.55,Medium
2024-03-26,DC004,Hyderabad Cloud DC,Hyderabad,India,50,Hybrid Cooling,0.1,0.66,35,6,99.95,1104055.76,681025.44,344036.66,28816.9,0.0,60803.95,29.34,75.48,6100,4352,1748,60.47,57.0,28.04,631588.94,110405.58,34403.67,51315.25,0.0,0.0,74.39,386419.52,717636.24,473.64,0.429,1.621,423030.32,11656.89,11656.89,1.45,Medium
2024-03-26,DC005,Pune Backup DC,Pune,India,30,Air Cooling,0.095,0.68,28,8,99.8,645570.59,372786.31,229023.13,11160.03,0.0,33533.17,26.19,59.7,3300,2625,675,65.98,92.0,23.33,315175.33,61329.21,21757.2,35329.97,0.0,0.0,69.33,180759.77,464810.83,316.07,0.4896,1.732,272784.29,6436.42,6436.42,1.55,Medium
2024-03-27,DC001,Mumbai Core DC,Mumbai,India,45,Air Cooling,0.11,0.72,18,9,99.9,1299513.7,708962.32,475329.67,24215.72,4059.28,63354.66,28.85,46.99,5200,4529,671,70.62,70.09,28.76,580336.01,142946.51,52286.26,54761.47,0.0,0.0,65.93,233912.47,1065601.24,767.23,0.5904,1.833,590551.38,22068.43,22068.43,1.55,High
2024-03-27,DC002,Bengaluru AI Hub,Bengaluru,India,60,Liquid Cooling,0.09,0.62,42,4,99.95,1314050.58,919011.79,292977.77,36978.48,0.0,68764.43,26.94,43.59,7200,6624,576,74.85,72.9,51.21,744839.31,118264.55,26368.0,46997.2,0.0,0.0,77.81,551901.24,762149.33,472.53,0.3596,1.43,395038.79,6604.62,6604.62,1.35,Medium
2024-03-27,DC003,Delhi Enterprise DC,Delhi,India,35,Air Cooling,0.12,0.75,15,12,99.9,821447.42,447890.22,319613.3,17549.23,0.0,42845.31,33.26,60.38,4100,2466,1634,47.42,62.23,27.99,456742.02,98573.69,38353.6,47627.55,58.3,67212.15,53.27,123217.11,698230.31,523.67,0.6375,1.834,373557.2,15266.11,82478.26,1.55,High
2024-03-27,DC004,Hyderabad Cloud DC,Hyderabad,India,50,Hybrid Cooling,0.1,0.66,35,6,99.95,1133883.19,710935.36,326733.72,18876.55,0.0,58703.88,28.42,61.33,6100,4530,1570,61.92,67.47,27.89,653327.63,113388.32,32673.37,59659.89,0.0,0.0,73.51,396859.12,737024.07,486.44,0.429,1.595,422947.83,10302.69,10302.69,1.45,Medium
2024-03-27,DC005,Pune Backup DC,Pune,India,30,Air Cooling,0.095,0.68,28,8,99.8,610722.94,345366.93,225224.26,8970.32,0.0,31265.84,29.17,66.2,3300,2297,1003,54.33,78.01,20.33,309029.14,58018.68,21396.3,37915.61,0.0,0.0,68.96,171002.42,439720.51,299.01,0.4896,1.768,265356.0,7163.4,7163.4,1.55,Medium
2024-03-28,DC001,Mumbai Core DC,Mumbai,India,45,Air Cooling,0.11,0.72,18,9,99.9,1237113.79,697441.68,454436.4,19766.16,0.0,62771.29,31.45,67.29,5200,4126,1074,62.98,85.3,43.12,553216.42,136082.52,49988.0,57670.15,0.0,0.0,64.98,222680.48,1014433.31,730.39,0.5904,1.774,539672.11,17168.71,17168.71,1.55,High
2024-03-28,DC002,Bengaluru AI Hub,Bengaluru,India,60,Liquid Cooling,0.09,0.62,42,4,99.95,1210336.66,834142.9,269147.63,25499.04,0.0,62349.0,25.89,62.7,7200,5558,1642,61.96,73.21,53.38,828822.98,108930.3,24223.29,71107.92,0.0,0.0,78.28,508341.4,701995.26,435.24,0.3596,1.451,376193.77,7581.94,7581.94,1.35,Medium
2024-03-28,DC003,Delhi Enterprise DC,Delhi,India,35,Air Cooling,0.12,0.75,15,12,99.9,905688.65,487046.17,339082.24,21182.16,0.0,48432.61,30.89,69.46,4100,2861,1239,57.2,71.02,27.13,426964.41,108682.64,40689.87,49768.99,0.0,0.0,62.89,135853.3,769835.36,577.38,0.6375,1.86,418642.49,18092.05,18092.05,1.55,High
2024-03-28,DC004,Hyderabad Cloud DC,Hyderabad,India,50,Hybrid Cooling,0.1,0.66,35,6,99.95,1106735.08,701763.29,316180.63,30130.62,0.0,59032.83,25.94,49.64,6100,4777,1323,66.46,44.09,23.54,628954.58,110673.51,31618.06,44192.85,0.0,0.0,75.38,387357.28,719377.8,474.79,0.429,1.577,404971.79,8917.83,8917.83,1.45,Medium
2024-03-28,DC005,Pune Backup DC,Pune,India,30,Air Cooling,0.095,0.68,28,8,99.8,561673.66,328470.92,183928.07,12439.86,0.0,30098.45,23.99,84.03,3300,1800,1500,38.64,54.44,36.28,309636.99,53359.0,17473.17,38918.77,0.0,0.0,70.2,157268.63,404405.04,275.0,0.4896,1.71,233202.74,4991.66,4991.66,1.55,Medium
2024-03-29,DC001,Mumbai Core DC,Mumbai,India,45,Air Cooling,0.11,0.72,18,9,99.9,1078586.6,633652.11,379086.44,21447.36,0.0,60682.58,26.06,56.68,5200,3456,1744,50.97,64.65,28.92,554930.34,118644.53,41699.51,39499.38,71.2,144026.43,45.55,194145.59,884441.01,636.8,0.5904,1.702,444934.49,10606.84,154633.27,1.55,High
2024-03-29,DC002,Bengaluru AI Hub,Bengaluru,India,60,Liquid Cooling,0.09,0.62,42,4,99.95,1126274.06,789172.76,229216.29,26421.77,5076.36,58384.97,23.44,59.9,7200,4540,2660,49.33,66.56,48.81,845157.21,101364.67,20629.47,63182.86,0.0,0.0,80.53,473035.11,653238.96,405.01,0.3596,1.427,337101.31,5480.18,5480.18,1.35,Low
2024-03-29,DC003,Delhi Enterprise DC,Delhi,India,35,Air Cooling,0.12,0.75,15,12,99.9,899562.76,498036.49,323078.48,16250.13,0.0,47788.84,29.99,61.62,4100,3154,946,61.05,68.08,23.15,432459.04,107947.53,38769.42,40209.78,0.0,0.0,65.74,134934.41,764628.35,573.47,0.6375,1.806,401526.28,15312.75,15312.75,1.55,Medium
2024-03-29,DC004,Hyderabad Cloud DC,Hyderabad,India,50,Hybrid Cooling,0.1,0.66,35,6,99.95,1076482.51,703010.16,289479.9,17755.71,0.0,55392.05,24.54,48.34,6100,4721,1379,63.64,69.13,39.71,648443.06,107648.25,28947.99,55473.17,0.0,0.0,74.84,376768.88,699713.63,461.81,0.429,1.531,373472.35,5711.78,5711.78,1.45,Medium
2024-03-29,DC005,Pune Backup DC,Pune,India,30,Air Cooling,0.095,0.68,28,8,99.8,629874.41,347155.25,229932.25,14033.89,0.0,33681.11,27.55,61.7,3300,1663,1637,39.41,71.88,50.76,314170.53,59838.07,21843.56,33355.09,0.0,0.0,70.34,176364.84,453509.58,308.39,0.4896,1.814,282719.16,8719.46,8719.46,1.55,Medium
2024-03-30,DC001,Mumbai Core DC,Mumbai,India,45,Air Cooling,0.11,0.72,18,9,99.9,1031479.88,577132.44,361030.59,21416.64,0.0,54859.75,29.49,39.66,5200,3030,2170,48.05,77.78,34.52,505497.56,113462.79,39713.37,42044.71,0.0,0.0,69.24,185666.38,845813.5,608.99,0.5904,1.787,454347.44,15061.71,15061.71,1.55,Medium
2024-03-30,DC002,Bengaluru AI Hub,Bengaluru,India,60,Liquid Cooling,0.09,0.62,42,4,99.95,1069599.35,731317.17,230608.73,22703.3,0.0,56736.75,27.5,52.98,7200,4447,2753,47.63,70.54,39.26,664778.07,96263.94,20754.79,69886.56,0.0,0.0,75.01,449231.73,620367.62,384.63,0.3596,1.463,338282.19,7408.91,7408.91,1.35,Low
2024-03-30,DC003,Delhi Enterprise DC,Delhi,India,35,Air Cooling,0.12,0.75,15,12,99.9,825225.88,443703.35,333457.45,11149.56,0.0,40046.38,32.68,41.96,4100,2946,1154,60.19,60.45,25.7,372379.3,99027.11,40014.89,49375.56,0.0,0.0,60.15,123783.88,701441.99,526.08,0.6375,1.86,381522.52,16498.28,16498.28,1.55,High
2024-03-30,DC004,Hyderabad Cloud DC,Hyderabad,India,50,Hybrid Cooling,0.1,0.66,35,6,99.95,973831.02,626834.84,260999.27,17961.69,0.0,50418.21,25.95,69.06,6100,4979,1121,64.04,51.27,33.63,558229.81,97383.1,26099.93,51450.73,0.0,0.0,73.34,340840.86,632990.17,417.77,0.429,1.554,346996.19,6492.05,6492.05,1.45,Low
2024-03-30,DC005,Pune Backup DC,Pune,India,30,Air Cooling,0.095,0.68,28,8,99.8,582270.11,334888.17,195943.17,10154.35,0.0,28393.84,27.94,64.58,3300,2612,688,65.28,68.22,34.06,296911.27,55315.66,18614.6,40345.95,0.0,0.0,67.78,163035.63,419234.48,285.08,0.4896,1.739,247381.94,6003.38,6003.38,1.55,Medium
2024-03-31,DC001,Mumbai Core DC,Mumbai,India,45,Air Cooling,0.11,0.72,18,9,99.9,1152740.22,619652.39,452527.64,23733.66,0.0,64041.74,31.86,57.32,5200,4124,1076,66.36,92.0,27.59,515148.49,126801.42,49778.04,56433.11,0.0,0.0,64.43,207493.24,945246.98,680.58,0.5904,1.86,533087.83,21150.69,21150.69,1.55,High
2024-03-31,DC002,Bengaluru AI Hub,Bengaluru,India,60,Liquid Cooling,0.09,0.62,42,4,99.95,1149189.07,797975.38,233483.25,27161.77,9893.75,59219.46,21.56,60.03,7200,6249,951,69.19,74.72,53.17,664533.57,103427.02,21013.49,70579.2,0.0,0.0,73.82,482659.41,666529.66,413.25,0.3596,1.44,351213.69,6473.01,6473.01,1.35,Low
2024-03-31,DC003,Delhi Enterprise DC,Delhi,India,35,Air Cooling,0.12,0.75,15,12,99.9,779485.45,426833.79,283012.65,14323.83,0.0,42358.48,30.65,60.36,4100,2599,1501,49.84,59.87,34.51,397467.26,93538.25,33961.52,39021.38,0.0,0.0,66.65,116922.82,662562.63,496.92,0.6375,1.826,352651.66,14147.17,14147.17,1.55,Medium
2024-03-31,DC004,Hyderabad Cloud DC,Hyderabad,India,50,Hybrid Cooling,0.1,0.66,35,6,99.95,1034696.48,657605.92,299305.09,27945.43,0.0,53944.56,26.87,65.37,6100,4987,1113,69.34,78.56,24.57,603320.44,103469.65,29930.51,45633.48,0.0,0.0,75.29,362143.77,672552.71,443.88,0.429,1.573,377090.56,8116.79,8116.79,1.45,Medium
2024-03-31,DC005,Pune Backup DC,Pune,India,30,Air Cooling,0.095,0.68,28,8,99.8,630904.54,338546.68,233071.13,14906.24,8156.55,33728.29,31.49,81.48,3300,2535,765,64.21,61.57,50.09,294037.61,59935.93,22141.76,31204.22,0.0,0.0,69.0,176653.27,454251.27,308.89,0.4896,1.864,292357.86,10084.93,10084.93,1.55,High
2024-04-01,DC001,Mumbai Core DC,Mumbai,India,45,Air Cooling,0.11,0.72,18,9,99.9,1188243.71,639260.74,442507.29,26018.96,0.0,59260.97,31.04,65.25,5200,3197,2003,45.54,83.46,30.65,585585.68,130706.81,48675.8,43353.78,0.0,0.0,70.28,213883.87,974359.84,701.54,0.5904,1.859,548982.97,21712.85,21712.85,1.55,High
2024-04-01,DC002,Bengaluru AI Hub,Bengaluru,India,60,Liquid Cooling,0.09,0.62,42,4,99.95,1252896.32,848211.43,270003.93,35576.0,0.0,68777.68,26.04,53.03,7200,6574,626,73.68,66.54,43.43,746102.39,112760.67,24300.35,61847.85,0.0,0.0,76.6,526216.45,726679.86,450.54,0.3596,1.477,404684.89,9702.98,9702.98,1.35,Medium
2024-04-01,DC003,Delhi Enterprise DC,Delhi,India,35,Air Cooling,0.12,0.75,15,12,99.9,853665.65,462754.51,336241.88,12933.3,0.0,45378.19,31.02,77.53,4100,2579,1521,50.54,82.16,32.9,451988.2,102439.88,40349.03,43860.52,0.0,0.0,67.63,128049.85,725615.8,544.21,0.6375,1.845,390911.14,16367.54,16367.54,1.55,Medium
2024-04-01,DC004,Hyderabad Cloud DC,Hyderabad,India,50,Hybrid Cooling,0.1,0.66,35,6,99.95,1107211.79,707176.16,293230.56,28041.77,0.0,61997.55,24.72,60.56,6100,4260,1840,56.83,75.05,19.52,681775.98,110721.18,29323.06,54681.55,0.0,0.0,75.74,387524.13,719687.66,474.99,0.429,1.566,400035.63,8180.64,8180.64,1.45,Medium
2024-04-01,DC005,Pune Backup DC,Pune,India,30,Air Cooling,0.095,0.68,28,8,99.8,626487.11,367021.52,220717.09,12048.31,0.0,33836.54,26.88,67.02,3300,2666,634,67.43,68.21,29.54,330175.43,59516.28,20968.12,31358.41,0.0,0.0,72.48,175416.39,451070.72,306.73,0.4896,1.707,259465.59,5472.36,5472.36,1.55,Medium
2024-04-02,DC001,Mumbai Core DC,Mumbai,India,45,Air Cooling,0.11,0.72,18,9,99.9,1111388.29,645653.8,394525.21,18011.45,0.0,56776.54,27.29,53.25,5200,3101,2099,45.99,69.53,39.38,547273.83,122252.71,43397.77,58409.65,0.0,0.0,66.99,200049.89,911338.39,656.16,0.5904,1.721,465734.49,12168.74,12168.74,1.55,High
2024-04-02,DC002,Bengaluru AI Hub,Bengaluru,India,60,Liquid Cooling,0.09,0.62,42,4,99.95,1244236.64,850914.32,291813.12,23269.9,0.0,70177.16,26.98,73.0,7200,5388,1812,62.0,69.67,52.69,794882.29,111981.3,26263.18,43584.89,0.0,0.0,80.43,522579.39,721657.25,447.43,0.3596,1.462,393322.32,8595.21,8595.21,1.35,Medium
2024-04-02,DC003,Delhi Enterprise DC,Delhi,India,35,Air Cooling,0.12,0.75,15,12,99.9,885592.43,478694.88,345768.52,18193.38,0.0,42524.54,29.44,35.0,4100,2660,1440,49.36,70.71,27.55,420464.84,106271.09,41492.22,51063.76,0.0,0.0,62.58,132838.86,752753.56,564.57,0.6375,1.85,406897.54,17233.84,17233.84,1.55,High
2024-04-02,DC004,Hyderabad Cloud DC,Hyderabad,India,50,Hybrid Cooling,0.1,0.66,35,6,99.95,1035210.27,653707.75,283177.87,29416.25,0.0,50504.57,25.61,35.0,6100,3163,2937,41.11,68.78,19.72,681718.35,103521.03,28317.79,55590.96,0.0,0.0,76.66,362323.59,672886.67,444.11,0.429,1.584,381502.52,8733.4,8733.4,1.45,Medium
2024-04-02,DC005,Pune Backup DC,Pune,India,30,Air Cooling,0.095,0.68,28,8,99.8,631675.42,348660.79,234483.59,9581.82,0.0,31266.34,29.41,63.58,3300,2174,1126,51.98,55.15,17.75,298889.95,60009.17,22275.94,38352.44,0.0,0.0,67.09,176869.12,454806.3,309.27,0.4896,1.812,283014.63,8668.86,8668.86,1.55,Medium
2024-04-03,DC001,Mumbai Core DC,Mumbai,India,45,Air Cooling,0.11,0.72,18,9,99.9,1198859.78,653908.63,462581.04,22967.21,0.0,67695.2,29.92,66.69,5200,4260,940,65.12,76.82,35.94,586080.05,131874.58,50883.91,44145.8,0.0,0.0,69.97,215794.76,983065.02,707.81,0.5904,1.833,544951.15,20383.15,20383.15,1.55,High
2024-04-03,DC002,Bengaluru AI Hub,Bengaluru,India,60,Liquid Cooling,0.09,0.62,42,4,99.95,1295299.24,891503.71,280237.69,34553.44,0.0,64198.02,25.61,69.9,7200,5949,1251,70.13,92.0,59.93,770058.8,116576.93,25221.39,69818.14,0.0,0.0,75.79,544025.68,751273.56,465.79,0.3596,1.453,403795.53,8259.23,8259.23,1.35,Medium
2024-04-03,DC003,Delhi Enterprise DC,Delhi,India,35,Air Cooling,0.12,0.75,15,12,99.9,869487.77,478793.83,337536.79,15800.76,0.0,48816.01,27.96,54.68,4100,2765,1335,55.4,64.54,35.25,448533.64,104338.53,40504.42,43975.22,0.0,0.0,66.93,130423.17,739064.6,554.3,0.6375,1.816,390693.94,15282.88,15282.88,1.55,Medium
2024-04-03,DC004,Hyderabad Cloud DC,Hyderabad,India,50,Hybrid Cooling,0.1,0.66,35,6,99.95,1077287.21,665530.76,310286.02,21682.22,0.0,52794.72,26.47,45.46,6100,3966,2134,50.94,75.59,21.35,641982.9,107728.72,31028.6,41641.04,0.0,0.0,76.73,377050.52,700236.69,462.16,0.429,1.619,411756.45,11226.76,11226.76,1.45,Medium
2024-04-03,DC005,Pune Backup DC,Pune,India,30,Air Cooling,0.095,0.68,28,8,99.8,653643.39,362194.09,252615.28,11797.62,0.0,34331.53,30.07,58.0,3300,2423,877,63.36,62.28,37.53,314764.26,62096.12,23998.45,36679.67,0.0,0.0,68.62,183020.15,470623.24,320.02,0.4896,1.805,291449.3,8763.04,8763.04,1.55,Medium
2024-04-04,DC001,Mumbai Core DC,Mumbai,India,45,Air Cooling,0.11,0.72,18,9,99.9,1194713.8,651946.7,442300.5,25136.61,0.0,62231.7,28.96,58.43,5200,3780,1420,62.31,60.77,31.52,523969.48,131418.52,48653.06,47209.18,0.0,0.0,65.91,215048.48,979665.32,705.36,0.5904,1.833,542767.1,20261.6,20261.6,1.55,High
2024-04-04,DC002,Bengaluru AI Hub,Bengaluru,India,60,Liquid Cooling,0.09,0.62,42,4,99.95,1349849.08,921869.72,299491.16,34269.64,0.0,74111.13,29.01,46.2,7200,6624,576,76.76,71.72,63.0,846436.09,121486.42,26954.2,56739.69,0.0,0.0,78.94,566936.61,782912.47,485.41,0.3596,1.464,427979.36,9479.25,9479.25,1.35,Medium
2024-04-04,DC003,Delhi Enterprise DC,Delhi,India,35,Air Cooling,0.12,0.75,15,12,99.9,834483.87,446163.98,331703.38,19585.41,0.0,44032.01,31.88,50.15,4100,2199,1901,40.4,65.5,44.18,444742.02,100138.06,39804.41,50883.14,0.0,0.0,66.04,125172.58,709311.29,531.98,0.6375,1.87,388319.9,17151.57,17151.57,1.55,High
2024-04-04,DC004,Hyderabad Cloud DC,Hyderabad,India,50,Hybrid Cooling,0.1,0.66,35,6,99.95,991372.09,611924.22,285047.03,22840.52,0.0,53597.88,29.0,56.62,6100,2745,3355,22.0,64.02,22.92,684809.42,99137.21,28504.7,58461.81,0.0,0.0,76.99,346980.23,644391.86,425.3,0.429,1.62,379447.87,10408.2,10408.2,1.45,Medium
2024-04-04,DC005,Pune Backup DC,Pune,India,30,Air Cooling,0.095,0.68,28,8,99.8,599400.36,340839.57,209767.34,9033.08,0.0,30938.34,28.89,53.63,3300,2174,1126,48.16,58.5,23.54,306159.99,56943.03,19927.9,33209.78,0.0,0.0,70.55,167832.1,431568.26,293.47,0.4896,1.759,258560.79,6754.41,6754.41,1.55,Medium
2024-04-05,DC001,Mumbai Core DC,Mumbai,India,45,Air Cooling,0.11,0.72,18,9,99.9,1160980.39,654761.71,423386.91,23818.16,5090.97,64018.53,27.03,45.46,5200,3952,1248,63.67,72.12,28.68,559892.96,127707.84,46572.56,48318.92,72.2,117121.82,47.64,208976.47,952003.92,685.44,0.5904,1.773,506218.69,16070.97,133192.79,1.55,High
2024-04-05,DC002,Bengaluru AI Hub,Bengaluru,India,60,Liquid Cooling,0.09,0.62,42,4,99.95,1224879.97,872869.54,257875.59,30800.4,0.0,58766.23,25.55,66.23,7200,5376,1824,63.18,64.46,70.81,794627.21,110239.2,23208.8,55856.38,0.0,0.0,79.1,514449.59,710430.38,440.47,0.3596,1.403,352010.43,4185.55,4185.55,1.35,Medium
2024-04-05,DC003,Delhi Enterprise DC,Delhi,India,35,Air Cooling,0.12,0.75,15,12,99.9,849689.94,472207.22,324002.86,18860.82,0.0,41537.09,32.0,67.66,4100,2815,1285,53.41,92.0,25.78,408047.93,101962.79,38880.34,41358.73,0.0,0.0,64.88,127453.49,722236.45,541.68,0.6375,1.799,377482.73,14132.25,14132.25,1.55,Medium
2024-04-05,DC004,Hyderabad Cloud DC,Hyderabad,India,50,Hybrid Cooling,0.1,0.66,35,6,99.95,1129483.18,718490.04,303411.83,28755.26,0.0,55419.87,26.14,36.95,6100,3921,2179,53.34,56.5,54.1,629874.21,112948.32,30341.18,41396.03,0.0,0.0,75.5,395319.11,734164.07,484.55,0.429,1.572,410993.14,8767.26,8767.26,1.45,Medium
2024-04-05,DC005,Pune Backup DC,Pune,India,30,Air Cooling,0.095,0.68,28,8,99.8,605118.93,347359.7,215484.25,10644.65,6146.09,29802.71,27.49,60.69,3300,2555,745,62.65,58.64,29.6,340898.91,57486.3,20471.0,41672.82,0.0,0.0,70.91,169433.3,435685.63,296.27,0.4896,1.742,257759.23,6337.58,6337.58,1.55,Medium
2024-04-06,DC001,Mumbai Core DC,Mumbai,India,45,Air Cooling,0.11,0.72,18,9,99.9,1132007.84,608776.2,435928.84,22417.53,0.0,58216.78,30.47,80.53,5200,4661,539,73.16,63.79,35.99,475621.38,124520.86,47952.17,38653.79,0.0,0.0,65.69,203761.41,928246.43,668.34,0.5904,1.859,523231.64,20724.52,20724.52,1.55,High
2024-04-06,DC002,Bengaluru AI Hub,Bengaluru,India,60,Liquid Cooling,0.09,0.62,42,4,99.95,985047.56,695636.94,210498.89,18244.47,0.0,49520.87,24.39,64.44,7200,4484,2716,44.44,64.82,48.11,664376.81,88654.28,18944.9,54239.43,0.0,0.0,78.49,413719.97,571327.58,354.22,0.3596,1.416,289410.62,4134.39,4134.39,1.35,Low
2024-04-06,DC003,Delhi Enterprise DC,Delhi,India,35,Air Cooling,0.12,0.75,15,12,99.9,780237.12,412711.27,316458.39,13318.86,0.0,42048.99,31.98,58.83,4100,2652,1448,50.92,70.48,31.82,405738.25,93628.45,37975.01,45577.34,0.0,0.0,65.69,117035.57,663201.55,497.4,0.6375,1.891,367525.85,16864.16,16864.16,1.55,High
2024-04-06,DC004,Hyderabad Cloud DC,Hyderabad,India,50,Hybrid Cooling,0.1,0.66,35,6,99.95,948772.07,602587.24,263381.61,22651.96,0.0,47063.63,27.96,46.45,6100,4417,1683,57.74,74.21,26.22,571817.34,94877.21,26338.16,61233.56,0.0,0.0,72.7,332070.23,616701.85,407.02,0.429,1.574,346184.83,7502.06,7502.06,1.45,Low
2024-04-06,DC005,Pune Backup DC,Pune,India,30,Air Cooling,0.095,0.68,28,8,99.8,567215.21,324779.81,196117.4,13615.34,0.0,29404.94,24.41,64.73,3300,2214,1086,56.09,54.64,27.48,301730.63,53885.45,18631.15,29030.89,0.0,0.0,72.52,158820.26,408394.95,277.71,0.4896,1.746,242435.4,6061.62,6061.62,1.55,Medium
2024-04-07,DC001,Mumbai Core DC,Mumbai,India,45,Air Cooling,0.11,0.72,18,9,99.9,999369.53,541451.54,376203.33,22138.77,0.0,52215.2,31.88,59.9,5200,2928,2272,45.29,58.89,31.96,494988.57,109930.65,41382.37,40614.19,0.0,0.0,69.59,179886.52,819483.02,590.03,0.5904,1.846,457917.99,17613.16,17613.16,1.55,Medium
2024-04-07,DC002,Bengaluru AI Hub,Bengaluru,India,60,Liquid Cooling,0.09,0.62,42,4,99.95,1037797.51,713952.19,233472.86,25171.04,0.0,52482.98,24.83,54.19,7200,4733,2467,55.72,56.16,49.74,665221.77,93401.78,21012.56,57324.07,0.0,0.0,77.34,435874.95,601922.56,373.19,0.3596,1.454,323845.32,6656.59,6656.59,1.35,Low
2024-04-07,DC003,Delhi Enterprise DC,Delhi,India,35,Air Cooling,0.12,0.75,15,12,99.9,839424.84,447372.42,326207.8,16932.27,9498.99,41075.81,30.43,58.21,4100,3604,496,70.5,81.97,34.25,417793.84,100730.98,39144.94,49967.71,0.0,0.0,63.93,125913.73,713511.12,535.13,0.6375,1.876,392052.43,17519.71,17519.71,1.55,High
2024-04-07,DC004,Hyderabad Cloud DC,Hyderabad,India,50,Hybrid Cooling,0.1,0.66,35,6,99.95,1031476.93,649121.47,303432.45,25711.4,0.0,54275.1,29.53,52.78,6100,5336,764,75.13,79.57,43.42,618220.9,103147.69,30343.24,54836.34,0.0,0.0,74.45,361016.92,670460.0,442.5,0.429,1.589,382355.46,9025.08,9025.08,1.45,Medium
2024-04-07,DC005,Pune Backup DC,Pune,India,30,Air Cooling,0.095,0.68,28,8,99.8,591451.38,342411.55,203743.23,10401.05,0.0,29145.85,27.25,51.26,3300,2735,565,68.5,57.7,39.87,271913.2,56187.88,19355.61,36572.25,0.0,0.0,65.89,165606.39,425844.99,289.57,0.4896,1.727,249039.84,5767.78,5767.78,1.55,Medium
2024-04-08,DC001,Mumbai Core DC,Mumbai,India,45,Air Cooling,0.11,0.72,18,9,99.9,1105078.02,625370.23,403926.95,17857.25,0.0,54339.43,31.03,67.81,5200,3496,1704,53.32,65.33,35.36,571890.47,121558.58,44431.96,51873.94,0.0,0.0,69.67,198914.04,906163.97,652.44,0.5904,1.767,479707.79,14932.96,14932.96,1.55,High
2024-04-08,DC002,Bengaluru AI Hub,Bengaluru,India,60,Liquid Cooling,0.09,0.62,42,4,99.95,1221533.33,849024.65,240036.16,35328.21,0.0,61392.63,23.97,68.84,7200,5712,1488,66.27,67.31,64.12,837320.52,109938.0,21603.25,63228.64,0.0,0.0,79.32,513044.0,708489.33,439.26,0.3596,1.439,372508.68,6781.5,6781.5,1.35,Medium
2024-04-08,DC003,Delhi Enterprise DC,Delhi,India,35,Air Cooling,0.12,0.75,15,12,99.9,877213.58,493609.28,323205.4,17068.1,0.0,46849.49,28.34,53.14,4100,2699,1401,54.72,68.15,34.03,440591.68,105265.63,38784.65,35974.12,0.0,0.0,67.94,131582.04,745631.54,559.22,0.6375,1.777,383604.3,13454.3,13454.3,1.55,Medium
2024-04-08,DC004,Hyderabad Cloud DC,Hyderabad,India,50,Hybrid Cooling,0.1,0.66,35,6,99.95,1082799.32,682584.99,301448.56,20148.33,0.0,56543.89,24.76,60.86,6100,4433,1667,59.26,65.96,28.21,620127.09,108279.93,30144.86,59742.29,0.0,0.0,72.91,378979.76,703819.56,464.52,0.429,1.586,400214.33,9305.11,9305.11,1.45,Medium
2024-04-08,DC005,Pune Backup DC,Pune,India,30,Air Cooling,0.095,0.68,28,8,99.8,618112.11,350812.46,205203.36,11753.93,8340.87,34039.64,26.69,70.18,3300,2198,1102,56.28,72.54,35.0,339956.62,58720.65,19494.32,42233.63,0.0,0.0,70.3,173071.39,445040.72,302.63,0.4896,1.762,267299.65,7063.52,7063.52,1.55,Medium
2024-04-09,DC001,Mumbai Core DC,Mumbai,India,45,Air Cooling,0.11,0.72,18,9,99.9,1152685.72,629538.5,445198.43,19770.73,0.0,63449.42,32.17,67.87,5200,3873,1327,57.02,67.27,20.3,533170.68,126795.43,48971.83,51437.64,0.0,0.0,66.57,207483.43,945202.29,680.55,0.5904,1.831,523147.23,19459.12,19459.12,1.55,High
2024-04-09,DC002,Bengaluru AI Hub,Bengaluru,India,60,Liquid Cooling,0.09,0.62,42,4,99.95,1303734.88,879573.19,279785.1,38596.2,5757.07,68141.41,28.76,70.27,7200,5975,1225,69.14,79.04,48.39,801780.48,117336.14,25180.66,65362.57,0.0,0.0,77.21,547568.65,756166.23,468.82,0.3596,1.482,424161.7,10468.0,10468.0,1.35,Medium
2024-04-09,DC003,Delhi Enterprise DC,Delhi,India,35,Air Cooling,0.12,0.75,15,12,99.9,835919.3,469289.39,310840.27,21060.82,0.0,46790.23,31.2,46.42,4100,2799,1301,52.66,52.98,36.95,428579.38,100310.32,37300.83,53646.98,38.0,72615.7,47.13,125387.9,710531.41,532.9,0.6375,1.781,366629.91,13022.49,85638.19,1.55,High
2024-04-09,DC004,Hyderabad Cloud DC,Hyderabad,India,50,Hybrid Cooling,0.1,0.66,35,6,99.95,1137279.66,690688.88,359238.96,26991.61,0.0,58193.35,30.79,73.42,6100,4146,1954,56.04,68.43,49.4,706927.16,113727.97,35923.9,42881.99,0.0,0.0,77.85,398047.88,739231.78,487.89,0.429,1.647,446590.78,13578.08,13578.08,1.45,Medium
2024-04-09,DC005,Pune Backup DC,Pune,India,30,Air Cooling,0.095,0.68,28,8,99.8,640258.57,370795.57,217618.36,10622.73,0.0,33313.15,27.08,71.36,3300,2510,790,61.53,68.72,33.44,302974.18,60824.56,20673.74,33900.54,0.0,0.0,68.73,179272.4,460986.17,313.47,0.4896,1.727,269463.0,6224.92,6224.92,1.55,Medium
2024-04-10,DC001,Mumbai Core DC,Mumbai,India,45,Air Cooling,0.11,0.72,18,9,99.9,1219237.23,668594.56,467776.33,26227.72,0.0,65989.39,33.09,67.28,5200,3374,1826,53.61,59.48,28.08,587232.55,134116.1,51455.4,59479.89,0.0,0.0,67.03,219462.7,999774.53,719.84,0.5904,1.824,550642.67,20120.72,20120.72,1.55,High
2024-04-10,DC002,Bengaluru AI Hub,Bengaluru,India,60,Liquid Cooling,0.09,0.62,42,4,99.95,1267324.22,855530.85,283530.62,35790.5,0.0,67963.8,27.83,62.88,7200,4843,2357,55.8,62.7,57.91,791678.23,114059.18,25517.76,44613.46,0.0,0.0,79.96,532276.17,735048.05,455.73,0.3596,1.481,411793.36,10112.18,10112.18,1.35,Medium
2024-04-10,DC003,Delhi Enterprise DC,Delhi,India,35,Air Cooling,0.12,0.75,15,12,99.9,895854.85,486518.97,334660.81,12269.78,0.0,47930.54,31.58,62.66,4100,3387,713,69.95,67.35,22.96,452687.14,107502.58,40159.3,46133.93,32.7,67716.11,51.1,134378.23,761476.62,571.11,0.6375,1.841,409335.88,17010.05,84726.16,1.55,High
2024-04-10,DC004,Hyderabad Cloud DC,Hyderabad,India,50,Hybrid Cooling,0.1,0.66,35,6,99.95,1118273.42,694854.47,328203.23,20079.68,0.0,60459.36,29.76,66.34,6100,4401,1699,59.3,66.59,33.97,690747.19,111827.34,32820.32,53928.07,0.0,0.0,76.0,391395.7,726877.72,479.74,0.429,1.609,423418.95,11073.44,11073.44,1.45,Medium
2024-04-10,DC005,Pune Backup DC,Pune,India,30,Air Cooling,0.095,0.68,28,8,99.8,657273.67,362469.74,245289.89,9738.05,0.0,35915.99,29.09,72.77,3300,2728,572,65.87,65.71,24.16,324012.76,62441.0,23302.54,37316.85,0.0,0.0,69.21,184036.63,473237.04,321.8,0.4896,1.813,294803.94,9067.33,9067.33,1.55,Medium
2024-04-11,DC001,Mumbai Core DC,Mumbai,India,45,Air Cooling,0.11,0.72,18,9,99.9,1247884.41,679001.11,461931.68,29070.48,0.0,70680.8,31.75,70.28,5200,3762,1438,59.47,59.01,28.9,520424.98,137267.29,50812.48,55084.42,0.0,0.0,63.04,224619.19,1023265.22,736.75,0.5904,1.838,568883.3,21497.6,21497.6,1.55,High
2024-04-11,DC002,Bengaluru AI Hub,Bengaluru,India,60,Liquid Cooling,0.09,0.62,42,4,99.95,1275006.76,894656.4,291881.69,27655.77,0.0,62089.54,29.81,59.6,7200,6624,576,78.49,75.37,48.12,765874.75,114750.61,26269.35,50468.23,0.0,0.0,78.43,535502.84,739503.92,458.49,0.3596,1.425,380350.36,6049.86,6049.86,1.35,Medium
2024-04-11,DC003,Delhi Enterprise DC,Delhi,India,35,Air Cooling,0.12,0.75,15,12,99.9,885622.55,467519.2,344195.84,15436.92,0.0,45852.14,30.46,68.36,4100,3062,1038,60.13,70.58,23.89,430332.25,106274.71,41303.5,36991.61,0.0,0.0,66.71,132843.38,752779.17,564.58,0.6375,1.894,418103.35,19316.13,19316.13,1.55,High
2024-04-11,DC004,Hyderabad Cloud DC,Hyderabad,India,50,Hybrid Cooling,0.1,0.66,35,6,99.95,1107947.5,715292.1,315142.19,20093.45,5694.48,56959.99,25.24,64.32,6100,4622,1478,57.96,81.9,34.36,675849.13,110794.75,31514.22,41319.56,46.4,66252.16,67.69,387781.63,720165.88,475.31,0.429,1.549,392655.4,7077.4,73329.55,1.45,High
2024-04-11,DC005,Pune Backup DC,Pune,India,30,Air Cooling,0.095,0.68,28,8,99.8,688709.15,384033.22,254765.16,11132.9,5196.92,35931.16,28.87,71.05,3300,2919,381,71.13,74.5,26.75,302974.1,65427.37,24202.69,29133.7,0.0,0.0,68.79,192838.56,495870.59,337.19,0.4896,1.793,304675.93,8878.48,8878.48,1.55,Medium
2024-04-12,DC001,Mumbai Core DC,Mumbai,India,45,Air Cooling,0.11,0.72,18,9,99.9,1143407.98,655875.1,417137.75,22606.83,0.0,57488.08,28.29,64.68,5200,3890,1310,60.02,51.57,31.14,536944.03,125774.88,45885.15,40233.55,0.0,0.0,69.08,205813.44,937594.55,675.07,0.5904,1.743,487532.88,13948.17,13948.17,1.55,High
2024-04-12,DC002,Bengaluru AI Hub,Bengaluru,India,60,Liquid Cooling,0.09,0.62,42,4,99.95,1165870.37,805360.39,259288.21,34656.94,0.0,57890.67,29.71,53.24,7200,4029,3171,43.89,64.92,38.26,835895.76,104928.33,23335.94,59080.56,0.0,0.0,80.38,489665.55,676204.81,419.25,0.3596,1.448,360509.98,7077.05,7077.05,1.35,Low
2024-04-12,DC003,Delhi Enterprise DC,Delhi,India,35,Air Cooling,0.12,0.75,15,12,99.9,853919.96,469511.29,318100.82,13095.77,0.0,41023.0,28.16,66.54,4100,2572,1528,48.27,71.7,18.54,450838.68,102470.4,38172.1,42433.47,0.0,0.0,67.86,128087.99,725831.97,544.37,0.6375,1.819,384408.67,15141.29,15141.29,1.55,Medium
2024-04-12,DC004,Hyderabad Cloud DC,Hyderabad,India,50,Hybrid Cooling,0.1,0.66,35,6,99.95,1128802.51,701843.35,331297.62,26514.47,0.0,58238.54,28.08,54.41,6100,4242,1858,52.01,40.58,26.45,698934.5,112880.25,33129.76,47074.68,0.0,0.0,77.11,395080.88,733721.63,484.26,0.429,1.608,426959.16,11112.96,11112.96,1.45,Medium
2024-04-12,DC005,Pune Backup DC,Pune,India,30,Air Cooling,0.095,0.68,28,8,99.8,682104.59,377556.51,254445.85,14338.93,0.0,37627.14,30.14,59.68,3300,2355,945,61.25,75.47,46.61,322459.31,64799.94,24172.36,36303.37,0.0,0.0,68.65,190989.29,491115.31,333.96,0.4896,1.807,304548.08,9204.74,9204.74,1.55,Medium
2024-04-13,DC001,Mumbai Core DC,Mumbai,India,45,Air Cooling,0.11,0.72,18,9,99.9,1122697.11,615581.06,415890.8,23196.41,0.0,63573.95,29.6,53.14,5200,3981,1219,64.29,75.22,39.26,491727.9,123496.68,45747.99,53696.61,0.0,0.0,63.97,202085.48,920611.63,662.84,0.5904,1.824,507116.05,18540.11,18540.11,1.55,High
2024-04-13,DC002,Bengaluru AI Hub,Bengaluru,India,60,Liquid Cooling,0.09,0.62,42,4,99.95,1056702.97,745221.07,223437.2,21952.41,0.0,58551.56,23.88,58.38,7200,5213,1987,58.85,64.98,57.29,755479.07,95103.27,20109.35,64901.49,0.0,0.0,78.82,443815.25,612887.72,379.99,0.3596,1.418,311481.9,4558.91,4558.91,1.35,Low
2024-04-13,DC003,Delhi Enterprise DC,Delhi,India,35,Air Cooling,0.12,0.75,15,12,99.9,724536.78,397161.26,275814.72,15161.09,0.0,38985.91,31.66,47.25,4100,2212,1888,37.72,79.98,20.93,406723.98,86944.41,33097.77,40100.9,90.7,80799.48,48.9,108680.52,615856.27,461.89,0.6375,1.824,327375.52,13072.42,93871.9,1.55,High
2024-04-13,DC004,Hyderabad Cloud DC,Hyderabad,India,50,Hybrid Cooling,0.1,0.66,35,6,99.95,982670.76,632823.78,285169.9,20798.61,0.0,48194.38,25.95,56.05,6100,4742,1358,63.17,56.63,29.99,591568.9,98267.08,28516.99,45491.16,0.0,0.0,75.7,343934.77,638735.99,421.57,0.429,1.553,349846.98,6507.63,6507.63,1.45,Medium
2024-04-13,DC005,Pune Backup DC,Pune,India,30,Air Cooling,0.095,0.68,28,8,99.8,592938.8,331062.5,221794.06,12430.19,0.0,29468.82,28.86,57.77,3300,2534,766,61.75,56.88,33.4,267607.77,56329.19,21070.44,37861.75,0.0,0.0,64.8,166022.87,426915.94,290.3,0.4896,1.791,261876.31,7580.23,7580.23,1.55,Medium
2024-04-14,DC001,Mumbai Core DC,Mumbai,India,45,Air Cooling,0.11,0.72,18,9,99.9,1107307.08,611881.96,397589.21,18230.68,5023.84,61201.6,29.89,40.29,5200,4122,1078,63.33,73.75,38.91,466760.33,121803.78,43734.81,45316.55,0.0,0.0,64.2,199315.27,907991.81,653.75,0.5904,1.81,495425.12,17477.9,17477.9,1.55,High
2024-04-14,DC002,Bengaluru AI Hub,Bengaluru,India,60,Liquid Cooling,0.09,0.62,42,4,99.95,1174830.3,809340.81,285060.39,22219.39,0.0,57247.68,28.4,62.83,7200,6624,576,88.0,70.77,56.22,713429.67,105734.73,25655.44,65841.41,0.0,0.0,75.95,493428.73,681401.57,422.47,0.3596,1.452,365489.5,7399.82,7399.82,1.35,Medium
2024-04-14,DC003,Delhi Enterprise DC,Delhi,India,35,Air Cooling,0.12,0.75,15,12,99.9,841550.61,449223.73,342409.74,12846.06,4018.76,44972.28,32.65,58.54,4100,2980,1120,57.2,61.47,35.08,420775.86,100986.07,41089.17,40294.53,0.0,0.0,66.42,126232.59,715318.02,536.49,0.6375,1.873,392326.88,17430.46,17430.46,1.55,High
2024-04-14,DC004,Hyderabad Cloud DC,Hyderabad,India,50,Hybrid Cooling,0.1,0.66,35,6,99.95,1001168.86,614849.16,297783.18,21741.0,0.0,48978.25,30.06,57.19,6100,3730,2370,50.19,66.06,31.53,627073.02,100116.89,29778.32,45574.44,0.0,0.0,76.77,350409.1,650759.76,429.5,0.429,1.628,386319.7,10963.76,10963.76,1.45,Medium
2024-04-14,DC005,Pune Backup DC,Pune,India,30,Air Cooling,0.095,0.68,28,8,99.8,554680.72,318989.33,199747.18,10526.28,0.0,31246.85,27.73,73.39,3300,2323,977,56.01,62.91,39.09,276184.43,52694.67,18975.98,34225.02,0.0,0.0,68.53,155310.6,399370.12,271.57,0.4896,1.739,235691.39,5723.49,5723.49,1.55,Medium
2024-04-15,DC001,Mumbai Core DC,Mumbai,India,45,Air Cooling,0.11,0.72,18,9,99.9,1091963.99,610197.91,412212.86,19929.62,0.0,56617.18,33.88,60.14,5200,2927,2273,44.13,71.02,23.6,556244.0,120116.04,45343.41,43993.99,0.0,0.0,70.5,196553.52,895410.47,644.7,0.5904,1.79,481766.08,16077.3,16077.3,1.55,Medium
2024-04-15,DC002,Bengaluru AI Hub,Bengaluru,India,60,Liquid Cooling,0.09,0.62,42,4,99.95,1174447.0,812318.24,269894.35,23803.92,0.0,57532.43,30.18,40.92,7200,4933,2267,57.61,70.46,46.08,823517.48,105700.23,24290.49,52354.83,0.0,0.0,80.81,493267.74,681179.26,422.33,0.3596,1.446,362128.76,7003.56,7003.56,1.35,Medium
2024-04-15,DC003,Delhi Enterprise DC,Delhi,India,35,Air Cooling,0.12,0.75,15,12,99.9,825171.93,448273.28,303459.66,16656.98,0.0,43683.54,30.24,68.33,4100,2505,1595,46.89,75.04,25.9,418167.84,99020.63,36415.16,46789.15,0.0,0.0,65.13,123775.79,701396.14,526.05,0.6375,1.841,376898.65,15641.8,15641.8,1.55,Medium
2024-04-15,DC004,Hyderabad Cloud DC,Hyderabad,India,50,Hybrid Cooling,0.1,0.66,35,6,99.95,1136376.97,719858.05,340490.69,18302.66,9158.1,64274.93,31.02,61.58,6100,4382,1718,60.9,55.33,38.13,701673.97,113637.7,34049.07,57812.14,0.0,0.0,75.57,397731.94,738645.03,487.51,0.429,1.579,416518.93,9258.28,9258.28,1.45,Medium
2024-04-15,DC005,Pune Backup DC,Pune,India,30,Air Cooling,0.095,0.68,28,8,99.8,655969.52,361170.6,237521.4,11013.35,5902.93,35877.95,28.74,64.46,3300,2182,1118,55.38,64.3,30.89,319143.79,62317.1,22564.53,36213.55,0.0,0.0,69.13,183671.46,472298.05,321.16,0.4896,1.816,294798.92,9134.73,9134.73,1.55,Medium
2024-04-16,DC001,Mumbai Core DC,Mumbai,India,45,Air Cooling,0.11,0.72,18,9,99.9,1114336.87,604216.63,417054.63,25514.72,0.0,55259.2,28.59,44.98,5200,2613,2587,39.44,69.73,42.41,592023.22,122577.06,45876.01,61848.81,0.0,0.0,68.85,200580.64,913756.24,657.9,0.5904,1.844,510120.24,19558.12,19558.12,1.55,High
2024-04-16,DC002,Bengaluru AI Hub,Bengaluru,India,60,Liquid Cooling,0.09,0.62,42,4,99.95,1212635.85,817784.56,276170.93,30466.57,0.0,67918.74,30.41,63.24,7200,5656,1544,60.99,62.74,49.42,802922.98,109137.23,24855.38,50954.79,0.0,0.0,80.06,509307.06,703328.8,436.06,0.3596,1.483,394851.29,9776.4,9776.4,1.35,Medium
2024-04-16,DC003,Delhi Enterprise DC,Delhi,India,35,Air Cooling,0.12,0.75,15,12,99.9,860875.92,459478.29,335801.86,18587.22,0.0,46608.9,34.34,40.82,4100,2452,1648,45.65,67.61,24.25,457220.89,103305.11,40296.22,41956.48,0.0,0.0,68.23,129131.39,731744.53,548.81,0.6375,1.874,401397.63,17842.15,17842.15,1.55,High
2024-04-16,DC004,Hyderabad Cloud DC,Hyderabad,India,50,Hybrid Cooling,0.1,0.66,35,6,99.95,1098731.74,679008.27,328759.79,23597.51,9418.96,57588.41,31.14,56.66,6100,4022,2078,50.58,67.21,29.03,691129.06,109873.17,32875.98,56180.09,0.0,0.0,75.97,384556.11,714175.63,471.36,0.429,1.618,419723.47,11416.97,11416.97,1.45,Medium
2024-04-16,DC005,Pune Backup DC,Pune,India,30,Air Cooling,0.095,0.68,28,8,99.8,622032.6,350936.17,210901.69,11742.98,10587.7,33334.74,28.84,65.25,3300,2222,1078,53.73,62.59,38.84,339487.63,59093.1,20035.66,36889.9,0.0,0.0,71.73,174169.13,447863.47,304.55,0.4896,1.772,271096.43,7417.75,7417.75,1.55,Medium
2024-04-17,DC001,Mumbai Core DC,Mumbai,India,45,Air Cooling,0.11,0.72,18,9,99.9,1171568.2,668664.61,421177.34,22486.84,6768.62,59558.88,30.32,62.93,5200,3349,1851,52.28,58.6,33.78,586655.57,128872.5,46329.51,39643.4,0.0,0.0,71.28,210882.28,960685.92,691.69,0.5904,1.752,502903.59,14865.19,14865.19,1.55,High
2024-04-17,DC002,Bengaluru AI Hub,Bengaluru,India,60,Liquid Cooling,0.09,0.62,42,4,99.95,1201796.58,843242.29,266048.26,22954.45,10108.0,60385.14,27.56,64.08,7200,5967,1233,68.02,62.7,56.86,787314.09,108161.69,23944.34,61122.92,14.7,16656.29,76.38,504754.56,697042.02,432.17,0.3596,1.425,358554.29,5707.75,22364.05,1.35,Medium
2024-04-17,DC003,Delhi Enterprise DC,Delhi,India,35,Air Cooling,0.12,0.75,15,12,99.9,948853.63,513565.29,363401.68,15797.19,0.0,47002.51,32.05,71.09,4100,3122,978,64.51,62.12,39.74,453839.55,113862.44,43608.2,51998.37,0.0,0.0,63.45,142328.04,806525.58,604.89,0.6375,1.848,435288.34,18339.29,18339.29,1.55,Medium
2024-04-17,DC004,Hyderabad Cloud DC,Hyderabad,India,50,Hybrid Cooling,0.1,0.66,35,6,99.95,1164183.12,721645.11,327227.0,32104.13,0.0,61834.67,30.46,71.27,6100,4861,1239,66.05,79.96,35.6,627623.65,116418.31,32722.7,49023.47,0.0,0.0,73.64,407464.09,756719.03,499.43,0.429,1.613,442538.01,11779.77,11779.77,1.45,Medium
2024-04-17,DC005,Pune Backup DC,Pune,India,30,Air Cooling,0.095,0.68,28,8,99.8,623506.55,365693.75,216510.81,9829.19,0.0,32553.25,27.53,67.43,3300,2965,335,75.67,65.97,22.6,315059.66,59233.12,20568.53,35881.48,0.0,0.0,69.81,174581.83,448924.71,305.27,0.4896,1.705,257812.79,5384.72,5384.72,1.55,Medium
2024-04-18,DC001,Mumbai Core DC,Mumbai,India,45,Air Cooling,0.11,0.72,18,9,99.9,1226620.62,677861.21,452314.27,23986.92,0.0,67965.81,31.93,54.52,5200,4316,884,67.7,78.48,27.15,568629.36,134928.27,49754.57,47610.48,0.0,0.0,67.9,220791.71,1005828.91,724.2,0.5904,1.81,548759.4,19352.93,19352.93,1.55,High
2024-04-18,DC002,Bengaluru AI Hub,Bengaluru,India,60,Liquid Cooling,0.09,0.62,42,4,99.95,1259277.26,856435.09,280160.72,36435.22,0.0,71219.46,24.62,67.31,7200,5596,1604,60.1,61.1,52.74,777544.38,113334.95,25214.46,67634.68,0.0,0.0,76.73,528896.45,730380.81,452.84,0.3596,1.47,402842.17,9278.09,9278.09,1.35,Medium
2024-04-18,DC003,Delhi Enterprise DC,Delhi,India,35,Air Cooling,0.12,0.75,15,12,99.9,896137.58,481639.96,338649.54,17499.54,0.0,50541.74,28.54,45.19,4100,3230,870,64.15,61.92,31.15,467037.64,107536.51,40637.94,40116.96,0.0,0.0,68.39,134420.64,761716.94,571.29,0.6375,1.861,414497.62,17951.48,17951.48,1.55,High
2024-04-18,DC004,Hyderabad Cloud DC,Hyderabad,India,50,Hybrid Cooling,0.1,0.66,35,6,99.95,1018343.97,658960.14,273721.31,20203.95,0.0,48841.01,25.96,47.47,6100,4301,1799,54.12,74.0,23.71,690366.87,101834.4,27372.13,38566.48,0.0,0.0,79.66,356420.39,661923.58,436.87,0.429,1.545,359383.83,6285.18,6285.18,1.45,Medium
2024-04-18,DC005,Pune Backup DC,Pune,India,30,Air Cooling,0.095,0.68,28,8,99.8,641140.92,364300.2,229977.48,15797.95,0.0,32116.7,28.69,50.48,3300,2420,880,55.72,65.86,41.92,340445.38,60908.39,21847.86,36998.01,0.0,0.0,71.24,179519.46,461621.46,313.9,0.4896,1.76,276840.72,7265.18,7265.18,1.55,Medium
2024-04-19,DC001,Mumbai Core DC,Mumbai,India,45,Air Cooling,0.11,0.72,18,9,99.9,1198793.86,681332.75,432567.46,27493.96,0.0,60600.18,30.31,73.82,5200,4117,1083,62.18,75.53,26.82,540611.8,131867.32,47582.42,52694.68,0.0,0.0,65.86,215782.9,983010.97,707.77,0.5904,1.759,517461.11,15700.09,15700.09,1.55,High
2024-04-19,DC002,Bengaluru AI Hub,Bengaluru,India,60,Liquid Cooling,0.09,0.62,42,4,99.95,1278167.65,879250.25,290918.36,29375.85,2735.22,61541.04,28.66,50.47,7200,5897,1303,69.41,80.04,59.57,833174.62,115035.09,26182.65,48860.47,0.0,0.0,80.33,536830.41,741337.24,459.63,0.3596,1.454,398917.4,8206.18,8206.18,1.35,Medium
2024-04-19,DC003,Delhi Enterprise DC,Delhi,India,35,Air Cooling,0.12,0.75,15,12,99.9,834452.47,439045.81,326970.95,12081.98,6433.87,43344.46,31.15,49.54,4100,2413,1687,41.83,53.7,28.26,413023.33,100134.3,39236.51,44987.23,21.8,41144.62,54.9,125167.87,709284.6,531.96,0.6375,1.901,395406.66,18471.78,59616.4,1.55,High
2024-04-19,DC004,Hyderabad Cloud DC,Hyderabad,India,50,Hybrid Cooling,0.1,0.66,35,6,99.95,1083053.96,682882.87,307720.68,19040.85,0.0,60378.5,28.76,69.09,6100,4678,1422,60.77,60.25,30.61,700317.5,108305.4,30772.07,54718.75,0.0,0.0,76.72,379068.89,703985.07,464.63,0.429,1.586,400171.09,9287.38,9287.38,1.45,Medium
2024-04-19,DC005,Pune Backup DC,Pune,India,30,Air Cooling,0.095,0.68,28,8,99.8,620779.12,362509.75,217673.74,10855.04,2709.58,32156.39,25.66,66.79,3300,2275,1025,57.72,70.2,21.49,331520.59,58974.02,20679.01,44272.35,25.0,33892.42,58.63,173818.15,446960.96,303.93,0.4896,1.712,258269.37,5594.46,39486.87,1.55,Medium
2024-04-20,DC001,Mumbai Core DC,Mumbai,India,45,Air Cooling,0.11,0.72,18,9,99.9,956063.26,530243.61,354557.38,20228.43,8804.15,47487.41,28.15,56.63,5200,2807,2393,39.06,55.34,25.37,482165.35,105166.96,39001.31,42344.39,0.0,0.0,69.41,172091.39,783971.87,564.46,0.5904,1.803,425819.65,14760.42,14760.42,1.55,Medium
2024-04-20,DC002,Bengaluru AI Hub,Bengaluru,India,60,Liquid Cooling,0.09,0.62,42,4,99.95,1085009.7,756021.23,243863.54,20716.89,0.0,58114.61,28.41,56.44,7200,5858,1342,64.86,57.44,61.8,764156.97,97650.87,21947.72,46216.47,0.0,0.0,81.17,455704.07,629305.63,390.17,0.3596,1.435,328988.47,5794.29,5794.29,1.35,Low
2024-04-20,DC003,Delhi Enterprise DC,Delhi,India,35,Air Cooling,0.12,0.75,15,12,99.9,855262.37,470445.32,333261.58,15436.48,0.0,45890.03,29.52,61.21,4100,3772,328,85.28,73.57,28.19,406590.85,102631.48,39991.39,46186.38,0.0,0.0,63.4,128289.36,726973.01,545.23,0.6375,1.818,384817.05,15128.65,15128.65,1.55,Medium
2024-04-20,DC004,Hyderabad Cloud DC,Hyderabad,India,50,Hybrid Cooling,0.1,0.66,35,6,99.95,1089600.99,676444.52,315474.66,19351.38,6809.33,54681.51,27.67,45.67,6100,5323,777,73.41,74.15,16.78,609228.24,108960.1,31547.47,52922.57,0.0,0.0,73.43,381360.35,708240.64,467.44,0.429,1.611,413156.47,10875.64,10875.64,1.45,Medium
2024-04-20,DC005,Pune Backup DC,Pune,India,30,Air Cooling,0.095,0.68,28,8,99.8,542565.11,305514.03,187697.55,12353.42,0.0,30269.64,28.75,63.01,3300,2173,1127,50.55,53.43,31.38,268530.56,51543.69,17831.27,38327.89,0.0,0.0,66.53,151918.23,390646.88,265.64,0.4896,1.776,237051.08,6556.74,6556.74,1.55,Medium
2024-04-21,DC001,Mumbai Core DC,Mumbai,India,45,Air Cooling,0.11,0.72,18,9,99.9,1101402.62,596402.26,426364.51,25926.21,0.0,54059.39,31.42,58.24,5200,3944,1256,59.76,64.13,29.45,505376.16,121154.29,46900.1,43491.22,0.0,0.0,67.42,198252.47,903150.15,650.27,0.5904,1.847,505000.37,19467.7,19467.7,1.55,High
2024-04-21,DC002,Bengaluru AI Hub,Bengaluru,India,60,Liquid Cooling,0.09,0.62,42,4,99.95,1112847.56,790333.44,245441.64,20283.74,0.0,58857.67,27.87,74.27,7200,5807,1393,64.34,68.71,45.02,729106.21,100156.28,22089.75,63671.63,0.0,0.0,77.53,467395.97,645451.58,400.18,0.3596,1.408,322514.11,4130.77,4130.77,1.35,Low
2024-04-21,DC003,Delhi Enterprise DC,Delhi,India,35,Air Cooling,0.12,0.75,15,12,99.9,844822.71,436650.93,336663.44,18369.22,0.0,46941.7,32.62,51.61,4100,3144,956,62.68,83.28,31.09,392171.99,101378.73,40399.61,40386.5,0.0,0.0,63.85,126723.41,718099.3,538.57,0.6375,1.935,408171.78,20161.65,20161.65,1.55,High
2024-04-21,DC004,Hyderabad Cloud DC,Hyderabad,India,50,Hybrid Cooling,0.1,0.66,35,6,99.95,1046038.55,640949.49,334202.42,18047.38,0.0,57931.84,31.54,61.96,6100,4547,1553,62.22,71.22,46.7,616149.88,104603.85,33420.24,45988.34,0.0,0.0,75.56,366113.49,679925.06,448.75,0.429,1.632,405089.05,11666.18,11666.18,1.45,Medium
2024-04-21,DC005,Pune Backup DC,Pune,India,30,Air Cooling,0.095,0.68,28,8,99.8,568729.07,325208.2,192982.96,10306.12,3683.95,31316.12,26.84,70.66,3300,2493,807,65.32,63.51,37.79,287308.7,54029.26,18333.38,37865.08,0.0,0.0,68.02,159244.14,409484.93,278.45,0.4896,1.749,243520.87,6142.35,6142.35,1.55,Medium
2024-04-22,DC001,Mumbai Core DC,Mumbai,India,45,Air Cooling,0.11,0.72,18,9,99.9,1153412.99,613029.31,439312.25,26720.27,0.0,57997.77,32.27,49.9,5200,3161,2039,44.34,65.05,20.3,531684.36,126875.43,48324.35,52214.6,9.7,14399.7,63.61,207614.34,945798.65,680.98,0.5904,1.881,540383.68,22353.93,36753.63,1.55,High
2024-04-22,DC002,Bengaluru AI Hub,Bengaluru,India,60,Liquid Cooling,0.09,0.62,42,4,99.95,1273647.74,857660.64,284502.44,36198.33,8772.35,66402.5,28.05,73.65,7200,5611,1589,61.75,67.41,36.73,789447.48,114628.3,25605.22,47706.23,0.0,0.0,79.44,534932.05,738715.69,458.0,0.3596,1.485,415987.1,10422.53,10422.53,1.35,Medium
2024-04-22,DC003,Delhi Enterprise DC,Delhi,India,35,Air Cooling,0.12,0.75,15,12,99.9,810960.43,440866.03,306849.63,11110.26,8896.84,42889.34,33.15,61.33,4100,2244,1856,41.92,55.88,19.07,408081.59,97315.25,36821.96,51263.59,0.0,0.0,63.59,121644.06,689316.36,516.99,0.6375,1.839,370094.39,15314.17,15314.17,1.55,Medium
2024-04-22,DC004,Hyderabad Cloud DC,Hyderabad,India,50,Hybrid Cooling,0.1,0.66,35,6,99.95,1158929.66,713882.18,352155.32,26501.07,0.0,56306.57,32.84,62.41,6100,5029,1071,67.2,69.26,35.61,700134.39,115892.97,35215.53,56960.74,0.0,0.0,75.31,405625.38,753304.28,497.18,0.429,1.623,445047.48,12380.05,12380.05,1.45,Medium
2024-04-22,DC005,Pune Backup DC,Pune,India,30,Air Cooling,0.095,0.68,28,8,99.8,659755.97,378214.28,239772.15,13550.81,0.0,35686.07,29.71,53.6,3300,2672,628,66.58,71.58,29.51,340058.68,62676.82,22778.35,28835.34,0.0,0.0,73.09,184731.67,475024.3,323.02,0.4896,1.744,281541.69,6984.76,6984.76,1.55,Medium
2024-04-23,DC001,Mumbai Core DC,Mumbai,India,45,Air Cooling,0.11,0.72,18,9,99.9,1226576.41,658615.1,471509.43,25664.15,0.0,59001.95,30.55,64.01,5200,4071,1129,61.76,75.42,45.07,595940.14,134923.41,51866.04,49895.21,0.0,0.0,68.99,220783.75,1005792.66,724.17,0.5904,1.862,567961.31,22629.53,22629.53,1.55,High
2024-04-23,DC002,Bengaluru AI Hub,Bengaluru,India,60,Liquid Cooling,0.09,0.62,42,4,99.95,1258412.85,843540.92,300683.99,30072.1,0.0,70618.83,30.83,65.2,7200,5378,1822,61.64,60.98,52.84,770037.95,113257.16,27061.56,53859.26,0.0,0.0,78.3,528533.4,729879.45,452.53,0.3596,1.492,414871.93,10766.94,10766.94,1.35,Medium
2024-04-23,DC003,Delhi Enterprise DC,Delhi,India,35,Air Cooling,0.12,0.75,15,12,99.9,1020116.94,524644.33,400971.88,22859.45,9362.87,52344.89,32.98,58.15,4100,3607,493,73.02,69.48,26.41,434439.04,122414.03,48116.63,54801.74,0.0,0.0,59.21,153017.54,867099.4,650.32,0.6375,1.944,495472.62,24830.19,24830.19,1.55,High
2024-04-23,DC004,Hyderabad Cloud DC,Hyderabad,India,50,Hybrid Cooling,0.1,0.66,35,6,99.95,1069976.76,674247.88,287744.47,27638.62,0.0,58491.23,27.45,52.29,6100,4246,1854,56.57,66.44,27.27,637117.13,106997.68,28774.45,39049.7,0.0,0.0,77.08,374491.86,695484.89,459.02,0.429,1.587,395728.88,9231.73,9231.73,1.45,Medium
2024-04-23,DC005,Pune Backup DC,Pune,India,30,Air Cooling,0.095,0.68,28,8,99.8,642525.84,367872.08,224631.36,15432.92,0.0,33410.07,24.45,61.95,3300,2372,928,59.45,65.59,43.64,303603.57,61039.95,21339.98,38066.86,0.0,0.0,67.36,179907.23,462618.6,314.58,0.4896,1.747,274653.76,6870.79,6870.79,1.55,Medium
2024-04-24,DC001,Mumbai Core DC,Mumbai,India,45,Air Cooling,0.11,0.72,18,9,99.9,1179805.65,628186.11,463764.86,17303.04,3748.67,63304.21,32.95,58.98,5200,3232,1968,51.65,73.55,26.66,545433.82,129778.62,51014.13,43385.6,0.0,0.0,68.25,212365.02,967440.63,696.56,0.5904,1.878,551619.54,22672.89,22672.89,1.55,High
2024-04-24,DC002,Bengaluru AI Hub,Bengaluru,India,60,Liquid Cooling,0.09,0.62,42,4,99.95,1334013.09,904861.59,291841.6,37912.45,0.0,70931.79,30.38,52.79,7200,5970,1230,64.99,88.94,63.26,774815.1,120061.18,26265.74,55622.67,0.0,0.0,77.33,560285.5,773727.59,479.71,0.3596,1.474,429151.5,10120.49,10120.49,1.35,Medium
2024-04-24,DC003,Delhi Enterprise DC,Delhi,India,35,Air Cooling,0.12,0.75,15,12,99.9,874321.93,465604.34,348433.71,14759.53,0.0,49104.86,31.81,66.56,4100,2628,1472,48.97,70.56,35.66,419210.94,104918.63,41812.04,40092.18,0.0,0.0,65.41,131148.29,743173.64,557.38,0.6375,1.878,408717.59,18316.22,18316.22,1.55,High
2024-04-24,DC004,Hyderabad Cloud DC,Hyderabad,India,50,Hybrid Cooling,0.1,0.66,35,6,99.95,1189403.43,718500.32,351796.82,28206.03,5720.14,57331.52,28.9,54.02,6100,4599,1501,59.67,74.57,29.94,621264.65,118940.34,35179.68,59574.57,0.0,0.0,71.27,416291.2,773112.23,510.25,0.429,1.655,470903.11,14757.8,14757.8,1.45,Medium
2024-04-24,DC005,Pune Backup DC,Pune,India,30,Air Cooling,0.095,0.68,28,8,99.8,638670.74,359723.59,235173.88,9363.11,0.0,32374.15,29.79,59.19,3300,2332,968,56.3,54.27,21.55,329663.76,60673.72,22341.52,39765.97,0.0,0.0,69.53,178827.81,459842.93,312.69,0.4896,1.775,278947.15,7704.42,7704.42,1.55,Medium
2024-04-25,DC001,Mumbai Core DC,Mumbai,India,45,Air Cooling,0.11,0.72,18,9,99.9,1168571.79,629403.41,471476.98,20895.26,0.0,65346.22,33.11,69.17,5200,3259,1941,47.13,89.14,31.18,557718.13,128542.9,51862.47,48034.29,0.0,0.0,68.34,210342.92,958228.87,689.92,0.5904,1.857,539168.38,21229.62,21229.62,1.55,High
2024-04-25,DC002,Bengaluru AI Hub,Bengaluru,India,60,Liquid Cooling,0.09,0.62,42,4,99.95,1142069.9,803870.06,257840.49,25142.55,0.0,60480.33,28.1,53.42,7200,4901,2299,54.81,62.77,40.54,734097.16,102786.29,23205.64,69251.62,0.0,0.0,76.56,479669.36,662400.54,410.69,0.3596,1.421,338199.84,5116.08,5116.08,1.35,Low
2024-04-25,DC003,Delhi Enterprise DC,Delhi,India,35,Air Cooling,0.12,0.75,15,12,99.9,798247.77,437104.84,296213.96,14699.14,0.0,41845.76,32.17,63.67,4100,2155,1945,36.63,60.02,36.3,452890.44,95789.73,35545.68,39178.64,0.0,0.0,70.2,119737.17,678510.61,508.88,0.6375,1.826,361142.93,14488.23,14488.23,1.55,Medium
2024-04-25,DC004,Hyderabad Cloud DC,Hyderabad,India,50,Hybrid Cooling,0.1,0.66,35,6,99.95,1205391.18,747179.07,336780.58,32438.39,0.0,65570.59,29.75,66.32,6100,5219,881,72.86,63.67,24.25,676635.78,120539.12,33678.06,56413.15,0.0,0.0,73.85,421886.91,783504.27,517.11,0.429,1.613,458212.11,12198.15,12198.15,1.45,Medium
2024-04-25,DC005,Pune Backup DC,Pune,India,30,Air Cooling,0.095,0.68,28,8,99.8,616754.53,346895.05,223869.32,11818.9,4002.14,31060.09,28.13,46.33,3300,2020,1280,51.15,66.7,24.09,318111.84,58591.68,21267.59,32107.14,0.0,0.0,71.49,172691.27,444063.26,301.96,0.4896,1.778,269859.47,7511.38,7511.38,1.55,Medium
2024-04-26,DC001,Mumbai Core DC,Mumbai,India,45,Air Cooling,0.11,0.72,18,9,99.9,1172498.17,632147.24,442470.58,26959.62,0.0,62082.75,29.61,60.12,5200,3538,1662,54.97,68.02,37.9,538576.4,128974.8,48671.76,42277.28,0.0,0.0,68.2,211049.67,961448.5,692.24,0.5904,1.855,540350.93,21193.69,21193.69,1.55,High
2024-04-26,DC002,Bengaluru AI Hub,Bengaluru,India,60,Liquid Cooling,0.09,0.62,42,4,99.95,1232999.97,858535.22,275590.47,32906.52,4258.17,67225.3,23.28,38.7,7200,5312,1888,55.88,86.53,60.23,747010.24,110970.0,24803.14,59251.77,78.9,161730.87,55.56,517859.99,715139.98,443.39,0.3596,1.436,374464.75,6657.97,168388.84,1.35,High
2024-04-26,DC003,Delhi Enterprise DC,Delhi,India,35,Air Cooling,0.12,0.75,15,12,99.9,1011711.13,544809.48,388941.22,14814.62,0.0,56346.61,32.93,56.01,4100,3772,328,81.33,65.77,37.54,451702.81,121405.34,46672.95,36312.18,0.0,0.0,65.08,151756.67,859954.46,644.97,0.6375,1.857,466901.65,20070.77,20070.77,1.55,High
2024-04-26,DC004,Hyderabad Cloud DC,Hyderabad,India,50,Hybrid Cooling,0.1,0.66,35,6,99.95,1078902.27,678811.6,304176.5,23126.62,0.0,58369.96,27.56,75.69,6100,4138,1962,57.24,60.62,29.16,686317.02,107890.23,30417.65,51485.78,0.0,0.0,76.78,377615.79,701286.47,462.85,0.429,1.589,400090.67,9462.54,9462.54,1.45,Medium
2024-04-26,DC005,Pune Backup DC,Pune,India,30,Air Cooling,0.095,0.68,28,8,99.8,561759.72,319152.5,194409.21,13999.07,0.0,29299.2,27.31,79.49,3300,1640,1660,39.42,66.24,23.31,299014.49,53367.17,18468.87,31449.55,0.0,0.0,71.63,157292.72,404467.0,275.04,0.4896,1.76,242607.21,6371.97,6371.97,1.55,Medium
2024-04-27,DC001,Mumbai Core DC,Mumbai,India,45,Air Cooling,0.11,0.72,18,9,99.9,1108673.67,598143.29,421787.39,15417.89,7713.71,55400.9,31.62,46.05,5200,3847,1353,60.06,76.36,30.69,517060.95,121954.1,46396.61,61986.19,0.0,0.0,64.43,199561.26,909112.41,654.56,0.5904,1.854,510530.38,19970.67,19970.67,1.55,High
2024-04-27,DC002,Bengaluru AI Hub,Bengaluru,India,60,Liquid Cooling,0.09,0.62,42,4,99.95,1105947.65,731855.31,265628.91,31423.21,0.0,56142.21,29.68,47.5,7200,5383,1817,59.99,59.75,42.74,667423.64,99535.29,23906.6,55495.93,0.0,0.0,76.77,464498.01,641449.64,397.7,0.3596,1.511,374092.34,10614.87,10614.87,1.35,Low
2024-04-27,DC003,Delhi Enterprise DC,Delhi,India,35,Air Cooling,0.12,0.75,15,12,99.9,788206.08,428638.15,307983.14,12729.35,0.0,38187.56,32.39,52.89,4100,3057,1043,58.13,56.77,20.19,384974.4,94584.73,36957.98,40379.38,0.0,0.0,64.94,118230.91,669975.16,502.48,0.6375,1.839,359567.93,14858.03,14858.03,1.55,Medium
2024-04-27,DC004,Hyderabad Cloud DC,Hyderabad,India,50,Hybrid Cooling,0.1,0.66,35,6,99.95,1034740.6,658151.46,298855.99,18645.89,7814.94,55111.05,26.6,71.12,6100,5271,829,73.7,70.23,30.52,580570.57,103474.06,29885.6,58195.3,0.0,0.0,72.15,362159.21,672581.39,443.9,0.429,1.572,376589.14,8042.1,8042.1,1.45,Medium
2024-04-27,DC005,Pune Backup DC,Pune,India,30,Air Cooling,0.095,0.68,28,8,99.8,513168.68,292142.59,174077.65,10432.25,0.0,28449.68,27.39,63.71,3300,1889,1411,46.74,79.26,24.93,272805.6,48751.02,16537.38,39780.64,0.0,0.0,67.55,143687.23,369481.45,251.25,0.4896,1.757,221026.09,5733.03,5733.03,1.55,Medium
2024-04-28,DC001,Mumbai Core DC,Mumbai,India,45,Air Cooling,0.11,0.72,18,9,99.9,1042056.34,590699.53,383950.53,18329.01,0.0,50239.85,31.41,38.41,5200,3952,1248,58.48,74.25,33.57,516968.51,114626.2,42234.56,46447.68,0.0,0.0,68.84,187570.14,854486.2,615.23,0.5904,1.764,451356.81,13911.93,13911.93,1.55,Medium
2024-04-28,DC002,Bengaluru AI Hub,Bengaluru,India,60,Liquid Cooling,0.09,0.62,42,4,99.95,1141871.48,789140.69,247610.9,31449.66,0.0,62067.06,28.94,72.22,7200,6140,1060,69.65,71.93,42.86,688047.4,102768.43,22284.98,59277.56,0.0,0.0,76.45,479586.02,662285.46,410.62,0.3596,1.447,352730.8,6887.84,6887.84,1.35,Low
2024-04-28,DC003,Delhi Enterprise DC,Delhi,India,35,Air Cooling,0.12,0.75,15,12,99.9,810282.12,437079.22,300417.88,19379.1,6608.47,42417.75,32.46,57.83,4100,3136,964,64.4,61.34,31.19,406566.0,97233.85,36050.15,52884.77,0.0,0.0,63.08,121542.32,688739.8,516.55,0.6375,1.854,373202.9,15937.12,15937.12,1.55,High
2024-04-28,DC004,Hyderabad Cloud DC,Hyderabad,India,50,Hybrid Cooling,0.1,0.66,35,6,99.95,962825.44,611863.04,283127.12,16629.81,0.0,46939.01,28.17,55.58,6100,4331,1769,54.83,66.05,23.44,557248.73,96282.54,28312.71,49070.59,0.0,0.0,73.92,336988.9,625836.53,413.05,0.429,1.574,350962.39,7562.4,7562.4,1.45,Low
2024-04-28,DC005,Pune Backup DC,Pune,India,30,Air Cooling,0.095,0.68,28,8,99.8,513447.02,298300.53,180830.37,8356.07,0.0,28517.7,27.34,54.43,3300,1872,1428,44.88,67.75,30.26,285469.77,48777.47,17178.88,36211.36,0.0,0.0,70.23,143765.17,369681.86,251.38,0.4896,1.721,215146.49,4852.71,4852.71,1.55,Medium
2024-04-29,DC001,Mumbai Core DC,Mumbai,India,45,Air Cooling,0.11,0.72,18,9,99.9,1175988.43,642281.32,445150.72,27890.81,0.0,64137.73,30.55,69.1,5200,3169,2031,46.51,69.48,30.52,588167.18,129358.73,48966.58,42460.06,0.0,0.0,70.79,211677.92,964310.51,694.3,0.5904,1.831,533707.11,19849.76,19849.76,1.55,High
2024-04-29,DC002,Bengaluru AI Hub,Bengaluru,India,60,Liquid Cooling,0.09,0.62,42,4,99.95,1299215.17,898683.75,298261.22,30294.26,0.0,68193.68,29.75,60.55,7200,6555,645,77.15,66.93,60.89,804925.21,116929.37,26843.51,59865.42,0.0,0.0,78.04,545670.37,753544.8,467.2,0.3596,1.446,400531.41,7739.29,7739.29,1.35,Medium
2024-04-29,DC003,Delhi Enterprise DC,Delhi,India,35,Air Cooling,0.12,0.75,15,12,99.9,930236.21,487862.35,364176.6,21242.3,0.0,45910.65,30.65,61.89,4100,2806,1294,56.43,56.38,42.59,441716.08,111628.35,43701.19,38089.22,0.0,0.0,66.11,139535.43,790700.78,593.03,0.6375,1.907,442373.86,20885.95,20885.95,1.55,High
2024-04-29,DC004,Hyderabad Cloud DC,Hyderabad,India,50,Hybrid Cooling,0.1,0.66,35,6,99.95,1116410.33,690525.14,337450.42,18185.28,0.0,59637.36,30.11,57.96,6100,3784,2316,51.29,63.12,30.4,667951.94,111641.03,33745.04,59854.68,0.0,0.0,74.33,390743.62,725666.72,478.94,0.429,1.617,425885.19,11514.89,11514.89,1.45,Medium
2024-04-29,DC005,Pune Backup DC,Pune,India,30,Air Cooling,0.095,0.68,28,8,99.8,625252.85,358589.04,217005.65,10057.86,0.0,33043.79,29.12,57.2,3300,2215,1085,52.81,70.94,42.52,326430.44,59399.02,20615.54,36562.42,0.0,0.0,70.6,175070.8,450182.05,306.12,0.4896,1.744,266663.81,6596.78,6596.78,1.55,Medium
2024-04-30,DC001,Mumbai Core DC,Mumbai,India,45,Air Cooling,0.11,0.72,18,9,99.9,1170137.57,637460.13,435110.63,18695.98,0.0,57756.62,33.46,51.15,5200,3686,1514,55.98,72.19,44.79,560608.46,128715.13,47862.17,54115.79,0.0,0.0,67.39,210624.76,959512.81,690.85,0.5904,1.836,532677.45,20028.18,20028.18,1.55,High
2024-04-30,DC002,Bengaluru AI Hub,Bengaluru,India,60,Liquid Cooling,0.09,0.62,42,4,99.95,1220417.28,842669.78,269401.97,27564.23,5149.98,61863.16,27.31,44.26,7200,4784,2416,55.52,76.38,58.38,815279.06,109837.55,24246.18,48173.3,0.0,0.0,80.62,512575.26,707842.02,438.86,0.3596,1.448,377747.49,7453.18,7453.18,1.35,Medium
2024-04-30,DC003,Delhi Enterprise DC,Delhi,India,35,Air Cooling,0.12,0.75,15,12,99.9,956348.21,502646.87,376202.51,14355.72,0.0,51921.07,32.8,63.47,4100,3140,960,61.03,66.98,24.03,428535.17,114761.79,45144.3,57012.52,0.0,0.0,59.92,143452.23,812895.98,609.67,0.6375,1.903,453701.34,21269.47,21269.47,1.55,High
2024-04-30,DC004,Hyderabad Cloud DC,Hyderabad,India,50,Hybrid Cooling,0.1,0.66,35,6,99.95,1134943.47,713530.79,340214.72,19181.26,0.0,60408.44,30.89,65.16,6100,5140,960,70.06,67.65,43.98,646022.86,113494.35,34021.47,41443.84,15.0,21726.28,72.65,397230.21,737713.26,486.89,0.429,1.591,421412.68,10032.38,31758.66,1.45,Medium
2024-04-30,DC005,Pune Backup DC,Pune,India,30,Air Cooling,0.095,0.68,28,8,99.8,589300.95,336777.83,200634.99,14312.63,0.0,30142.8,25.59,43.14,3300,1922,1378,40.83,79.73,39.09,337645.02,55983.59,19060.32,35899.87,0.0,0.0,72.79,165004.27,424296.68,288.52,0.4896,1.75,252523.11,6393.05,6393.05,1.55,Medium
2024-05-01,DC001,Mumbai Core DC,Mumbai,India,45,Air Cooling,0.11,0.72,18,9,99.9,1265785.93,675447.15,489153.94,20634.62,0.0,64336.72,31.99,78.44,5200,4282,918,66.66,73.64,39.54,594421.58,139236.45,53806.93,55099.79,0.0,0.0,67.31,227841.47,1037944.46,747.32,0.5904,1.874,590338.78,24072.71,24072.71,1.55,High
2024-05-01,DC002,Bengaluru AI Hub,Bengaluru,India,60,Liquid Cooling,0.09,0.62,42,4,99.95,1225785.13,847403.8,288080.32,23685.17,0.0,61690.72,27.74,48.59,7200,5510,1690,63.21,65.42,65.78,843782.19,110320.66,25927.23,49158.72,0.0,0.0,81.1,514829.76,710955.38,440.79,0.3596,1.447,378381.33,7361.1,7361.1,1.35,Medium
2024-05-01,DC003,Delhi Enterprise DC,Delhi,India,35,Air Cooling,0.12,0.75,15,12,99.9,894907.56,483843.9,355765.71,16576.54,0.0,44334.78,32.48,66.0,4100,2746,1354,52.45,73.63,32.13,421888.21,107388.91,42691.88,51744.24,0.0,0.0,62.28,134236.13,760671.42,570.5,0.6375,1.85,411063.66,17393.94,17393.94,1.55,Medium
2024-05-01,DC004,Hyderabad Cloud DC,Hyderabad,India,50,Hybrid Cooling,0.1,0.66,35,6,99.95,1057579.02,664802.05,328231.69,18384.9,0.0,53257.14,29.51,60.92,6100,4086,2014,50.29,54.87,31.03,633084.25,105757.9,32823.17,56966.81,0.0,0.0,74.3,370152.66,687426.36,453.7,0.429,1.591,392776.97,9361.6,9361.6,1.45,Medium
2024-05-01,DC005,Pune Backup DC,Pune,India,30,Air Cooling,0.095,0.68,28,8,99.8,616289.24,346691.09,217057.73,12293.96,0.0,29728.6,26.01,69.68,3300,2194,1106,53.65,68.47,31.2,328489.65,58547.48,20620.48,33879.08,0.0,0.0,71.86,172560.99,443728.26,301.74,0.4896,1.778,269598.16,7497.22,7497.22,1.55,Medium
2024-05-02,DC001,Mumbai Core DC,Mumbai,India,45,Air Cooling,0.11,0.72,18,9,99.9,1157365.59,659697.32,415080.49,26696.75,0.0,64793.33,30.21,76.97,5200,3488,1712,51.49,50.07,33.56,540099.09,127310.21,45658.85,48957.7,0.0,0.0,67.36,208325.81,949039.78,683.31,0.5904,1.754,497668.27,14831.82,14831.82,1.55,High
2024-05-02,DC002,Bengaluru AI Hub,Bengaluru,India,60,Liquid Cooling,0.09,0.62,42,4,99.95,1253929.33,855193.84,297838.36,24095.1,0.0,62137.08,28.01,44.51,7200,5612,1588,67.11,62.38,49.43,786959.32,112853.64,26805.45,59270.37,0.0,0.0,78.13,526650.32,727279.01,450.91,0.3596,1.466,398735.49,8947.59,8947.59,1.35,Medium
2024-05-02,DC003,Delhi Enterprise DC,Delhi,India,35,Air Cooling,0.12,0.75,15,12,99.9,835157.2,459035.13,326352.15,15158.75,0.0,45594.93,31.3,49.02,4100,2290,1810,42.08,67.58,27.57,464649.26,100218.86,39162.26,46140.51,0.0,0.0,68.5,125273.58,709883.62,532.41,0.6375,1.819,376122.07,14838.33,14838.33,1.55,Medium
2024-05-02,DC004,Hyderabad Cloud DC,Hyderabad,India,50,Hybrid Cooling,0.1,0.66,35,6,99.95,1130799.0,669184.66,361690.52,19385.77,0.0,60748.19,32.98,56.05,6100,3204,2896,35.43,65.44,33.12,629069.52,113079.9,36169.05,43015.43,0.0,0.0,75.19,395779.65,735019.35,485.11,0.429,1.69,461614.34,16048.12,16048.12,1.45,Medium
2024-05-02,DC005,Pune Backup DC,Pune,India,30,Air Cooling,0.095,0.68,28,8,99.8,627392.18,345585.78,228303.94,11656.95,3810.17,34704.99,28.07,70.27,3300,2365,935,60.07,70.63,20.63,324448.62,59602.26,21688.87,33143.38,0.0,0.0,71.41,175669.81,451722.37,307.17,0.4896,1.815,281806.4,8714.75,8714.75,1.55,Medium
2024-05-03,DC001,Mumbai Core DC,Mumbai,India,45,Air Cooling,0.11,0.72,18,9,99.9,1144385.31,631734.15,423183.12,17416.94,0.0,63827.35,33.51,55.01,5200,3235,1965,46.58,52.2,15.23,511573.81,125882.38,46550.14,47338.18,0.0,0.0,66.14,205989.36,938395.95,675.65,0.5904,1.811,512651.16,18171.71,18171.71,1.55,High
2024-05-03,DC002,Bengaluru AI Hub,Bengaluru,India,60,Liquid Cooling,0.09,0.62,42,4,99.95,1204936.92,821386.86,267059.65,30564.9,0.0,59192.36,25.2,59.21,7200,5119,2081,56.24,67.97,49.15,810402.73,108444.32,24035.37,54778.33,0.0,0.0,79.86,506073.51,698863.41,433.3,0.3596,1.467,383550.06,8645.82,8645.82,1.35,Medium
2024-05-03,DC003,Delhi Enterprise DC,Delhi,India,35,Air Cooling,0.12,0.75,15,12,99.9,888024.7,480145.06,339354.72,13574.11,0.0,48815.76,31.44,50.69,4100,2230,1870,44.13,77.9,34.95,459010.26,106562.96,40722.57,45848.24,0.0,0.0,66.8,133203.7,754820.99,566.12,0.6375,1.849,407879.64,17255.98,17255.98,1.55,Medium
2024-05-03,DC004,Hyderabad Cloud DC,Hyderabad,India,50,Hybrid Cooling,0.1,0.66,35,6,99.95,1090525.07,682222.96,312047.25,22854.21,0.0,57045.05,30.65,62.45,6100,4014,2086,55.71,59.38,19.83,618276.32,109052.51,31204.73,60941.35,0.0,0.0,72.51,381683.77,708841.29,467.84,0.429,1.598,408302.11,10130.18,10130.18,1.45,Medium
2024-05-03,DC005,Pune Backup DC,Pune,India,30,Air Cooling,0.095,0.68,28,8,99.8,624751.51,347918.42,227322.7,13621.46,6876.62,33913.65,26.95,66.54,3300,2330,970,59.97,48.84,39.58,321668.46,59351.39,21595.66,29778.31,0.0,0.0,72.29,174930.42,449821.08,305.88,0.4896,1.796,276833.08,8120.41,8120.41,1.55,Medium
2024-05-04,DC001,Mumbai Core DC,Mumbai,India,45,Air Cooling,0.11,0.72,18,9,99.9,994279.3,573546.6,361728.77,18432.47,0.0,52825.79,29.68,77.55,5200,3287,1913,50.53,62.24,29.63,464796.71,109370.72,39790.17,52522.15,0.0,0.0,65.17,178970.27,815309.03,587.02,0.5904,1.734,420732.7,11581.03,11581.03,1.55,Medium
2024-05-04,DC002,Bengaluru AI Hub,Bengaluru,India,60,Liquid Cooling,0.09,0.62,42,4,99.95,1175424.3,777113.57,281120.51,23221.72,9596.8,62175.26,31.4,71.35,7200,4781,2419,54.22,59.91,61.22,748781.45,105788.19,25300.85,60858.26,34.9,31335.29,73.56,493678.21,681746.09,422.68,0.3596,1.513,398310.74,11368.89,42704.18,1.35,Medium
2024-05-04,DC003,Delhi Enterprise DC,Delhi,India,35,Air Cooling,0.12,0.75,15,12,99.9,795422.69,408836.26,322175.45,16121.18,0.0,44831.47,34.95,65.12,4100,2616,1484,48.73,64.08,30.88,394293.02,95450.72,38661.05,53468.24,0.0,0.0,62.23,119313.4,676109.29,507.08,0.6375,1.946,386586.43,19407.18,19407.18,1.55,High
2024-05-04,DC004,Hyderabad Cloud DC,Hyderabad,India,50,Hybrid Cooling,0.1,0.66,35,6,99.95,1066423.41,666748.25,322635.21,25854.67,0.0,56741.31,31.94,62.18,6100,4915,1185,68.86,70.55,20.15,545521.71,106642.34,32263.52,45034.07,0.0,0.0,72.2,373248.19,693175.22,457.5,0.429,1.599,399675.17,9963.85,9963.85,1.45,Medium
2024-05-04,DC005,Pune Backup DC,Pune,India,30,Air Cooling,0.095,0.68,28,8,99.8,554917.86,320844.53,198338.18,8430.01,0.0,29444.45,28.39,64.7,3300,2935,365,71.14,64.36,30.84,266340.72,52717.2,18842.13,37047.12,0.0,0.0,66.3,155377.0,399540.86,271.69,0.4896,1.73,234073.33,5472.84,5472.84,1.55,Medium
2024-05-05,DC001,Mumbai Core DC,Mumbai,India,45,Air Cooling,0.11,0.72,18,9,99.9,1037460.61,559006.3,406902.45,21499.23,2774.27,58496.44,33.43,57.03,5200,3331,1869,48.12,70.43,38.21,530775.81,114120.67,44759.27,44223.47,0.0,0.0,70.17,186742.91,850717.7,612.52,0.5904,1.856,478454.31,18810.09,18810.09,1.55,High
2024-05-05,DC002,Bengaluru AI Hub,Bengaluru,India,60,Liquid Cooling,0.09,0.62,42,4,99.95,1130003.16,781455.3,251430.39,35100.25,10773.54,61502.82,27.25,64.08,7200,6039,1161,73.64,63.15,49.22,753725.68,101700.28,22628.74,57677.35,0.0,0.0,78.85,474601.33,655401.83,406.35,0.3596,1.446,348547.86,6753.47,6753.47,1.35,Low
2024-05-05,DC003,Delhi Enterprise DC,Delhi,India,35,Air Cooling,0.12,0.75,15,12,99.9,875826.22,453086.09,342469.33,20247.35,0.0,47724.1,32.5,65.16,4100,2951,1149,59.68,71.23,37.62,373151.89,105099.15,41096.32,40102.89,0.0,0.0,61.09,131373.93,744452.29,558.34,0.6375,1.933,422740.13,20825.13,20825.13,1.55,High
2024-05-05,DC004,Hyderabad Cloud DC,Hyderabad,India,50,Hybrid Cooling,0.1,0.66,35,6,99.95,1000614.36,607818.51,312015.17,25238.31,0.0,51448.73,33.69,41.18,6100,3871,2229,49.18,53.12,32.52,558664.58,100061.44,31201.52,55154.39,42.4,76475.55,58.53,350215.03,650399.33,429.26,0.429,1.646,392795.85,11927.75,88403.3,1.45,High
2024-05-05,DC005,Pune Backup DC,Pune,India,30,Air Cooling,0.095,0.68,28,8,99.8,543151.62,303166.32,207148.7,10631.2,0.0,30519.52,31.5,52.89,3300,2044,1256,51.72,69.86,27.98,268696.98,51599.4,19679.13,36183.41,0.0,0.0,67.33,152082.45,391069.17,265.93,0.4896,1.792,239985.3,6958.16,6958.16,1.55,Medium
2024-05-06,DC001,Mumbai Core DC,Mumbai,India,45,Air Cooling,0.11,0.72,18,9,99.9,1114630.62,626810.64,411102.9,26635.07,0.0,56556.92,30.29,74.0,5200,3305,1895,49.14,78.47,40.67,537790.26,122609.37,45221.32,43477.45,0.0,0.0,69.12,200633.51,913997.11,658.08,0.5904,1.778,487819.98,15738.15,15738.15,1.55,High
2024-05-06,DC002,Bengaluru AI Hub,Bengaluru,India,60,Liquid Cooling,0.09,0.62,42,4,99.95,1210861.63,827040.19,263681.0,26155.3,0.0,65670.56,25.67,35.0,7200,5796,1404,66.5,43.87,39.38,788221.74,108977.55,23731.29,61677.49,0.0,0.0,78.35,508561.89,702299.75,435.43,0.3596,1.464,383821.44,8492.16,8492.16,1.35,Medium
2024-05-06,DC003,Delhi Enterprise DC,Delhi,India,35,Air Cooling,0.12,0.75,15,12,99.9,855164.85,449149.66,343620.49,17649.46,0.0,43168.8,31.58,59.84,4100,2082,2018,33.74,53.12,36.15,454024.39,102619.78,41234.46,47182.43,0.0,0.0,67.01,128274.73,726890.12,545.17,0.6375,1.904,406015.18,19077.94,19077.94,1.55,High
2024-05-06,DC004,Hyderabad Cloud DC,Hyderabad,India,50,Hybrid Cooling,0.1,0.66,35,6,99.95,1089845.57,675873.5,337771.14,27083.3,0.0,58482.6,29.66,43.56,6100,3920,2180,53.1,69.01,31.16,645142.24,108984.56,33777.11,48986.64,0.0,0.0,75.51,381445.95,708399.62,467.54,0.429,1.612,413972.07,10982.9,10982.9,1.45,Medium
2024-05-06,DC005,Pune Backup DC,Pune,India,30,Air Cooling,0.095,0.68,28,8,99.8,574307.46,328782.26,207864.66,9915.56,0.0,28262.75,28.63,51.61,3300,1891,1409,41.27,59.45,28.6,309506.36,54559.21,19747.14,32718.1,0.0,0.0,71.8,160806.09,413501.37,281.18,0.4896,1.747,245525.2,6146.02,6146.02,1.55,Medium
2024-05-07,DC001,Mumbai Core DC,Mumbai,India,45,Air Cooling,0.11,0.72,18,9,99.9,1172450.62,628222.8,470641.06,24438.9,0.0,58819.61,34.68,67.52,5200,3307,1893,50.08,59.38,30.4,514657.61,128969.57,51770.52,48562.16,0.0,0.0,65.5,211041.11,961409.51,692.21,0.5904,1.866,544227.82,21857.58,21857.58,1.55,High
2024-05-07,DC002,Bengaluru AI Hub,Bengaluru,India,60,Liquid Cooling,0.09,0.62,42,4,99.95,1223378.07,841241.35,274968.63,29461.88,0.0,65560.78,26.97,66.98,7200,4774,2426,52.49,86.51,60.62,820892.86,110104.03,24747.18,56235.5,0.0,0.0,79.74,513818.79,709559.28,439.93,0.3596,1.454,382136.71,7893.2,7893.2,1.35,Medium
2024-05-07,DC003,Delhi Enterprise DC,Delhi,India,35,Air Cooling,0.12,0.75,15,12,99.9,897650.84,499341.06,332284.26,14450.35,0.0,49609.99,30.54,64.55,4100,3055,1045,59.65,71.94,34.26,421844.17,107718.1,39874.11,41871.27,0.0,0.0,64.54,134647.63,763003.21,572.25,0.6375,1.798,398309.77,14840.66,14840.66,1.55,Medium
2024-05-07,DC004,Hyderabad Cloud DC,Hyderabad,India,50,Hybrid Cooling,0.1,0.66,35,6,99.95,1187887.9,735624.51,368409.74,32668.16,0.0,59462.96,29.45,49.35,6100,4530,1570,63.74,56.48,37.82,639935.16,118788.79,36840.97,62398.12,0.0,0.0,71.69,415760.77,772127.14,509.6,0.429,1.615,452263.39,12123.24,12123.24,1.45,Medium
2024-05-07,DC005,Pune Backup DC,Pune,India,30,Air Cooling,0.095,0.68,28,8,99.8,675235.84,370763.75,243733.35,16072.36,0.0,32714.66,28.65,60.73,3300,2549,751,65.05,66.09,27.1,319896.2,64147.41,23154.67,36289.9,0.0,0.0,68.6,189066.04,486169.81,330.6,0.4896,1.821,304472.09,9552.44,9552.44,1.55,Medium
2024-05-08,DC001,Mumbai Core DC,Mumbai,India,45,Air Cooling,0.11,0.72,18,9,99.9,1167576.47,645217.96,433613.52,22417.85,0.0,63301.91,32.74,53.41,5200,3297,1903,52.49,72.17,28.47,570473.54,128433.41,47697.49,52618.94,0.0,0.0,68.26,210163.76,957412.7,689.34,0.5904,1.81,522358.5,18423.75,18423.75,1.55,High
2024-05-08,DC002,Bengaluru AI Hub,Bengaluru,India,60,Liquid Cooling,0.09,0.62,42,4,99.95,1203110.78,817707.23,274697.62,25083.26,4745.7,60270.57,29.03,65.61,7200,4957,2243,53.81,70.94,53.7,849618.47,108279.97,24722.79,51721.87,0.0,0.0,81.17,505306.53,697804.25,432.64,0.3596,1.471,385403.55,8928.54,8928.54,1.35,Medium
2024-05-08,DC003,Delhi Enterprise DC,Delhi,India,35,Air Cooling,0.12,0.75,15,12,99.9,990338.81,519620.25,388276.59,22606.55,7922.01,54581.58,35.4,54.13,4100,3772,328,81.29,68.72,22.88,423405.76,118840.66,46593.19,38118.66,0.0,0.0,62.93,148550.82,841787.99,631.34,0.6375,1.906,470718.56,22191.29,22191.29,1.55,High
2024-05-08,DC004,Hyderabad Cloud DC,Hyderabad,India,50,Hybrid Cooling,0.1,0.66,35,6,99.95,1081275.73,677480.49,324347.26,19537.24,0.0,57583.6,31.0,59.16,6100,3617,2483,47.63,48.09,23.01,681721.96,108127.57,32434.73,62304.82,0.0,0.0,75.0,378446.51,702829.23,463.87,0.429,1.596,403795.25,9892.9,9892.9,1.45,Medium
2024-05-08,DC005,Pune Backup DC,Pune,India,30,Air Cooling,0.095,0.68,28,8,99.8,620360.2,350237.23,223097.47,13975.96,0.0,33865.62,29.7,54.22,3300,2344,956,54.2,65.33,40.25,306251.45,58934.22,21194.26,35268.34,68.5,62960.7,48.68,173700.86,446659.34,303.73,0.4896,1.771,270122.97,7361.79,70322.49,1.55,High
2024-05-09,DC001,Mumbai Core DC,Mumbai,India,45,Air Cooling,0.11,0.72,18,9,99.9,1223391.89,654166.1,484954.97,16663.95,5750.45,64615.18,33.44,54.29,5200,3959,1241,60.85,61.5,33.71,523585.43,134573.11,53345.05,52671.47,0.0,0.0,64.24,220210.54,1003181.35,722.29,0.5904,1.87,569225.79,23037.79,23037.79,1.55,High
2024-05-09,DC002,Bengaluru AI Hub,Bengaluru,India,60,Liquid Cooling,0.09,0.62,42,4,99.95,1258744.66,849592.38,290762.85,36683.48,4881.21,66770.32,28.56,66.87,7200,5382,1818,60.99,69.72,41.32,763981.67,113287.02,26168.66,57900.43,11.5,14701.2,75.67,528672.76,730071.91,452.64,0.3596,1.482,409152.29,10061.55,24762.74,1.35,Medium
2024-05-09,DC003,Delhi Enterprise DC,Delhi,India,35,Air Cooling,0.12,0.75,15,12,99.9,1049786.72,545632.04,425223.16,20077.17,0.0,52554.84,33.39,37.69,4100,3772,328,82.77,78.09,34.9,427531.86,125974.41,51026.78,40991.42,0.0,0.0,60.95,157468.01,892318.72,669.24,0.6375,1.924,504154.68,24486.85,24486.85,1.55,High
2024-05-09,DC004,Hyderabad Cloud DC,Hyderabad,India,50,Hybrid Cooling,0.1,0.66,35,6,99.95,1236683.32,758632.12,387490.96,32387.3,0.0,63177.14,33.55,60.35,6100,5022,1078,66.65,60.1,44.78,709588.52,123668.33,38749.1,45787.61,0.0,0.0,76.12,432839.16,803844.16,530.54,0.429,1.63,478051.2,13666.67,13666.67,1.45,Medium
2024-05-09,DC005,Pune Backup DC,Pune,India,30,Air Cooling,0.095,0.68,28,8,99.8,622049.65,349161.47,225822.75,15639.94,0.0,35030.61,32.73,71.12,3300,1947,1353,42.65,74.19,40.85,315093.9,59094.72,21453.16,34408.98,0.0,0.0,70.33,174173.9,447875.75,304.56,0.4896,1.782,272888.18,7680.69,7680.69,1.55,Medium
2024-05-10,DC001,Mumbai Core DC,Mumbai,India,45,Air Cooling,0.11,0.72,18,9,99.9,1305125.03,703730.93,501559.98,24186.48,0.0,71297.58,33.19,63.62,5200,3991,1209,65.86,72.89,40.56,575894.41,143563.75,55171.6,51820.97,0.0,0.0,66.07,234922.5,1070202.52,770.55,0.5904,1.855,601394.09,23577.63,23577.63,1.55,High
2024-05-10,DC002,Bengaluru AI Hub,Bengaluru,India,60,Liquid Cooling,0.09,0.62,42,4,99.95,1230001.9,842472.79,304023.66,28347.48,0.0,65650.06,30.35,55.72,7200,4963,2237,54.72,60.43,51.47,834411.84,110700.17,27362.13,51046.16,0.0,0.0,80.62,516600.8,713401.1,442.31,0.3596,1.46,387529.11,8339.73,8339.73,1.35,Medium
2024-05-10,DC003,Delhi Enterprise DC,Delhi,India,35,Air Cooling,0.12,0.75,15,12,99.9,899892.98,486644.43,354374.77,17780.59,0.0,44549.7,30.89,49.36,4100,2670,1430,53.53,75.91,20.59,461534.03,107987.16,42524.97,49259.37,64.1,122166.45,39.46,134983.95,764909.03,573.68,0.6375,1.849,413248.54,17471.29,139637.75,1.55,High
2024-05-10,DC004,Hyderabad Cloud DC,Hyderabad,India,50,Hybrid Cooling,0.1,0.66,35,6,99.95,1102143.85,706593.9,309175.27,30896.56,0.0,61274.78,26.85,53.93,6100,4383,1717,59.43,73.11,38.15,699079.78,110214.38,30917.53,58167.6,0.0,0.0,75.91,385750.35,716393.5,472.82,0.429,1.56,395549.95,7758.27,7758.27,1.45,Medium
2024-05-10,DC005,Pune Backup DC,Pune,India,30,Air Cooling,0.095,0.68,28,8,99.8,650883.58,354258.32,248143.94,12446.54,0.0,35497.22,30.29,56.57,3300,2431,869,62.09,68.58,40.19,314139.48,61833.94,23573.67,38663.17,0.0,0.0,68.01,182247.4,468636.18,318.67,0.4896,1.837,296625.26,9669.4,9669.4,1.55,Medium
2024-05-11,DC001,Mumbai Core DC,Mumbai,India,45,Air Cooling,0.11,0.72,18,9,99.9,1076330.04,596451.24,395455.1,14997.83,0.0,54914.49,30.21,72.52,5200,3920,1280,63.34,58.91,53.64,490792.66,118396.3,43500.06,51208.76,0.0,0.0,65.44,193739.41,882590.63,635.47,0.5904,1.805,479878.79,16701.37,16701.37,1.55,Medium
2024-05-11,DC002,Bengaluru AI Hub,Bengaluru,India,60,Liquid Cooling,0.09,0.62,42,4,99.95,1064774.12,741471.54,245091.41,20623.82,0.0,55852.31,29.35,57.99,7200,4742,2458,52.09,73.88,49.07,680945.93,95829.67,22058.23,44999.09,0.0,0.0,79.32,447205.13,617568.99,382.89,0.3596,1.436,323302.58,5740.88,5740.88,1.35,Low
2024-05-11,DC003,Delhi Enterprise DC,Delhi,India,35,Air Cooling,0.12,0.75,15,12,99.9,750991.21,397364.15,293942.88,11137.17,0.0,41761.57,33.16,57.47,4100,2321,1779,43.28,55.72,25.35,396835.62,90118.94,35273.15,42292.0,0.0,0.0,66.63,112648.68,638342.53,478.76,0.6375,1.89,353627.05,16209.21,16209.21,1.55,High
2024-05-11,DC004,Hyderabad Cloud DC,Hyderabad,India,50,Hybrid Cooling,0.1,0.66,35,6,99.95,1118377.25,677347.23,356700.74,17563.61,7587.31,55249.95,31.78,53.75,6100,5217,883,72.89,68.82,25.96,552508.93,111837.73,35670.07,43978.11,0.0,0.0,71.8,391432.04,726945.21,479.78,0.429,1.651,441030.03,13622.38,13622.38,1.45,Medium
2024-05-11,DC005,Pune Backup DC,Pune,India,30,Air Cooling,0.095,0.68,28,8,99.8,546537.41,304732.28,204964.34,7622.71,0.0,26801.32,29.29,72.96,3300,1740,1560,39.23,76.78,30.25,284598.02,51921.05,19471.61,38541.2,0.0,0.0,68.21,153030.47,393506.93,267.58,0.4896,1.794,241805.12,7049.22,7049.22,1.55,Medium
2024-05-12,DC001,Mumbai Core DC,Mumbai,India,45,Air Cooling,0.11,0.72,18,9,99.9,1060366.47,584808.02,385306.96,19343.56,0.0,53135.0,32.62,42.45,5200,3938,1262,64.7,73.02,33.86,501497.73,116640.31,42383.77,53680.23,0.0,0.0,66.04,190865.97,869500.51,626.04,0.5904,1.813,475558.45,16930.54,16930.54,1.55,Medium
2024-05-12,DC002,Bengaluru AI Hub,Bengaluru,India,60,Liquid Cooling,0.09,0.62,42,4,99.95,1088165.15,743042.34,233927.77,29519.74,0.0,58157.66,28.19,35.0,7200,5079,2121,57.93,86.19,51.49,744174.23,97934.86,21053.5,44471.36,0.0,0.0,80.86,457029.36,631135.79,391.3,0.3596,1.464,345122.8,7655.22,7655.22,1.35,Low
2024-05-12,DC003,Delhi Enterprise DC,Delhi,India,35,Air Cooling,0.12,0.75,15,12,99.9,863415.96,458805.18,337915.11,20579.24,0.0,42262.13,33.78,68.02,4100,3142,958,59.78,73.92,41.13,417614.52,103609.91,40549.81,49343.55,0.0,0.0,63.37,129512.39,733903.56,550.43,0.6375,1.882,404610.77,18272.15,18272.15,1.55,High
2024-05-12,DC004,Hyderabad Cloud DC,Hyderabad,India,50,Hybrid Cooling,0.1,0.66,35,6,99.95,1002326.52,621453.87,315397.4,21987.94,0.0,56489.38,34.0,57.4,6100,3800,2300,47.0,67.9,46.5,603812.19,100232.65,31539.74,47592.39,0.0,0.0,75.52,350814.28,651512.24,430.0,0.429,1.613,380872.65,10121.84,10121.84,1.45,Medium
2024-05-12,DC005,Pune Backup DC,Pune,India,30,Air Cooling,0.095,0.68,28,8,99.8,591005.43,328910.38,206317.84,14414.5,0.0,32331.48,28.61,81.49,3300,2817,483,67.5,82.68,29.0,287613.54,56145.52,19600.2,37810.81,0.0,0.0,67.33,165481.52,425523.91,289.36,0.4896,1.797,262095.04,7713.46,7713.46,1.55,Medium
2024-05-13,DC001,Mumbai Core DC,Mumbai,India,45,Air Cooling,0.11,0.72,18,9,99.9,1201939.99,653768.74,450429.68,18419.93,7896.71,59972.5,34.5,58.95,5200,3179,2021,45.6,64.68,31.53,546772.59,132213.4,49547.27,54238.19,0.0,0.0,65.9,216349.2,985590.79,709.63,0.5904,1.838,548171.25,20745.83,20745.83,1.55,High
2024-05-13,DC002,Bengaluru AI Hub,Bengaluru,India,60,Liquid Cooling,0.09,0.62,42,4,99.95,1236589.92,852324.23,278994.77,33607.96,3136.4,66482.44,28.87,61.03,7200,5227,1973,59.48,57.68,61.95,831543.98,111293.09,25109.53,58078.13,0.0,0.0,79.63,519367.77,717222.15,444.68,0.3596,1.451,384265.69,7735.7,7735.7,1.35,Medium
2024-05-13,DC003,Delhi Enterprise DC,Delhi,India,35,Air Cooling,0.12,0.75,15,12,99.9,996431.67,536560.04,391929.91,15125.02,0.0,55020.01,33.44,65.28,4100,3722,378,72.99,87.35,39.07,456717.02,119571.8,47031.59,46542.55,98.6,117853.85,37.82,149464.75,846966.92,635.23,0.6375,1.857,459871.62,19771.63,137625.48,1.55,High
2024-05-13,DC004,Hyderabad Cloud DC,Hyderabad,India,50,Hybrid Cooling,0.1,0.66,35,6,99.95,1107081.46,692027.27,324986.58,26000.1,0.0,61012.67,31.67,56.03,6100,4744,1356,61.7,71.49,20.8,677122.07,110708.15,32498.66,44910.95,0.0,0.0,77.02,387478.51,719602.95,474.94,0.429,1.6,415054.19,10364.19,10364.19,1.45,Medium
2024-05-13,DC005,Pune Backup DC,Pune,India,30,Air Cooling,0.095,0.68,28,8,99.8,610161.02,343916.65,227796.6,11527.47,0.0,33286.23,29.76,58.18,3300,2487,813,58.66,66.19,15.97,319137.83,57965.3,21640.68,42911.55,0.0,0.0,68.39,170845.09,439315.94,298.73,0.4896,1.774,266244.38,7323.57,7323.57,1.55,Medium
2024-05-14,DC001,Mumbai Core DC,Mumbai,India,45,Air Cooling,0.11,0.72,18,9,99.9,1120270.7,628834.47,408048.81,24827.04,4639.2,56902.95,30.39,77.34,5200,3028,2172,40.53,55.69,24.24,564896.52,123229.78,44885.37,42877.09,0.0,0.0,70.6,201648.73,918621.97,661.41,0.5904,1.782,491436.22,16013.5,16013.5,1.55,High
2024-05-14,DC002,Bengaluru AI Hub,Bengaluru,India,60,Liquid Cooling,0.09,0.62,42,4,99.95,1334081.92,890441.29,319156.86,30949.28,7307.77,69982.77,29.96,44.78,7200,5373,1827,62.5,76.44,54.96,830326.3,120067.37,28724.12,60170.12,0.0,0.0,78.29,560314.41,773767.52,479.74,0.3596,1.498,443640.63,11878.76,11878.76,1.35,Medium
2024-05-14,DC003,Delhi Enterprise DC,Delhi,India,35,Air Cooling,0.12,0.75,15,12,99.9,969902.93,510790.52,390685.74,20373.49,0.0,51340.29,36.01,54.27,4100,3418,682,70.48,57.9,42.06,460363.51,116388.35,46882.29,50740.96,0.0,0.0,63.7,145485.44,824417.49,618.31,0.6375,1.899,459112.41,21381.32,21381.32,1.55,High
2024-05-14,DC004,Hyderabad Cloud DC,Hyderabad,India,50,Hybrid Cooling,0.1,0.66,35,6,99.95,1096707.87,672548.61,324684.15,27599.99,0.0,55991.67,27.3,56.89,6100,4465,1635,55.63,66.19,30.41,686191.47,109670.79,32468.42,59919.56,0.0,0.0,75.29,383847.75,712860.11,470.49,0.429,1.631,424159.26,12151.24,12151.24,1.45,Medium
2024-05-14,DC005,Pune Backup DC,Pune,India,30,Air Cooling,0.095,0.68,28,8,99.8,612286.07,338403.76,221978.7,13558.61,0.0,33928.19,28.49,75.83,3300,1822,1478,43.93,50.24,22.94,305005.34,58167.18,21087.98,41109.0,0.0,0.0,67.45,171440.1,440845.97,299.78,0.4896,1.809,273882.31,8337.22,8337.22,1.55,Medium
2024-05-15,DC001,Mumbai Core DC,Mumbai,India,45,Air Cooling,0.11,0.72,18,9,99.9,1149903.37,649024.52,424455.0,21193.2,0.0,58490.33,31.51,64.19,5200,3507,1693,54.94,54.34,28.75,514124.41,126489.37,46690.05,40139.35,0.0,0.0,67.59,206982.61,942920.76,678.9,0.5904,1.772,500878.84,15830.69,15830.69,1.55,High
2024-05-15,DC002,Bengaluru AI Hub,Bengaluru,India,60,Liquid Cooling,0.09,0.62,42,4,99.95,1217540.5,840615.65,268205.89,22585.05,0.0,67419.47,29.37,66.01,7200,5106,2094,58.55,61.76,42.54,775915.99,109578.64,24138.53,51831.51,0.0,0.0,79.2,511367.01,706173.49,437.83,0.3596,1.448,376924.85,7443.84,7443.84,1.35,Medium
2024-05-15,DC003,Delhi Enterprise DC,Delhi,India,35,Air Cooling,0.12,0.75,15,12,99.9,973457.86,519054.38,375151.42,15310.29,0.0,52330.64,33.38,67.18,4100,3453,647,69.32,55.71,21.2,419095.21,116814.94,45018.17,54892.89,0.0,0.0,59.03,146018.68,827439.18,620.58,0.6375,1.875,454403.47,20270.83,20270.83,1.55,High
2024-05-15,DC004,Hyderabad Cloud DC,Hyderabad,India,50,Hybrid Cooling,0.1,0.66,35,6,99.95,1181274.16,725175.41,352937.56,26124.1,6004.75,62606.94,31.19,72.28,6100,4353,1747,59.42,79.28,32.27,680374.64,118127.42,35293.76,62763.13,0.0,0.0,73.41,413445.96,767828.2,506.77,0.429,1.629,456098.75,12976.98,12976.98,1.45,Medium
2024-05-15,DC005,Pune Backup DC,Pune,India,30,Air Cooling,0.095,0.68,28,8,99.8,658126.52,366695.11,234379.41,11786.12,0.0,36116.53,30.12,79.92,3300,2442,858,56.83,75.62,30.36,328497.77,62522.02,22266.04,44581.6,0.0,0.0,67.4,184275.43,473851.1,322.22,0.4896,1.795,291431.41,8526.16,8526.16,1.55,Medium
2024-05-16,DC001,Mumbai Core DC,Mumbai,India,45,Air Cooling,0.11,0.72,18,9,99.9,1201113.46,662629.33,439944.58,20132.45,0.0,62778.09,32.02,60.96,5200,3357,1843,51.78,59.7,34.65,558800.5,132122.48,48393.9,43555.32,0.0,0.0,68.56,216200.42,984913.04,709.14,0.5904,1.813,538484.13,19144.18,19144.18,1.55,High
2024-05-16,DC002,Bengaluru AI Hub,Bengaluru,India,60,Liquid Cooling,0.09,0.62,42,4,99.95,1230623.78,834200.88,261361.26,30360.8,8685.96,64252.41,24.14,66.64,7200,5764,1436,64.6,63.24,56.62,793801.2,110756.14,23522.51,69202.31,0.0,0.0,77.33,516861.99,713761.79,442.53,0.3596,1.475,396422.9,9400.73,9400.73,1.35,Medium
2024-05-16,DC003,Delhi Enterprise DC,Delhi,India,35,Air Cooling,0.12,0.75,15,12,99.9,924044.59,503767.57,367552.15,15762.47,0.0,49026.88,31.23,54.42,4100,3509,591,68.6,71.74,26.96,416365.91,110885.35,44106.26,36620.24,0.0,0.0,64.57,138606.69,785437.9,589.08,0.6375,1.834,420277.02,17184.58,17184.58,1.55,Medium
2024-05-16,DC004,Hyderabad Cloud DC,Hyderabad,India,50,Hybrid Cooling,0.1,0.66,35,6,99.95,1162636.2,709129.84,365266.14,28062.64,0.0,61549.02,30.51,67.52,6100,4973,1127,64.85,40.11,53.01,640899.86,116263.62,36526.61,49631.06,0.0,0.0,74.12,406922.67,755713.53,498.77,0.429,1.64,453506.36,13439.79,13439.79,1.45,Medium
2024-05-16,DC005,Pune Backup DC,Pune,India,30,Air Cooling,0.095,0.68,28,8,99.8,646871.3,365171.54,227084.44,16327.81,0.0,33961.07,29.4,65.74,3300,2848,452,69.29,61.25,24.3,302815.12,61452.77,21573.02,28585.13,46.2,95981.08,38.57,181123.96,465747.34,316.71,0.4896,1.771,281699.76,7681.26,103662.35,1.55,High
2024-05-17,DC001,Mumbai Core DC,Mumbai,India,45,Air Cooling,0.11,0.72,18,9,99.9,1320691.48,702082.16,496954.78,29618.86,4102.1,69040.37,32.9,73.95,5200,4037,1163,67.42,67.26,29.77,525247.79,145276.06,54665.03,43047.32,0.0,0.0,64.15,237724.47,1082967.01,779.74,0.5904,1.881,618609.32,25571.05,25571.05,1.55,High
2024-05-17,DC002,Bengaluru AI Hub,Bengaluru,India,60,Liquid Cooling,0.09,0.62,42,4,99.95,1264909.48,847928.0,285014.06,37059.42,0.0,69544.36,28.1,62.44,7200,5901,1299,65.79,50.5,39.59,788242.84,113841.85,25651.26,51873.96,0.0,0.0,78.98,531261.98,733647.5,454.86,0.3596,1.492,416981.48,10818.6,10818.6,1.35,Medium
2024-05-17,DC003,Delhi Enterprise DC,Delhi,India,35,Air Cooling,0.12,0.75,15,12,99.9,861351.79,448022.63,353938.63,16110.72,0.0,46313.02,33.74,67.5,4100,1932,2168,29.77,48.23,26.49,454481.71,103362.21,42472.64,51576.39,32.9,33779.31,58.48,129202.77,732149.02,549.11,0.6375,1.923,413329.15,20030.0,53809.31,1.55,High
2024-05-17,DC004,Hyderabad Cloud DC,Hyderabad,India,50,Hybrid Cooling,0.1,0.66,35,6,99.95,1187401.95,713916.21,370729.02,19146.57,10250.87,62871.36,31.5,58.9,6100,4539,1561,57.67,58.89,41.1,650462.86,118740.19,37072.9,50078.61,0.0,0.0,74.05,415590.68,771811.27,509.4,0.429,1.663,473485.74,15222.34,15222.34,1.45,Medium
2024-05-17,DC005,Pune Backup DC,Pune,India,30,Air Cooling,0.095,0.68,28,8,99.8,610875.36,357824.62,207310.0,9692.17,0.0,31930.94,27.35,55.71,3300,2687,613,67.95,63.74,33.71,335021.06,58033.16,19694.45,34731.54,0.0,0.0,72.31,171045.1,439830.26,299.08,0.4896,1.707,253050.74,5343.48,5343.48,1.55,Medium
2024-05-18,DC001,Mumbai Core DC,Mumbai,India,45,Air Cooling,0.11,0.72,18,9,99.9,1003138.82,555398.49,366483.89,24623.79,5490.01,48527.32,33.24,66.0,5200,3288,1912,48.67,70.62,42.34,477060.21,110345.27,40313.23,54749.71,0.0,0.0,65.39,180564.99,822573.83,592.25,0.5904,1.806,447740.33,15649.83,15649.83,1.55,Medium
2024-05-18,DC002,Bengaluru AI Hub,Bengaluru,India,60,Liquid Cooling,0.09,0.62,42,4,99.95,1177214.55,804932.21,286169.37,21297.92,4257.26,56568.81,30.33,47.33,7200,5977,1223,65.42,64.82,63.0,669546.88,105949.31,25755.24,63741.04,0.0,0.0,74.66,494430.11,682784.44,423.33,0.3596,1.463,372282.34,8150.05,8150.05,1.35,Medium
2024-05-18,DC003,Delhi Enterprise DC,Delhi,India,35,Air Cooling,0.12,0.75,15,12,99.9,751714.63,413155.9,290731.51,11499.53,0.0,40494.96,34.14,76.3,4100,2129,1971,34.03,71.02,43.28,405317.56,90205.76,34887.78,46183.34,0.0,0.0,66.35,112757.19,638957.44,479.22,0.6375,1.819,338558.73,13358.76,13358.76,1.55,Medium
2024-05-18,DC004,Hyderabad Cloud DC,Hyderabad,India,50,Hybrid Cooling,0.1,0.66,35,6,99.95,1078754.26,684304.28,311577.8,27772.15,0.0,52084.86,29.4,66.79,6100,5425,675,75.92,68.08,27.77,557405.13,107875.43,31157.78,52594.57,0.0,0.0,71.21,377563.99,701190.27,462.79,0.429,1.576,394449.98,8651.31,8651.31,1.45,Medium
2024-05-18,DC005,Pune Backup DC,Pune,India,30,Air Cooling,0.095,0.68,28,8,99.8,605637.04,334765.75,232132.04,10276.01,0.0,29595.04,31.67,76.88,3300,2484,816,63.96,65.6,41.07,290663.84,57535.52,22052.54,43875.86,0.0,0.0,65.11,169578.37,436058.67,296.52,0.4896,1.809,270871.28,8241.26,8241.26,1.55,Medium
2024-05-19,DC001,Mumbai Core DC,Mumbai,India,45,Air Cooling,0.11,0.72,18,9,99.9,1090412.32,599948.01,404843.8,17212.25,0.0,56408.36,28.51,56.79,5200,4158,1042,69.09,66.72,32.05,505559.91,119945.36,44532.82,50730.91,0.0,0.0,66.24,196274.22,894138.1,643.78,0.5904,1.818,490464.31,17654.22,17654.22,1.55,Medium
2024-05-19,DC002,Bengaluru AI Hub,Bengaluru,India,60,Liquid Cooling,0.09,0.62,42,4,99.95,1042873.55,739095.87,216863.19,21072.05,0.0,53541.8,24.11,57.38,7200,3963,3237,44.7,72.16,55.49,683582.78,93858.62,19517.69,44180.8,0.0,0.0,79.81,438006.89,604866.66,375.02,0.3596,1.411,303777.67,4058.47,4058.47,1.35,Low
2024-05-19,DC003,Delhi Enterprise DC,Delhi,India,35,Air Cooling,0.12,0.75,15,12,99.9,832620.82,434647.29,328669.37,12112.43,0.0,42882.89,34.08,52.13,4100,2934,1166,59.59,64.53,24.8,382844.76,99914.5,39440.32,43900.41,0.0,0.0,62.44,124893.12,707727.7,530.8,0.6375,1.916,397973.53,19070.1,19070.1,1.55,High
2024-05-19,DC004,Hyderabad Cloud DC,Hyderabad,India,50,Hybrid Cooling,0.1,0.66,35,6,99.95,1017050.74,630977.1,300720.54,23703.12,0.0,57074.1,31.51,61.67,6100,5013,1087,67.68,73.0,32.8,612116.83,101705.07,30072.05,52989.33,0.0,0.0,74.73,355967.76,661082.98,436.31,0.429,1.612,386073.64,10213.39,10213.39,1.45,Medium
2024-05-19,DC005,Pune Backup DC,Pune,India,30,Air Cooling,0.095,0.68,28,8,99.8,520521.81,303858.75,178690.19,10856.6,0.0,29327.9,27.15,56.36,3300,1766,1534,39.9,89.12,21.95,280495.62,49449.57,16975.57,32592.31,0.0,0.0,70.75,145746.11,374775.7,254.85,0.4896,1.713,216663.06,4706.37,4706.37,1.55,Medium
2024-05-20,DC001,Mumbai Core DC,Mumbai,India,45,Air Cooling,0.11,0.72,18,9,99.9,1237462.84,677277.47,455766.62,22428.62,0.0,64101.48,32.87,64.81,5200,4366,834,67.16,71.64,18.08,562268.66,136120.91,50134.33,45382.68,0.0,0.0,67.72,222743.31,1014719.53,730.6,0.5904,1.827,560185.38,20645.1,20645.1,1.55,High
2024-05-20,DC002,Bengaluru AI Hub,Bengaluru,India,60,Liquid Cooling,0.09,0.62,42,4,99.95,1293087.73,874597.17,298923.6,37613.88,0.0,66201.32,28.96,59.91,7200,5795,1405,63.51,72.52,59.38,795902.53,116377.9,26903.12,56450.46,0.0,0.0,78.29,543096.85,749990.88,464.99,0.3596,1.478,418490.57,10114.34,10114.34,1.35,Medium
2024-05-20,DC003,Delhi Enterprise DC,Delhi,India,35,Air Cooling,0.12,0.75,15,12,99.9,971860.52,482988.92,409689.34,16245.66,0.0,49850.53,37.75,43.92,4100,2566,1534,51.01,57.1,37.65,420370.8,116623.26,49162.72,48983.39,0.0,0.0,60.6,145779.08,826081.44,619.56,0.6375,2.012,488871.6,26787.32,26787.32,1.55,High
2024-05-20,DC004,Hyderabad Cloud DC,Hyderabad,India,50,Hybrid Cooling,0.1,0.66,35,6,99.95,1211696.46,740550.7,366203.54,32306.56,10430.67,63685.93,34.26,43.76,6100,4628,1472,62.12,75.77,40.07,622215.32,121169.65,36620.35,39236.89,0.0,0.0,74.22,424093.76,787602.7,519.82,0.429,1.636,471145.76,13789.79,13789.79,1.45,Medium
2024-05-20,DC005,Pune Backup DC,Pune,India,30,Air Cooling,0.095,0.68,28,8,99.8,674852.9,373475.21,252598.35,9830.04,0.0,35142.07,33.22,52.3,3300,2602,698,61.42,57.77,30.3,336993.85,64111.03,23996.84,30515.83,0.0,0.0,71.92,188958.81,485894.09,330.41,0.4896,1.807,301377.69,9116.8,9116.8,1.55,Medium
2024-05-21,DC001,Mumbai Core DC,Mumbai,India,45,Air Cooling,0.11,0.72,18,9,99.9,1198399.88,635614.87,464599.71,28390.41,0.0,64384.66,35.4,67.98,5200,2928,2272,45.06,64.48,38.77,547287.71,131823.99,51105.97,51950.74,0.0,0.0,66.42,215711.98,982687.9,707.54,0.5904,1.885,562785.02,23451.65,23451.65,1.55,High
2024-05-21,DC002,Bengaluru AI Hub,Bengaluru,India,60,Liquid Cooling,0.09,0.62,42,4,99.95,1281082.33,848806.09,296922.3,37692.03,0.0,72458.08,28.28,62.2,7200,5787,1413,63.84,77.83,66.12,794401.17,115297.41,26723.01,46523.85,0.0,0.0,79.63,538054.58,743027.75,460.68,0.3596,1.509,432276.24,12167.47,12167.47,1.35,Medium
2024-05-21,DC003,Delhi Enterprise DC,Delhi,India,35,Air Cooling,0.12,0.75,15,12,99.9,942104.0,501054.29,379928.07,22033.98,0.0,45274.01,33.07,76.57,4100,3351,749,64.06,54.06,52.31,428554.73,113052.48,45591.37,43006.23,0.0,0.0,63.58,141315.6,800788.4,600.59,0.6375,1.88,441049.7,19856.38,19856.38,1.55,High
2024-05-21,DC004,Hyderabad Cloud DC,Hyderabad,India,50,Hybrid Cooling,0.1,0.66,35,6,99.95,1086792.73,685009.14,331652.2,23056.72,0.0,58346.11,30.67,69.91,6100,4282,1818,52.96,73.3,40.01,621183.92,108679.27,33165.22,61324.24,0.0,0.0,72.63,380377.46,706415.28,466.23,0.429,1.587,401783.6,9352.95,9352.95,1.45,Medium
2024-05-21,DC005,Pune Backup DC,Pune,India,30,Air Cooling,0.095,0.68,28,8,99.8,642534.7,364768.41,233219.51,11856.01,0.0,33077.44,30.5,54.4,3300,2444,856,60.98,76.64,28.97,318350.35,61040.8,22155.85,38785.24,0.0,0.0,68.64,179909.71,462624.98,314.58,0.4896,1.761,277766.28,7328.65,7328.65,1.55,Medium
2024-05-22,DC001,Mumbai Core DC,Mumbai,India,45,Air Cooling,0.11,0.72,18,9,99.9,1175128.4,636453.3,464169.26,26173.84,0.0,56976.17,32.7,84.0,5200,3716,1484,56.14,62.52,34.94,571566.63,129264.12,51058.62,37930.42,0.0,0.0,70.75,211523.11,963605.29,693.8,0.5904,1.846,538675.11,20748.84,20748.84,1.55,High
2024-05-22,DC002,Bengaluru AI Hub,Bengaluru,India,60,Liquid Cooling,0.09,0.62,42,4,99.95,1323503.95,881143.32,328756.66,33148.66,8151.97,64830.49,31.07,57.23,7200,5578,1622,62.82,65.14,46.72,746818.33,119115.36,29588.1,62235.89,0.0,0.0,75.72,555871.66,767632.29,475.93,0.3596,1.502,442360.63,12056.44,12056.44,1.35,Medium
2024-05-22,DC003,Delhi Enterprise DC,Delhi,India,35,Air Cooling,0.12,0.75,15,12,99.9,909573.66,475638.42,356895.08,13767.83,0.0,47318.08,34.27,57.74,4100,2516,1584,50.98,73.95,33.51,440128.0,109148.84,42827.41,49488.33,0.0,0.0,63.96,136436.05,773137.61,579.85,0.6375,1.912,433935.24,20680.09,20680.09,1.55,High
2024-05-22,DC004,Hyderabad Cloud DC,Hyderabad,India,50,Hybrid Cooling,0.1,0.66,35,6,99.95,1099418.26,691418.67,327007.13,27818.08,0.0,54242.96,31.88,81.74,6100,4390,1710,57.38,85.4,42.37,648025.34,109941.83,32700.71,52970.9,0.0,0.0,74.86,384796.39,714621.87,471.65,0.429,1.59,407999.58,9686.12,9686.12,1.45,Medium
2024-05-22,DC005,Pune Backup DC,Pune,India,30,Air Cooling,0.095,0.68,28,8,99.8,596328.28,346738.69,201128.69,9103.85,8729.77,32516.95,27.11,70.31,3300,2003,1297,45.49,73.72,31.1,340638.07,56651.19,19107.23,40442.35,0.0,0.0,71.5,166971.92,429356.36,291.96,0.4896,1.72,249589.6,5593.92,5593.92,1.55,Medium
2024-05-23,DC001,Mumbai Core DC,Mumbai,India,45,Air Cooling,0.11,0.72,18,9,99.9,1259556.02,664809.34,496121.3,24188.44,0.0,68533.52,32.89,58.0,5200,3933,1267,60.06,47.22,25.77,587524.51,138551.16,54573.34,53548.25,0.0,0.0,67.3,226720.08,1032835.94,743.64,0.5904,1.895,594746.68,25201.17,25201.17,1.55,High
2024-05-23,DC002,Bengaluru AI Hub,Bengaluru,India,60,Liquid Cooling,0.09,0.62,42,4,99.95,1346688.56,890242.0,325773.56,30510.8,0.0,73223.41,30.04,70.38,7200,5582,1618,63.82,47.19,61.2,789382.99,121201.97,29319.62,68218.52,0.0,0.0,76.0,565609.2,781079.37,484.27,0.3596,1.513,456446.56,13037.57,13037.57,1.35,Medium
2024-05-23,DC003,Delhi Enterprise DC,Delhi,India,35,Air Cooling,0.12,0.75,15,12,99.9,902724.47,485951.94,353562.78,21343.43,0.0,44439.58,35.14,61.9,4100,2742,1358,50.35,74.18,28.69,465228.03,108326.94,42427.53,40605.69,0.0,0.0,67.99,135408.67,767315.8,575.49,0.6375,1.858,416772.53,17939.88,17939.88,1.55,High
2024-05-23,DC004,Hyderabad Cloud DC,Hyderabad,India,50,Hybrid Cooling,0.1,0.66,35,6,99.95,1122564.17,716917.64,323620.12,31708.4,0.0,59759.78,29.93,55.81,6100,4338,1762,57.66,72.02,19.21,652195.96,112256.42,32362.01,48988.79,0.0,0.0,75.28,392897.46,729666.71,481.58,0.429,1.566,405646.53,8303.36,8303.36,1.45,Medium
2024-05-23,DC005,Pune Backup DC,Pune,India,30,Air Cooling,0.095,0.68,28,8,99.8,627667.3,351758.39,232381.1,12520.04,0.0,32105.42,29.82,75.61,3300,2239,1061,52.92,73.59,28.97,306004.81,59628.39,22076.2,34137.96,0.0,0.0,69.36,175746.84,451920.46,307.31,0.4896,1.784,275908.91,7831.97,7831.97,1.55,Medium
2024-05-24,DC001,Mumbai Core DC,Mumbai,India,45,Air Cooling,0.11,0.72,18,9,99.9,1184359.06,651481.04,459498.73,20600.62,0.0,64850.32,32.6,68.47,5200,3614,1586,52.18,82.59,36.8,579540.24,130279.5,50544.86,54825.16,0.0,0.0,68.06,213184.63,971174.43,699.25,0.5904,1.818,532878.02,19201.98,19201.98,1.55,High
2024-05-24,DC002,Bengaluru AI Hub,Bengaluru,India,60,Liquid Cooling,0.09,0.62,42,4,99.95,1261543.05,874806.76,278155.17,27497.89,0.0,61187.69,28.66,58.07,7200,6153,1047,68.42,62.05,64.3,789717.54,113538.87,25033.96,65151.4,0.0,0.0,77.37,529848.08,731694.97,453.65,0.3596,1.442,386736.29,7249.85,7249.85,1.35,Medium
2024-05-24,DC003,Delhi Enterprise DC,Delhi,India,35,Air Cooling,0.12,0.75,15,12,99.9,962578.15,498385.75,401019.32,17290.97,0.0,53064.87,34.56,46.84,4100,2930,1170,58.62,58.6,32.1,453275.77,115509.38,48122.32,41861.91,0.0,0.0,65.28,144386.72,818191.43,613.64,0.6375,1.931,464192.4,22809.63,22809.63,1.55,High
2024-05-24,DC004,Hyderabad Cloud DC,Hyderabad,India,50,Hybrid Cooling,0.1,0.66,35,6,99.95,1120226.07,697941.54,348193.14,17600.89,0.0,53960.0,29.62,57.4,6100,4635,1465,59.67,60.01,26.75,702842.01,112022.61,34819.31,49183.52,0.0,0.0,77.06,392079.12,728146.94,480.58,0.429,1.605,422284.53,10821.08,10821.08,1.45,Medium
2024-05-24,DC005,Pune Backup DC,Pune,India,30,Air Cooling,0.095,0.68,28,8,99.8,643242.49,361848.35,233311.03,11107.03,0.0,31519.48,28.54,65.23,3300,2638,662,67.45,76.16,36.78,331085.43,61108.04,22164.55,32349.03,0.0,0.0,71.77,180107.9,463134.59,314.93,0.4896,1.778,281394.14,7825.87,7825.87,1.55,Medium
2024-05-25,DC001,Mumbai Core DC,Mumbai,India,45,Air Cooling,0.11,0.72,18,9,99.9,1056615.27,587967.75,382973.89,18026.02,7332.5,51145.92,32.48,48.61,5200,3325,1875,51.34,59.82,28.51,468904.73,116227.68,42127.13,37393.47,0.0,0.0,67.24,190190.75,866424.52,623.83,0.5904,1.797,468647.52,15979.18,15979.18,1.55,Medium
2024-05-25,DC002,Bengaluru AI Hub,Bengaluru,India,60,Liquid Cooling,0.09,0.62,42,4,99.95,1182040.4,822017.04,254521.56,29512.24,0.0,63823.44,25.02,54.62,7200,6624,576,77.32,62.12,55.26,739662.53,106383.64,22906.94,47968.49,0.0,0.0,79.13,496456.97,685583.43,425.06,0.3596,1.438,360023.37,6508.57,6508.57,1.35,Medium
2024-05-25,DC003,Delhi Enterprise DC,Delhi,India,35,Air Cooling,0.12,0.75,15,12,99.9,875141.54,459368.09,365197.87,15882.13,0.0,49242.33,35.83,62.87,4100,3351,749,71.56,71.75,27.78,385337.03,105016.99,43823.74,44104.29,0.0,0.0,61.3,131271.23,743870.31,557.9,0.6375,1.905,415773.45,19574.52,19574.52,1.55,High
2024-05-25,DC004,Hyderabad Cloud DC,Hyderabad,India,50,Hybrid Cooling,0.1,0.66,35,6,99.95,983161.41,621528.81,286635.81,21647.41,0.0,51489.85,29.76,57.47,6100,4574,1526,61.68,72.47,44.53,609081.46,98316.14,28663.58,40165.45,0.0,0.0,77.26,344106.49,639054.92,421.78,0.429,1.582,361632.6,8194.46,8194.46,1.45,Medium
2024-05-25,DC005,Pune Backup DC,Pune,India,30,Air Cooling,0.095,0.68,28,8,99.8,562972.28,314519.61,201615.38,9094.48,0.0,29200.59,30.74,56.37,3300,2211,1089,50.33,73.34,27.62,273086.18,53482.37,19153.46,39714.05,0.0,0.0,65.87,157632.24,405340.05,275.63,0.4896,1.79,248452.68,7169.35,7169.35,1.55,Medium
2024-05-26,DC001,Mumbai Core DC,Mumbai,India,45,Air Cooling,0.11,0.72,18,9,99.9,1170312.09,623605.01,463471.31,18263.43,0.0,56634.19,34.64,68.44,5200,4455,745,74.04,67.9,46.58,502126.33,128734.33,50981.84,55502.6,0.0,0.0,63.31,210656.18,959655.92,690.95,0.5904,1.877,546707.08,22409.68,22409.68,1.55,High
2024-05-26,DC002,Bengaluru AI Hub,Bengaluru,India,60,Liquid Cooling,0.09,0.62,42,4,99.95,1143147.62,789459.6,259409.08,26966.11,0.0,59578.8,26.35,55.43,7200,5680,1520,64.89,74.36,59.2,674396.01,102883.29,23346.82,63185.83,0.0,0.0,75.38,480122.0,663025.62,411.08,0.3596,1.448,353688.02,6963.94,6963.94,1.35,Low
2024-05-26,DC003,Delhi Enterprise DC,Delhi,India,35,Air Cooling,0.12,0.75,15,12,99.9,827267.51,435296.41,338387.88,19250.62,0.0,46668.14,34.32,58.15,4100,2823,1277,58.77,66.99,34.51,382497.98,99272.1,40606.55,42618.82,0.0,0.0,62.9,124090.13,703177.38,527.38,0.6375,1.9,391971.09,18306.97,18306.97,1.55,High
2024-05-26,DC004,Hyderabad Cloud DC,Hyderabad,India,50,Hybrid Cooling,0.1,0.66,35,6,99.95,1105080.65,669338.39,349290.37,18344.22,0.0,61463.71,31.29,62.94,6100,5023,1077,64.89,74.74,32.88,588142.35,110508.07,34929.04,43147.17,0.0,0.0,73.87,386778.23,718302.43,474.08,0.429,1.651,435742.27,13454.0,13454.0,1.45,Medium
2024-05-26,DC005,Pune Backup DC,Pune,India,30,Air Cooling,0.095,0.68,28,8,99.8,557634.57,313654.67,211574.94,10208.99,0.0,28732.33,32.38,51.91,3300,2456,844,59.92,79.73,31.75,296573.11,52975.28,20099.62,26148.13,0.0,0.0,73.32,156137.68,401496.89,273.02,0.4896,1.778,243979.9,6789.63,6789.63,1.55,Medium
2024-05-27,DC001,Mumbai Core DC,Mumbai,India,45,Air Cooling,0.11,0.72,18,9,99.9,1150837.37,610971.97,463222.3,18143.65,0.0,63940.49,34.39,60.43,5200,2649,2551,40.76,69.11,38.38,535565.22,126592.11,50954.45,58788.04,0.0,0.0,65.39,207150.73,943686.64,679.45,0.5904,1.884,539865.4,22421.39,22421.39,1.55,High
2024-05-27,DC002,Bengaluru AI Hub,Bengaluru,India,60,Liquid Cooling,0.09,0.62,42,4,99.95,1272250.39,881725.39,295166.59,31760.17,0.0,65492.82,29.65,55.46,7200,6009,1191,69.81,61.7,46.91,753090.75,114502.53,26564.99,71117.17,0.0,0.0,75.35,534345.16,737905.22,457.5,0.3596,1.443,390524.99,7372.9,7372.9,1.35,Medium
2024-05-27,DC003,Delhi Enterprise DC,Delhi,India,35,Air Cooling,0.12,0.75,15,12,99.9,850633.58,450753.11,329141.19,12509.67,0.0,46369.37,34.51,48.2,4100,2834,1266,51.45,58.77,17.15,454285.17,102076.03,39496.94,37292.01,0.0,0.0,69.32,127595.04,723038.55,542.28,0.6375,1.887,399880.47,18235.95,18235.95,1.55,High
2024-05-27,DC004,Hyderabad Cloud DC,Hyderabad,India,50,Hybrid Cooling,0.1,0.66,35,6,99.95,1082518.8,690345.27,316323.31,26829.78,0.0,61252.79,29.61,48.44,6100,3820,2280,51.36,68.49,17.37,656431.52,108251.88,31632.33,51023.43,0.0,0.0,75.74,378881.58,703637.22,464.4,0.429,1.568,392173.53,8151.82,8151.82,1.45,Medium
2024-05-27,DC005,Pune Backup DC,Pune,India,30,Air Cooling,0.095,0.68,28,8,99.8,621807.51,339603.3,229668.0,11025.71,0.0,30986.87,29.38,77.34,3300,2115,1185,50.19,52.5,27.34,324539.51,59071.71,21818.46,36012.41,0.0,0.0,70.7,174106.1,447701.4,304.44,0.4896,1.831,282204.2,9065.13,9065.13,1.55,Medium
2024-05-28,DC001,Mumbai Core DC,Mumbai,India,45,Air Cooling,0.11,0.72,18,9,99.9,1129104.59,632896.08,400409.83,16736.39,0.0,57095.06,30.09,67.44,5200,3347,1853,54.38,69.89,36.09,517816.62,124201.5,44045.08,56366.05,0.0,0.0,65.13,203238.83,925865.76,666.62,0.5904,1.784,496208.5,16292.72,16292.72,1.55,High
2024-05-28,DC002,Bengaluru AI Hub,Bengaluru,India,60,Liquid Cooling,0.09,0.62,42,4,99.95,1271642.35,874165.39,269288.4,38373.67,2589.83,64273.32,27.31,56.07,7200,5668,1532,68.19,54.99,59.23,798685.78,114447.81,24235.96,55493.03,0.0,0.0,78.72,534089.79,737552.56,457.28,0.3596,1.455,397476.96,8236.72,8236.72,1.35,Medium
2024-05-28,DC003,Delhi Enterprise DC,Delhi,India,35,Air Cooling,0.12,0.75,15,12,99.9,931357.49,498552.66,367268.24,17838.39,8353.02,51804.18,33.97,56.07,4100,2881,1219,57.74,80.71,29.98,466271.73,111762.9,44072.19,50919.2,0.0,0.0,65.11,139703.62,791653.87,593.74,0.6375,1.868,432804.83,19032.1,19032.1,1.55,High
2024-05-28,DC004,Hyderabad Cloud DC,Hyderabad,India,50,Hybrid Cooling,0.1,0.66,35,6,99.95,1167719.33,716312.46,364090.21,19254.56,5367.75,66007.28,31.9,58.24,6100,4229,1871,57.37,70.95,28.6,650900.0,116771.93,36409.02,57098.85,41.3,75226.08,61.73,408701.77,759017.57,500.95,0.429,1.63,451406.88,12906.63,88132.71,1.45,High
2024-05-28,DC005,Pune Backup DC,Pune,India,30,Air Cooling,0.095,0.68,28,8,99.8,632560.39,343187.94,236414.28,11244.06,0.0,31711.65,31.3,62.34,3300,2084,1216,45.69,57.01,41.07,338402.91,60093.24,22459.36,30700.33,0.0,0.0,73.17,177116.91,455443.48,309.7,0.4896,1.843,289372.45,9558.81,9558.81,1.55,Medium
2024-05-29,DC001,Mumbai Core DC,Mumbai,India,45,Air Cooling,0.11,0.72,18,9,99.9,1116127.75,607261.66,434656.77,18206.22,0.0,61025.08,34.13,75.14,5200,3237,1963,44.51,73.09,34.69,533443.13,122774.05,47812.24,56230.28,20.6,26266.81,61.52,200902.99,915224.75,658.96,0.5904,1.838,508866.09,19235.94,45502.75,1.55,High
2024-05-29,DC002,Bengaluru AI Hub,Bengaluru,India,60,Liquid Cooling,0.09,0.62,42,4,99.95,1238337.75,850425.11,271182.72,27497.23,2674.57,69063.89,26.77,63.29,7200,5006,2194,58.42,65.68,57.15,792446.58,111450.4,24406.44,53223.6,0.0,0.0,79.22,520101.86,718235.9,445.31,0.3596,1.456,387912.64,8123.75,8123.75,1.35,Medium
2024-05-29,DC003,Delhi Enterprise DC,Delhi,India,35,Air Cooling,0.12,0.75,15,12,99.9,953370.54,513745.57,357816.64,15342.83,0.0,47033.7,30.05,56.9,4100,3702,398,75.0,76.62,29.16,430127.33,114404.46,42938.0,48938.53,0.0,0.0,62.02,143005.58,810364.96,607.77,0.6375,1.856,439624.97,18847.79,18847.79,1.55,High
2024-05-29,DC004,Hyderabad Cloud DC,Hyderabad,India,50,Hybrid Cooling,0.1,0.66,35,6,99.95,1051955.35,667917.13,313152.44,26068.46,0.0,51444.04,31.34,61.71,6100,3970,2130,51.79,60.91,33.27,628757.1,105195.54,31315.24,41653.37,0.0,0.0,76.64,368184.37,683770.98,451.29,0.429,1.575,384038.22,8347.55,8347.55,1.45,Medium
2024-05-29,DC005,Pune Backup DC,Pune,India,30,Air Cooling,0.095,0.68,28,8,99.8,621127.76,354060.09,218339.29,11598.0,0.0,30556.47,29.92,79.44,3300,2401,899,58.98,61.48,24.41,318021.87,59007.14,20742.23,37215.56,0.0,0.0,69.74,173915.77,447211.99,304.1,0.4896,1.754,267067.67,6871.79,6871.79,1.55,Medium
2024-05-30,DC001,Mumbai Core DC,Mumbai,India,45,Air Cooling,0.11,0.72,18,9,99.9,1267205.9,685933.97,475677.01,23073.05,0.0,62855.9,35.75,60.97,5200,4748,452,74.6,62.85,32.25,531878.37,139392.65,52324.47,51433.64,0.0,0.0,64.12,228097.06,1039108.84,748.16,0.5904,1.847,581271.93,22440.91,22440.91,1.55,High
2024-05-30,DC002,Bengaluru AI Hub,Bengaluru,India,60,Liquid Cooling,0.09,0.62,42,4,99.95,1331443.39,902956.05,318248.8,26932.3,0.0,68839.82,30.42,67.55,7200,6081,1119,71.22,63.64,48.98,808881.91,119829.91,28642.39,66398.59,3.3,3154.98,76.59,559206.22,772237.17,478.79,0.3596,1.475,428487.34,10120.74,13275.72,1.35,Medium
2024-05-30,DC003,Delhi Enterprise DC,Delhi,India,35,Air Cooling,0.12,0.75,15,12,99.9,893234.92,475373.6,341712.12,20902.14,5781.8,48234.78,33.21,65.31,4100,3177,923,60.15,63.32,17.85,431165.75,107188.19,41005.45,47759.96,0.0,0.0,64.06,133985.24,759249.68,569.44,0.6375,1.879,417861.32,18768.7,18768.7,1.55,High
2024-05-30,DC004,Hyderabad Cloud DC,Hyderabad,India,50,Hybrid Cooling,0.1,0.66,35,6,99.95,1090105.97,676717.46,336978.52,20589.15,0.0,61074.65,33.54,67.75,6100,4079,2021,51.82,76.08,37.02,636082.59,109010.6,33697.85,46254.14,0.0,0.0,75.59,381537.09,708568.88,467.66,0.429,1.611,413388.5,10886.56,10886.56,1.45,Medium
2024-05-30,DC005,Pune Backup DC,Pune,India,30,Air Cooling,0.095,0.68,28,8,99.8,689399.4,381082.91,254913.96,14773.31,8330.83,36368.97,29.06,74.92,3300,2846,454,70.89,71.68,30.08,329042.4,65492.94,24216.83,32965.44,0.0,0.0,70.08,193031.83,496367.57,337.53,0.4896,1.809,308316.49,9378.48,9378.48,1.55,Medium
2024-05-31,DC001,Mumbai Core DC,Mumbai,India,45,Air Cooling,0.11,0.72,18,9,99.9,1253130.66,656613.17,505863.26,21339.91,8594.85,65079.6,35.77,60.06,5200,3103,2097,46.98,59.63,37.82,546453.25,137844.37,55644.96,38016.89,0.0,0.0,67.82,225563.52,1027567.14,739.85,0.5904,1.908,596517.48,25891.83,25891.83,1.55,High
2024-05-31,DC002,Bengaluru AI Hub,Bengaluru,India,60,Liquid Cooling,0.09,0.62,42,4,99.95,1307866.7,892777.09,306098.67,31445.72,0.0,69856.63,27.76,54.87,7200,5871,1329,69.51,45.98,67.37,766923.77,117708.0,27548.88,54730.96,0.0,0.0,77.52,549304.02,758562.69,470.31,0.3596,1.465,415089.62,9235.59,9235.59,1.35,Medium
2024-05-31,DC003,Delhi Enterprise DC,Delhi,India,35,Air Cooling,0.12,0.75,15,12,99.9,901320.71,482679.99,367313.21,13297.08,0.0,44804.18,34.6,70.1,4100,2969,1131,61.86,66.9,41.43,450675.09,108158.49,44077.58,34951.38,0.0,0.0,68.25,135198.11,766122.6,574.59,0.6375,1.867,418640.72,18380.01,18380.01,1.55,High
2024-05-31,DC004,Hyderabad Cloud DC,Hyderabad,India,50,Hybrid Cooling,0.1,0.66,35,6,99.95,1205409.0,758861.57,355407.87,27375.33,0.0,59901.78,31.15,68.45,6100,5266,834,71.78,65.8,33.36,706049.76,120540.9,35540.79,42749.96,0.0,0.0,76.87,421893.15,783515.85,517.12,0.429,1.588,446547.42,10505.97,10505.97,1.45,Medium
2024-05-31,DC005,Pune Backup DC,Pune,India,30,Air Cooling,0.095,0.68,28,8,99.8,673175.17,381057.5,250310.17,10849.04,0.0,36209.64,32.74,60.57,3300,2859,441,74.87,76.84,41.16,310646.02,63951.64,23779.47,39781.85,0.0,0.0,66.61,188489.05,484686.12,329.59,0.4896,1.767,292117.67,7840.92,7840.92,1.55,Medium
2024-06-01,DC001,Mumbai Core DC,Mumbai,India,45,Air Cooling,0.11,0.72,18,9,99.9,1075935.44,566687.77,424866.13,16492.07,6211.53,54777.7,34.56,53.61,5200,3972,1228,59.29,75.86,27.71,468058.86,118352.9,46735.27,46168.64,84.3,112530.03,40.81,193668.38,882267.06,635.23,0.5904,1.899,509247.67,21732.63,134262.67,1.55,High
2024-06-01,DC002,Bengaluru AI Hub,Bengaluru,India,60,Liquid Cooling,0.09,0.62,42,4,99.95,1079079.03,744058.05,235969.53,22681.0,0.0,57375.15,27.08,74.84,7200,5190,2010,58.86,62.01,61.12,737283.51,97117.11,21237.26,67930.83,0.0,0.0,77.61,453213.19,625865.84,388.04,0.3596,1.45,335020.99,6714.06,6714.06,1.35,Low
2024-06-01,DC003,Delhi Enterprise DC,Delhi,India,35,Air Cooling,0.12,0.75,15,12,99.9,813624.87,454386.34,306095.88,13676.35,0.0,42392.96,31.42,63.3,4100,3121,979,63.08,52.58,26.36,407229.93,97634.98,36731.51,47779.23,0.0,0.0,64.29,122043.73,691581.14,518.69,0.6375,1.791,359238.53,13119.12,13119.12,1.55,Medium
2024-06-01,DC004,Hyderabad Cloud DC,Hyderabad,India,50,Hybrid Cooling,0.1,0.66,35,6,99.95,951019.87,603031.88,282764.14,23461.71,0.0,49340.15,31.67,73.77,6100,3367,2733,44.49,78.44,13.66,558990.08,95101.99,28276.41,47912.75,0.0,0.0,74.42,332856.95,618162.91,407.99,0.429,1.577,347987.98,7662.36,7662.36,1.45,Low
2024-06-01,DC005,Pune Backup DC,Pune,India,30,Air Cooling,0.095,0.68,28,8,99.8,610335.42,335683.96,231515.74,9573.33,0.0,30506.89,29.68,73.23,3300,2398,902,62.26,58.11,32.4,270270.18,57981.86,21994.0,35204.29,0.0,0.0,65.52,170893.92,439441.5,298.82,0.4896,1.818,274651.45,8552.4,8552.4,1.55,Medium
2024-06-02,DC001,Mumbai Core DC,Mumbai,India,45,Air Cooling,0.11,0.72,18,9,99.9,1084958.84,612488.81,394294.97,26730.85,0.0,59262.87,30.93,64.57,5200,4227,973,65.21,74.05,27.42,467274.37,119345.47,43372.45,46226.81,0.0,0.0,64.57,195292.59,889666.24,640.56,0.5904,1.771,472470.02,14916.13,14916.13,1.55,Medium
2024-06-02,DC002,Bengaluru AI Hub,Bengaluru,India,60,Liquid Cooling,0.09,0.62,42,4,99.95,1141676.18,795059.35,263277.25,21623.65,0.0,55375.36,30.54,59.74,7200,6624,576,76.46,60.49,64.72,737788.3,102750.86,23694.95,57116.68,0.0,0.0,78.33,479504.0,662172.19,410.55,0.3596,1.436,346616.83,6151.15,6151.15,1.35,Low
2024-06-02,DC003,Delhi Enterprise DC,Delhi,India,35,Air Cooling,0.12,0.75,15,12,99.9,825682.05,437743.66,320636.88,16244.82,0.0,43345.86,33.88,48.13,4100,2715,1385,48.53,73.24,38.12,378873.8,99081.85,38476.43,47712.95,0.0,0.0,61.25,123852.31,701829.74,526.37,0.6375,1.886,387938.39,17661.52,17661.52,1.55,High
2024-06-02,DC004,Hyderabad Cloud DC,Hyderabad,India,50,Hybrid Cooling,0.1,0.66,35,6,99.95,1017261.05,644458.58,298090.63,16318.23,0.0,52748.69,30.14,52.38,6100,5108,992,70.44,60.81,28.73,580969.54,101726.1,29809.06,44132.82,0.0,0.0,74.89,356041.37,661219.68,436.4,0.429,1.578,372802.47,8279.61,8279.61,1.45,Medium
2024-06-02,DC005,Pune Backup DC,Pune,India,30,Air Cooling,0.095,0.68,28,8,99.8,598839.12,338422.38,224816.89,9846.01,0.0,33660.31,31.76,75.45,3300,2604,696,65.73,63.09,45.4,288271.9,56889.72,21357.6,29470.6,0.0,0.0,70.04,167674.95,431164.16,293.19,0.4896,1.77,260416.73,7057.02,7057.02,1.55,Medium
2024-06-03,DC001,Mumbai Core DC,Mumbai,India,45,Air Cooling,0.11,0.72,18,9,99.9,1266634.83,684457.15,492620.8,23674.8,4144.57,62532.1,31.59,71.52,5200,3899,1301,62.14,56.78,22.13,511482.39,139329.83,54188.29,52133.71,0.0,0.0,62.57,227994.27,1038640.56,747.82,0.5904,1.851,582177.69,22629.89,22629.89,1.55,High
2024-06-03,DC002,Bengaluru AI Hub,Bengaluru,India,60,Liquid Cooling,0.09,0.62,42,4,99.95,1282824.57,889187.63,306720.93,27296.77,0.0,71386.08,29.41,60.37,7200,6340,860,71.67,68.38,63.52,809678.21,115454.21,27604.88,58075.99,0.0,0.0,78.57,538786.32,744038.25,461.3,0.3596,1.443,393636.94,7417.91,7417.91,1.35,Medium
2024-06-03,DC003,Delhi Enterprise DC,Delhi,India,35,Air Cooling,0.12,0.75,15,12,99.9,960153.85,498424.61,384204.64,13895.59,4168.84,49232.56,34.55,46.12,4100,3072,1028,58.34,60.13,36.62,422313.95,115218.46,46104.56,46219.28,0.0,0.0,61.77,144023.08,816130.77,612.1,0.6375,1.926,461729.24,22511.48,22511.48,1.55,High
2024-06-03,DC004,Hyderabad Cloud DC,Hyderabad,India,50,Hybrid Cooling,0.1,0.66,35,6,99.95,1136115.13,690851.72,379521.69,17279.13,0.0,61668.33,34.06,48.57,6100,4540,1560,60.05,62.41,28.49,674767.32,113611.51,37952.17,58184.78,0.0,0.0,74.54,397640.29,738474.83,487.39,0.429,1.645,445263.41,13438.01,13438.01,1.45,Medium
2024-06-03,DC005,Pune Backup DC,Pune,India,30,Air Cooling,0.095,0.68,28,8,99.8,665168.13,359486.7,249546.02,12926.61,0.0,34938.2,32.59,71.79,3300,2161,1139,49.69,59.97,34.77,334250.9,63190.97,23706.87,37976.75,0.0,0.0,69.73,186247.08,478921.05,325.67,0.4896,1.85,305681.43,10256.56,10256.56,1.55,High
2024-06-04,DC001,Mumbai Core DC,Mumbai,India,45,Air Cooling,0.11,0.72,18,9,99.9,1293302.47,685946.95,486594.13,30493.92,2935.94,65369.54,35.06,63.33,5200,3824,1376,61.36,58.19,26.09,571281.03,142263.27,53525.35,40357.8,0.0,0.0,68.03,232794.44,1060508.03,763.57,0.5904,1.885,607355.52,25309.32,25309.32,1.55,High
2024-06-04,DC002,Bengaluru AI Hub,Bengaluru,India,60,Liquid Cooling,0.09,0.62,42,4,99.95,1201987.57,824040.02,288704.53,25530.15,0.0,65745.86,30.6,52.85,7200,4684,2516,49.49,57.72,69.11,798943.11,108178.88,25983.41,54315.77,0.0,0.0,79.66,504834.78,697152.79,432.23,0.3596,1.459,377947.55,8058.02,8058.02,1.35,Medium
2024-06-04,DC003,Delhi Enterprise DC,Delhi,India,35,Air Cooling,0.12,0.75,15,12,99.9,947654.6,493545.29,395426.86,16250.91,0.0,47783.83,34.53,66.93,4100,2694,1406,51.83,72.62,31.02,431122.05,113718.55,47451.22,37190.42,0.0,0.0,65.0,142148.19,805506.41,604.13,0.6375,1.92,454109.31,21919.13,21919.13,1.55,High
2024-06-04,DC004,Hyderabad Cloud DC,Hyderabad,India,50,Hybrid Cooling,0.1,0.66,35,6,99.95,1220713.02,725221.79,379900.18,27528.98,0.0,58841.61,32.24,60.06,6100,4327,1773,56.62,63.04,32.3,679774.88,122071.3,37990.02,56929.3,0.0,0.0,73.67,427249.56,793463.47,523.69,0.429,1.683,495491.23,16914.14,16914.14,1.45,Medium
2024-06-04,DC005,Pune Backup DC,Pune,India,30,Air Cooling,0.095,0.68,28,8,99.8,643686.55,374635.9,233669.11,9661.96,0.0,35895.76,30.64,59.85,3300,2397,903,61.86,73.68,29.04,333755.54,61150.22,22198.57,30807.24,0.0,0.0,72.45,180232.23,463454.31,315.15,0.4896,1.718,269050.65,5985.09,5985.09,1.55,Medium
2024-06-05,DC001,Mumbai Core DC,Mumbai,India,45,Air Cooling,0.11,0.72,18,9,99.9,1272725.7,686019.12,507348.82,20220.99,0.0,68390.54,35.86,68.0,5200,4361,839,67.05,75.56,37.74,540020.89,139999.83,55808.37,46936.62,0.0,0.0,65.38,229090.63,1043635.08,751.42,0.5904,1.855,586706.58,23033.57,23033.57,1.55,High
2024-06-05,DC002,Bengaluru AI Hub,Bengaluru,India,60,Liquid Cooling,0.09,0.62,42,4,99.95,1210555.08,833974.62,291427.43,24863.81,0.0,58628.05,32.23,55.22,7200,5759,1441,62.11,60.83,46.21,815670.03,108949.96,26228.47,69206.09,0.0,0.0,78.16,508433.14,702121.95,435.32,0.3596,1.452,376580.47,7622.04,7622.04,1.35,Medium
2024-06-05,DC003,Delhi Enterprise DC,Delhi,India,35,Air Cooling,0.12,0.75,15,12,99.9,955800.63,502499.38,387502.77,19892.75,0.0,51286.59,34.3,66.81,4100,3201,899,64.23,49.49,29.48,458662.56,114696.08,46500.33,37113.35,0.0,0.0,66.9,143370.09,812430.53,609.32,0.6375,1.902,453301.25,21231.19,21231.19,1.55,High
2024-06-05,DC004,Hyderabad Cloud DC,Hyderabad,India,50,Hybrid Cooling,0.1,0.66,35,6,99.95,1216807.26,720382.1,391489.61,24487.4,0.0,65315.43,33.85,61.28,6100,4815,1285,61.21,57.72,24.5,690033.14,121680.73,39148.96,57226.41,0.0,0.0,74.07,425882.54,790924.72,522.01,0.429,1.689,496425.16,17225.32,17225.32,1.45,Medium
2024-06-05,DC005,Pune Backup DC,Pune,India,30,Air Cooling,0.095,0.68,28,8,99.8,675342.1,379146.03,254199.49,11585.66,0.0,36915.34,31.33,68.52,3300,2753,547,70.76,71.78,45.61,301668.24,64157.5,24148.95,38588.59,0.0,0.0,65.94,189095.79,486246.32,330.65,0.4896,1.781,296196.07,8328.25,8328.25,1.55,Medium
2024-06-06,DC001,Mumbai Core DC,Mumbai,India,45,Air Cooling,0.11,0.72,18,9,99.9,1231647.4,651891.51,481256.77,22881.15,10061.48,65616.91,33.91,43.46,5200,3317,1883,51.15,66.96,33.61,550251.24,135481.21,52938.24,61266.06,0.0,0.0,64.24,221696.53,1009950.87,727.16,0.5904,1.889,579755.89,24333.71,24333.71,1.55,High
2024-06-06,DC002,Bengaluru AI Hub,Bengaluru,India,60,Liquid Cooling,0.09,0.62,42,4,99.95,1251077.52,828485.18,291332.94,28574.74,10396.91,66207.99,29.22,45.65,7200,4695,2505,54.86,62.43,40.96,829993.28,112596.98,26219.96,48771.21,0.0,0.0,80.56,525452.56,725624.96,449.89,0.3596,1.51,422592.34,11936.03,11936.03,1.35,Medium
2024-06-06,DC003,Delhi Enterprise DC,Delhi,India,35,Air Cooling,0.12,0.75,15,12,99.9,850129.13,446795.48,335267.19,13151.88,0.0,43934.04,36.26,69.03,4100,2588,1512,49.97,56.67,20.2,436803.79,102015.5,40232.06,44255.53,0.0,0.0,66.51,127519.37,722609.76,541.96,0.6375,1.903,403333.65,18911.54,18911.54,1.55,High
2024-06-06,DC004,Hyderabad Cloud DC,Hyderabad,India,50,Hybrid Cooling,0.1,0.66,35,6,99.95,1115619.53,678374.43,347439.39,19854.86,0.0,61805.28,29.82,63.9,6100,4231,1869,54.25,62.78,45.61,684463.54,111561.95,34743.94,53985.81,0.0,0.0,75.81,390466.83,725152.69,478.6,0.429,1.645,437245.1,13197.66,13197.66,1.45,Medium
2024-06-06,DC005,Pune Backup DC,Pune,India,30,Air Cooling,0.095,0.68,28,8,99.8,630703.97,340804.31,249709.15,13502.78,0.0,32514.65,32.94,72.55,3300,2250,1050,54.36,72.95,32.76,339169.57,59916.88,23722.37,28015.5,0.0,0.0,74.07,176597.11,454106.86,308.79,0.4896,1.851,289899.67,9733.44,9733.44,1.55,High
2024-06-07,DC001,Mumbai Core DC,Mumbai,India,45,Air Cooling,0.11,0.72,18,9,99.9,1148757.05,626930.18,423743.97,25436.62,0.0,56184.17,32.86,73.64,5200,3859,1341,56.36,79.32,29.12,548653.99,126363.28,46611.84,57375.75,0.0,0.0,66.51,206776.27,941980.78,678.23,0.5904,1.832,521826.87,19471.68,19471.68,1.55,High
2024-06-07,DC002,Bengaluru AI Hub,Bengaluru,India,60,Liquid Cooling,0.09,0.62,42,4,99.95,1249104.9,847887.36,270664.46,24407.29,8665.18,68644.5,27.16,68.69,7200,5547,1653,60.73,70.69,62.25,765540.13,112419.44,24359.8,44037.62,0.0,0.0,79.56,524624.06,724480.84,449.18,0.3596,1.473,401217.54,9401.13,9401.13,1.35,Medium
2024-06-07,DC003,Delhi Enterprise DC,Delhi,India,35,Air Cooling,0.12,0.75,15,12,99.9,940048.13,488473.22,372794.98,20098.48,0.0,46607.99,35.57,46.65,4100,3024,1076,58.71,84.33,13.97,460832.6,112805.78,44735.4,43649.34,0.0,0.0,66.05,141007.22,799040.91,599.28,0.6375,1.924,451574.92,21949.76,21949.76,1.55,High
2024-06-07,DC004,Hyderabad Cloud DC,Hyderabad,India,50,Hybrid Cooling,0.1,0.66,35,6,99.95,1182029.43,733720.03,376561.05,21264.87,0.0,62544.0,32.34,60.13,6100,5207,893,69.2,61.53,43.58,623013.05,118202.94,37656.1,48369.88,32.6,42890.9,66.38,413710.3,768319.13,507.09,0.429,1.611,448309.4,11813.54,54704.44,1.45,High
2024-06-07,DC005,Pune Backup DC,Pune,India,30,Air Cooling,0.095,0.68,28,8,99.8,652304.14,361269.62,237481.83,13017.3,0.0,35743.3,29.88,72.24,3300,2496,804,61.48,68.22,34.39,300040.44,61968.89,22560.77,35415.21,0.0,0.0,67.54,182645.16,469658.98,319.37,0.4896,1.806,291034.52,8771.94,8771.94,1.55,Medium
2024-06-08,DC001,Mumbai Core DC,Mumbai,India,45,Air Cooling,0.11,0.72,18,9,99.9,1090141.82,574701.98,418564.04,17593.56,10841.14,55706.02,31.31,80.55,5200,2938,2262,40.95,40.0,43.75,485108.89,119915.6,46042.04,44000.93,0.0,0.0,66.21,196225.53,893916.29,643.62,0.5904,1.897,515439.84,21928.91,21928.91,1.55,High
2024-06-08,DC002,Bengaluru AI Hub,Bengaluru,India,60,Liquid Cooling,0.09,0.62,42,4,99.95,1206152.21,821945.39,292707.52,25781.33,7399.5,66241.78,30.03,62.05,7200,6142,1058,70.52,70.57,60.34,721211.43,108553.7,26343.68,66500.36,0.0,0.0,75.73,506583.93,699568.28,433.73,0.3596,1.467,384206.82,8687.33,8687.33,1.35,Medium
2024-06-08,DC003,Delhi Enterprise DC,Delhi,India,35,Air Cooling,0.12,0.75,15,12,99.9,772180.3,400156.31,308660.55,12385.21,0.0,39107.63,35.23,69.58,4100,2439,1661,43.97,63.43,20.69,368745.62,92661.64,37039.27,44402.77,0.0,0.0,62.83,115827.04,656353.25,492.26,0.6375,1.93,372023.99,18232.56,18232.56,1.55,High
2024-06-08,DC004,Hyderabad Cloud DC,Hyderabad,India,50,Hybrid Cooling,0.1,0.66,35,6,99.95,1041703.86,625370.47,316363.23,27386.94,0.0,51449.74,35.3,71.44,6100,4314,1786,60.39,70.35,48.85,560716.23,104170.39,31636.32,59607.1,0.0,0.0,70.79,364596.35,677107.51,446.89,0.429,1.666,416333.39,13491.67,13491.67,1.45,Medium
2024-06-08,DC005,Pune Backup DC,Pune,India,30,Air Cooling,0.095,0.68,28,8,99.8,613699.12,339350.52,232384.54,8519.64,0.0,32051.9,29.0,65.09,3300,2917,383,71.5,86.76,44.31,302408.3,58301.42,22076.53,36175.76,0.0,0.0,68.76,171835.75,441863.36,300.47,0.4896,1.808,274348.59,8332.05,8332.05,1.55,Medium
2024-06-09,DC001,Mumbai Core DC,Mumbai,India,45,Air Cooling,0.11,0.72,18,9,99.9,1140002.51,611431.4,446036.83,18404.08,0.0,58670.44,33.48,67.22,5200,3730,1470,57.12,65.49,40.13,507991.26,125400.28,49064.05,39639.17,0.0,0.0,67.51,205200.45,934802.06,673.06,0.5904,1.864,528571.11,21151.22,21151.22,1.55,High
2024-06-09,DC002,Bengaluru AI Hub,Bengaluru,India,60,Liquid Cooling,0.09,0.62,42,4,99.95,1167999.14,789449.75,291608.76,30536.99,0.0,61838.77,32.21,68.87,7200,5858,1342,63.39,68.91,62.16,679201.61,105119.92,26244.79,64258.74,0.0,0.0,75.06,490559.64,677439.5,420.01,0.3596,1.48,378549.39,9201.78,9201.78,1.35,Medium
2024-06-09,DC003,Delhi Enterprise DC,Delhi,India,35,Air Cooling,0.12,0.75,15,12,99.9,780424.85,410547.02,320988.9,13904.5,0.0,40053.17,35.01,63.38,4100,2345,1755,40.25,62.79,29.74,391129.62,93650.98,38518.67,48683.45,0.0,0.0,63.61,117063.73,663361.12,497.52,0.6375,1.901,369877.83,17289.24,17289.24,1.55,High
2024-06-09,DC004,Hyderabad Cloud DC,Hyderabad,India,50,Hybrid Cooling,0.1,0.66,35,6,99.95,1080731.22,676131.55,325715.68,23106.76,0.0,53115.53,33.39,57.53,6100,4867,1233,69.3,67.19,34.51,595175.18,108073.12,32571.57,41252.53,0.0,0.0,74.91,378255.93,702475.3,463.63,0.429,1.598,404599.67,10034.05,10034.05,1.45,Medium
2024-06-09,DC005,Pune Backup DC,Pune,India,30,Air Cooling,0.095,0.68,28,8,99.8,535002.25,303176.22,186408.34,8916.81,0.0,28655.97,29.31,57.22,3300,2115,1185,48.59,65.36,26.61,270457.14,50825.21,17708.79,37170.18,0.0,0.0,67.46,149800.63,385201.62,261.94,0.4896,1.765,231826.03,6182.52,6182.52,1.55,Medium
2024-06-10,DC001,Mumbai Core DC,Mumbai,India,45,Air Cooling,0.11,0.72,18,9,99.9,1218287.33,667216.0,480044.36,22067.7,0.0,60947.74,35.78,60.93,5200,3926,1274,58.62,71.1,39.65,561266.74,134011.61,52804.88,56308.59,0.0,0.0,66.09,219291.72,998995.61,719.28,0.5904,1.826,551071.32,20251.28,20251.28,1.55,High
2024-06-10,DC002,Bengaluru AI Hub,Bengaluru,India,60,Liquid Cooling,0.09,0.62,42,4,99.95,1181988.57,807018.39,272308.52,32598.48,0.0,58637.37,27.32,46.27,7200,5232,1968,58.69,61.97,49.0,826845.06,106378.97,24507.77,63336.58,0.0,0.0,79.47,496435.2,685553.37,425.04,0.3596,1.465,374970.18,8326.24,8326.24,1.35,Medium
2024-06-10,DC003,Delhi Enterprise DC,Delhi,India,35,Air Cooling,0.12,0.75,15,12,99.9,867204.23,454278.39,338160.7,17031.98,0.0,44261.56,34.58,45.94,4100,2434,1666,44.87,46.95,26.19,440333.34,104064.51,40579.28,43570.01,0.0,0.0,66.47,130080.63,737123.6,552.84,0.6375,1.909,412925.84,19568.73,19568.73,1.55,High
2024-06-10,DC004,Hyderabad Cloud DC,Hyderabad,India,50,Hybrid Cooling,0.1,0.66,35,6,99.95,1175107.18,723239.9,336752.38,27930.96,0.0,58576.83,31.45,53.66,6100,4325,1775,53.98,69.59,36.61,672254.7,117510.72,33675.24,37587.03,0.0,0.0,76.93,411287.51,763819.67,504.12,0.429,1.625,451867.28,12640.93,12640.93,1.45,Medium
2024-06-10,DC005,Pune Backup DC,Pune,India,30,Air Cooling,0.095,0.68,28,8,99.8,626534.86,342318.47,226353.6,9371.17,9224.35,34113.46,32.54,67.9,3300,2005,1295,49.09,61.8,36.45,306340.31,59520.81,21503.59,33521.16,0.0,0.0,69.63,175429.76,451105.1,306.75,0.4896,1.83,284216.39,9114.42,9114.42,1.55,Medium
2024-06-11,DC001,Mumbai Core DC,Mumbai,India,45,Air Cooling,0.11,0.72,18,9,99.9,1171408.11,633897.39,453358.75,18754.86,0.0,65710.02,33.92,45.87,5200,3722,1478,53.65,72.33,40.3,594425.88,128854.89,49869.46,44862.06,0.0,0.0,70.78,210853.46,960554.65,691.6,0.5904,1.848,537510.72,20775.39,20775.39,1.55,High
2024-06-11,DC002,Bengaluru AI Hub,Bengaluru,India,60,Liquid Cooling,0.09,0.62,42,4,99.95,1179972.33,830963.79,252235.08,34522.85,0.0,63371.83,26.17,44.64,7200,5637,1563,66.43,82.65,48.83,760691.4,106197.51,22701.16,48266.73,0.0,0.0,79.69,495588.38,684383.95,424.32,0.3596,1.42,349008.54,5235.41,5235.41,1.35,Medium
2024-06-11,DC003,Delhi Enterprise DC,Delhi,India,35,Air Cooling,0.12,0.75,15,12,99.9,920559.7,507700.36,342868.32,16495.55,0.0,44984.31,32.2,43.24,4100,3408,692,71.89,84.85,28.26,421018.99,110467.16,41144.2,34742.55,0.0,0.0,65.51,138083.95,782475.74,586.86,0.6375,1.813,412859.34,16034.9,16034.9,1.55,Medium
2024-06-11,DC004,Hyderabad Cloud DC,Hyderabad,India,50,Hybrid Cooling,0.1,0.66,35,6,99.95,1169546.73,686748.25,372734.06,29516.1,0.0,57651.51,33.28,61.02,6100,3656,2444,44.52,65.55,26.19,650677.22,116954.67,37273.41,54613.64,0.0,0.0,73.63,409341.36,760205.38,501.74,0.429,1.703,482798.48,17376.18,17376.18,1.45,Medium
2024-06-11,DC005,Pune Backup DC,Pune,India,30,Air Cooling,0.095,0.68,28,8,99.8,627837.97,351581.09,219544.58,11430.08,10381.6,30717.57,28.33,50.58,3300,2542,758,65.34,65.39,30.87,339338.58,59644.61,20856.73,33243.4,0.0,0.0,72.63,175794.63,452043.34,307.39,0.4896,1.786,276256.88,7874.29,7874.29,1.55,Medium
2024-06-12,DC001,Mumbai Core DC,Mumbai,India,45,Air Cooling,0.11,0.72,18,9,99.9,1204823.55,671474.5,453465.0,24025.7,0.0,63090.95,30.73,70.66,5200,4449,751,69.66,60.6,37.96,543641.43,132530.59,49881.15,44913.71,0.0,0.0,67.36,216868.24,987955.31,711.33,0.5904,1.794,533349.05,18044.19,18044.19,1.55,High
2024-06-12,DC002,Bengaluru AI Hub,Bengaluru,India,60,Liquid Cooling,0.09,0.62,42,4,99.95,1246230.73,840434.51,291458.24,24717.31,6902.62,64538.81,28.45,56.19,7200,5497,1703,64.93,51.24,51.87,791201.5,112160.77,26231.24,46700.74,0.0,0.0,79.92,523416.91,722813.83,448.14,0.3596,1.483,405796.23,10047.97,10047.97,1.35,Medium
2024-06-12,DC003,Delhi Enterprise DC,Delhi,India,35,Air Cooling,0.12,0.75,15,12,99.9,873463.43,448771.15,358423.29,11436.55,0.0,43113.94,36.34,44.87,4100,2621,1479,53.84,68.99,10.0,428521.41,104815.61,43010.8,39856.67,0.0,0.0,66.24,131019.51,742443.92,556.83,0.6375,1.946,424692.28,21344.18,21344.18,1.55,High
2024-06-12,DC004,Hyderabad Cloud DC,Hyderabad,India,50,Hybrid Cooling,0.1,0.66,35,6,99.95,1063933.11,662993.82,318202.3,21260.05,3478.84,56990.35,32.46,47.89,6100,3689,2411,50.03,50.88,41.1,676355.84,106393.31,31820.23,43002.35,0.0,0.0,77.91,372376.59,691556.52,456.43,0.429,1.605,400939.29,10259.21,10259.21,1.45,Medium
2024-06-12,DC005,Pune Backup DC,Pune,India,30,Air Cooling,0.095,0.68,28,8,99.8,567695.62,316886.06,203669.71,11099.98,0.0,27402.68,27.33,51.9,3300,1518,1782,35.41,68.1,27.8,307942.73,53931.08,19348.62,33209.49,0.0,0.0,71.7,158954.77,408740.85,277.94,0.4896,1.791,250809.56,7269.61,7269.61,1.55,Medium
2024-06-13,DC001,Mumbai Core DC,Mumbai,India,45,Air Cooling,0.11,0.72,18,9,99.9,1219320.83,676859.19,465734.13,18942.22,0.0,62368.71,33.87,71.2,5200,4129,1071,65.3,57.99,27.88,554649.91,134125.29,51230.75,53140.47,29.3,31139.88,60.62,219477.75,999843.08,719.89,0.5904,1.801,542461.63,18720.8,49860.68,1.55,High
2024-06-13,DC002,Bengaluru AI Hub,Bengaluru,India,60,Liquid Cooling,0.09,0.62,42,4,99.95,1260788.68,841332.34,284230.02,27008.06,9065.12,62451.12,29.48,68.92,7200,4995,2205,54.57,70.69,56.21,835877.93,113470.98,25580.7,46515.12,29.5,26807.63,77.65,529531.24,731257.43,453.38,0.3596,1.499,419456.34,11249.1,38056.73,1.35,Medium
2024-06-13,DC003,Delhi Enterprise DC,Delhi,India,35,Air Cooling,0.12,0.75,15,12,99.9,942721.35,472426.77,392567.31,16520.27,0.0,51096.21,36.45,66.97,4100,2975,1125,57.56,66.03,31.21,449211.02,113126.56,47108.08,40061.47,0.0,0.0,65.9,141408.2,801313.15,600.98,0.6375,1.995,470294.58,25255.18,25255.18,1.55,High
2024-06-13,DC004,Hyderabad Cloud DC,Hyderabad,India,50,Hybrid Cooling,0.1,0.66,35,6,99.95,1158603.87,698780.11,380081.61,21766.95,0.0,63185.46,35.37,64.37,6100,4009,2091,51.55,53.98,38.28,628762.55,115860.39,38008.16,58040.19,0.0,0.0,72.34,405511.36,753092.52,497.04,0.429,1.658,459823.76,14537.27,14537.27,1.45,Medium
2024-06-13,DC005,Pune Backup DC,Pune,India,30,Air Cooling,0.095,0.68,28,8,99.8,637340.25,346147.71,250438.39,11240.56,0.0,32788.2,32.15,60.14,3300,2355,945,58.25,78.98,29.76,309969.99,60547.32,23791.65,34607.99,0.0,0.0,69.3,178455.27,458884.98,312.04,0.4896,1.841,291192.54,9577.07,9577.07,1.55,Medium
2024-06-14,DC001,Mumbai Core DC,Mumbai,India,45,Air Cooling,0.11,0.72,18,9,99.9,1206221.7,659250.2,449219.54,20312.83,9425.14,67468.89,32.99,83.3,5200,3873,1327,61.46,67.55,27.54,551885.4,132684.39,49414.15,46088.22,42.3,41716.53,60.05,217119.91,989101.8,712.15,0.5904,1.83,546971.5,20282.23,61998.76,1.55,High
2024-06-14,DC002,Bengaluru AI Hub,Bengaluru,India,60,Liquid Cooling,0.09,0.62,42,4,99.95,1226331.91,821921.77,276738.43,31053.54,0.0,68596.0,30.54,50.98,7200,5038,2162,55.09,62.61,53.34,769875.49,110369.87,24906.46,54369.41,0.0,0.0,78.6,515059.4,711272.51,440.99,0.3596,1.492,404410.15,10506.38,10506.38,1.35,Medium
2024-06-14,DC003,Delhi Enterprise DC,Delhi,India,35,Air Cooling,0.12,0.75,15,12,99.9,857816.58,469439.67,321739.59,17367.91,0.0,45189.75,32.3,51.75,4100,2655,1445,53.63,70.92,43.53,425346.86,102937.99,38608.75,47308.19,0.0,0.0,64.68,128672.49,729144.09,546.86,0.6375,1.827,388376.9,15622.21,15622.21,1.55,Medium
2024-06-14,DC004,Hyderabad Cloud DC,Hyderabad,India,50,Hybrid Cooling,0.1,0.66,35,6,99.95,1233218.34,741566.8,393995.93,27614.1,0.0,69789.81,32.22,67.97,6100,4941,1159,63.95,75.83,29.47,679765.43,123321.83,39399.59,60219.65,0.0,0.0,73.0,431626.42,801591.92,529.05,0.429,1.663,491651.54,15794.65,15794.65,1.45,Medium
2024-06-14,DC005,Pune Backup DC,Pune,India,30,Air Cooling,0.095,0.68,28,8,99.8,666114.18,372838.62,239844.29,11815.92,7172.79,34971.35,28.56,60.72,3300,2436,864,63.63,63.75,31.84,329895.28,63280.85,22785.21,37278.18,99.0,125464.18,31.49,186511.97,479602.21,326.13,0.4896,1.787,293275.57,8380.36,133844.54,1.55,High
2024-06-15,DC001,Mumbai Core DC,Mumbai,India,45,Air Cooling,0.11,0.72,18,9,99.9,1116003.81,588134.21,434674.75,18770.8,3148.14,54167.65,34.94,49.93,5200,3734,1466,54.49,77.04,48.93,505217.03,122760.42,47814.22,53503.69,0.0,0.0,65.11,200880.69,915123.12,658.89,0.5904,1.898,527869.6,22483.54,22483.54,1.55,High
2024-06-15,DC002,Bengaluru AI Hub,Bengaluru,India,60,Liquid Cooling,0.09,0.62,42,4,99.95,1078490.31,732859.07,238769.6,20822.0,10503.6,57358.27,28.03,59.52,7200,4121,3079,42.55,69.44,61.95,676059.46,97064.13,21489.26,50441.23,0.0,0.0,78.18,452965.93,625524.38,387.83,0.3596,1.472,345631.24,8021.75,8021.75,1.35,Low
2024-06-15,DC003,Delhi Enterprise DC,Delhi,India,35,Air Cooling,0.12,0.75,15,12,99.9,745067.98,393565.67,293828.95,10006.44,0.0,38495.82,34.85,60.72,4100,2158,1942,41.61,46.16,31.68,405867.8,89408.16,35259.47,40366.23,0.0,0.0,68.03,111760.2,633307.78,474.98,0.6375,1.893,351502.31,16204.94,16204.94,1.55,High
2024-06-15,DC004,Hyderabad Cloud DC,Hyderabad,India,50,Hybrid Cooling,0.1,0.66,35,6,99.95,1082206.39,661215.85,341151.2,21308.63,0.0,55513.57,30.9,40.67,6100,5612,488,80.92,58.9,38.9,632621.82,108220.64,34115.12,59006.37,0.0,0.0,73.57,378772.24,703434.15,464.27,0.429,1.637,420990.53,12344.34,12344.34,1.45,Medium
2024-06-15,DC005,Pune Backup DC,Pune,India,30,Air Cooling,0.095,0.68,28,8,99.8,567870.24,311067.4,211078.43,10795.72,0.0,30297.0,31.01,54.39,3300,2437,863,60.43,57.84,30.59,270363.04,53947.67,20052.45,35954.94,0.0,0.0,66.75,159003.67,408866.58,278.03,0.4896,1.826,256802.84,8143.0,8143.0,1.55,Medium
2024-06-16,DC001,Mumbai Core DC,Mumbai,India,45,Air Cooling,0.11,0.72,18,9,99.9,1129672.26,607237.49,413475.37,25659.84,8761.59,55479.33,33.28,57.77,5200,4322,878,66.88,41.87,41.59,510520.26,124263.95,45482.29,50640.65,44.2,58250.22,54.33,203341.01,926331.25,666.96,0.5904,1.86,522434.76,20729.96,78980.17,1.55,High
2024-06-16,DC002,Bengaluru AI Hub,Bengaluru,India,60,Liquid Cooling,0.09,0.62,42,4,99.95,1085325.1,770328.04,242739.51,22058.78,0.0,57540.72,27.24,62.61,7200,5131,2069,58.32,54.03,52.03,723909.5,97679.26,21846.56,63111.96,0.0,0.0,77.79,455836.54,629488.56,390.28,0.3596,1.409,314997.06,4084.4,4084.4,1.35,Low
2024-06-16,DC003,Delhi Enterprise DC,Delhi,India,35,Air Cooling,0.12,0.75,15,12,99.9,782294.66,409320.63,309801.32,15147.41,0.0,38098.65,33.77,59.36,4100,2319,1781,44.21,78.02,21.62,396011.09,93875.36,37176.16,49746.83,0.0,0.0,63.73,117344.2,664950.46,498.71,0.6375,1.911,372974.03,17741.72,17741.72,1.55,High
2024-06-16,DC004,Hyderabad Cloud DC,Hyderabad,India,50,Hybrid Cooling,0.1,0.66,35,6,99.95,1051832.28,628151.43,323250.95,27679.98,0.0,53110.11,30.96,55.64,6100,4266,1834,53.77,75.88,25.87,623446.74,105183.23,32325.1,48817.96,0.0,0.0,75.3,368141.3,683690.98,451.24,0.429,1.674,423680.85,14101.27,14101.27,1.45,Medium
2024-06-16,DC005,Pune Backup DC,Pune,India,30,Air Cooling,0.095,0.68,28,8,99.8,579887.25,324993.76,217573.61,14444.95,0.0,29356.68,29.36,49.02,3300,2743,557,69.95,66.36,38.79,294631.11,55089.29,20669.49,33706.78,0.0,0.0,69.86,162368.43,417518.82,283.91,0.4896,1.784,254893.49,7233.96,7233.96,1.55,Medium
2024-06-17,DC001,Mumbai Core DC,Mumbai,India,45,Air Cooling,0.11,0.72,18,9,99.9,1406657.43,737696.83,548413.15,30658.88,0.0,79484.09,32.53,56.31,5200,4784,416,82.39,79.08,32.74,576602.35,154732.32,60325.45,44584.01,0.0,0.0,65.43,253198.34,1153459.09,830.49,0.5904,1.907,668960.59,28955.01,28955.01,1.55,High
2024-06-17,DC002,Bengaluru AI Hub,Bengaluru,India,60,Liquid Cooling,0.09,0.62,42,4,99.95,1230480.48,852873.34,265846.25,30713.91,0.0,68903.16,28.07,60.17,7200,5164,2036,60.55,55.75,46.02,827344.87,110743.24,23926.16,63989.75,0.0,0.0,78.88,516801.8,713678.68,442.48,0.3596,1.443,377607.14,7119.13,7119.13,1.35,Medium
2024-06-17,DC003,Delhi Enterprise DC,Delhi,India,35,Air Cooling,0.12,0.75,15,12,99.9,942176.5,486322.83,399931.56,16035.72,0.0,52151.45,37.16,46.5,4100,2570,1530,50.01,71.04,34.44,419583.64,113061.18,47991.79,53601.86,0.0,0.0,60.28,141326.48,800850.03,600.64,0.6375,1.937,455853.68,22605.13,22605.13,1.55,High
2024-06-17,DC004,Hyderabad Cloud DC,Hyderabad,India,50,Hybrid Cooling,0.1,0.66,35,6,99.95,1137561.09,708531.41,345480.57,31861.86,0.0,59523.78,31.48,58.01,6100,4066,2034,51.86,57.6,31.65,704039.1,113756.11,34548.06,56830.2,0.0,0.0,75.77,398146.38,739414.71,488.01,0.429,1.606,429029.67,11019.05,11019.05,1.45,Medium
2024-06-17,DC005,Pune Backup DC,Pune,India,30,Air Cooling,0.095,0.68,28,8,99.8,687608.74,370994.91,260797.13,11659.57,9076.06,34126.56,31.24,59.52,3300,2599,701,63.87,65.63,40.96,332844.09,65322.83,24775.73,31684.59,0.0,0.0,70.85,192530.45,495078.3,336.65,0.4896,1.853,316613.84,10693.83,10693.83,1.55,High
2024-06-18,DC001,Mumbai Core DC,Mumbai,India,45,Air Cooling,0.11,0.72,18,9,99.9,1249752.33,681235.48,476485.57,26763.23,0.0,68227.26,35.39,63.49,5200,4356,844,70.23,68.11,38.37,579288.19,137472.76,52413.41,38485.81,0.0,0.0,69.63,224955.42,1024796.91,737.85,0.5904,1.835,568516.85,21322.11,21322.11,1.55,High
2024-06-18,DC002,Bengaluru AI Hub,Bengaluru,India,60,Liquid Cooling,0.09,0.62,42,4,99.95,1222402.9,829893.5,288017.68,33512.98,5876.87,65789.36,29.86,46.36,7200,4662,2538,51.68,72.09,47.6,747172.51,110016.26,25921.59,48791.78,0.0,0.0,78.75,513409.22,708993.68,439.58,0.3596,1.473,392509.4,9184.2,9184.2,1.35,Medium
2024-06-18,DC003,Delhi Enterprise DC,Delhi,India,35,Air Cooling,0.12,0.75,15,12,99.9,933368.36,486396.83,367360.24,16704.74,0.0,51662.12,35.23,73.56,4100,2321,1779,45.0,83.19,45.71,414054.53,112004.2,44083.23,39262.7,0.0,0.0,63.47,140005.25,793363.1,595.02,0.6375,1.919,446971.53,21534.39,21534.39,1.55,High
2024-06-18,DC004,Hyderabad Cloud DC,Hyderabad,India,50,Hybrid Cooling,0.1,0.66,35,6,99.95,1194770.86,737677.29,375770.47,20231.01,3131.86,60351.51,34.19,68.83,6100,5200,900,69.89,74.1,32.72,645479.42,119477.09,37577.05,62996.46,0.0,0.0,71.73,418169.8,776601.06,512.56,0.429,1.62,457093.57,12513.88,12513.88,1.45,Medium
2024-06-18,DC005,Pune Backup DC,Pune,India,30,Air Cooling,0.095,0.68,28,8,99.8,587758.14,319008.17,233630.4,9484.16,0.0,30212.13,32.47,68.36,3300,1485,1815,31.75,65.44,38.21,321693.72,55837.02,22194.89,42652.68,0.0,0.0,69.38,164572.28,423185.86,287.77,0.4896,1.842,268749.97,8863.07,8863.07,1.55,Medium
2024-06-19,DC001,Mumbai Core DC,Mumbai,India,45,Air Cooling,0.11,0.72,18,9,99.9,1258490.48,698534.98,484512.01,18893.11,0.0,62192.51,29.94,60.13,5200,4326,874,68.08,80.76,45.5,568346.13,138433.95,53296.32,51421.89,0.0,0.0,66.6,226528.29,1031962.2,743.01,0.5904,1.802,559955.5,19333.74,19333.74,1.55,High
2024-06-19,DC002,Bengaluru AI Hub,Bengaluru,India,60,Liquid Cooling,0.09,0.62,42,4,99.95,1345730.5,915384.57,311900.26,26129.04,0.0,68468.47,27.28,59.07,7200,6134,1066,70.89,50.73,62.39,826058.55,121115.74,28071.02,63521.38,0.0,0.0,77.65,565206.81,780523.69,483.92,0.3596,1.47,430345.93,9896.52,9896.52,1.35,Medium
2024-06-19,DC003,Delhi Enterprise DC,Delhi,India,35,Air Cooling,0.12,0.75,15,12,99.9,960205.55,511960.88,372741.96,22017.52,0.0,49077.23,32.46,54.06,4100,3284,816,69.17,63.83,17.0,440391.71,115224.67,44729.03,46339.57,59.7,57039.81,50.36,144030.83,816174.72,612.13,0.6375,1.876,448244.67,19999.94,77039.75,1.55,High
2024-06-19,DC004,Hyderabad Cloud DC,Hyderabad,India,50,Hybrid Cooling,0.1,0.66,35,6,99.95,1183146.88,716216.39,350065.09,32070.36,0.0,62587.52,32.01,55.23,6100,5408,692,73.39,66.33,36.16,708242.1,118314.69,35006.51,54967.79,0.0,0.0,75.53,414101.41,769045.47,507.57,0.429,1.652,466930.49,14463.31,14463.31,1.45,Medium
2024-06-19,DC005,Pune Backup DC,Pune,India,30,Air Cooling,0.095,0.68,28,8,99.8,655418.16,364774.24,240632.28,13667.63,0.0,36871.32,32.43,71.92,3300,2435,865,56.16,56.59,45.16,344126.35,62264.73,22860.07,42335.15,0.0,0.0,69.6,183517.08,471901.07,320.89,0.4896,1.797,290643.92,8551.72,8551.72,1.55,Medium
2024-06-20,DC001,Mumbai Core DC,Mumbai,India,45,Air Cooling,0.11,0.72,18,9,99.9,1248341.04,678525.46,461800.49,30113.85,5034.17,63505.26,33.15,59.42,5200,4095,1105,63.0,58.96,26.6,533455.33,137317.51,50798.05,53540.59,0.0,0.0,64.22,224701.39,1023639.65,737.02,0.5904,1.84,569815.58,21628.92,21628.92,1.55,High
2024-06-20,DC002,Bengaluru AI Hub,Bengaluru,India,60,Liquid Cooling,0.09,0.62,42,4,99.95,1205368.63,835603.68,262178.85,35850.67,0.0,63444.92,27.78,61.74,7200,5822,1378,63.56,63.73,39.92,773447.19,108483.18,23596.1,68642.64,0.0,0.0,77.1,506254.83,699113.81,433.45,0.3596,1.443,369764.95,6957.33,6957.33,1.35,Medium
2024-06-20,DC003,Delhi Enterprise DC,Delhi,India,35,Air Cooling,0.12,0.75,15,12,99.9,928089.17,489168.76,360209.94,17531.58,0.0,48578.47,33.11,70.17,4100,2842,1258,55.64,53.96,37.2,445932.85,111370.7,43225.19,47744.14,0.0,0.0,64.32,139213.38,788875.79,591.66,0.6375,1.897,438920.41,20385.31,20385.31,1.55,High
2024-06-20,DC004,Hyderabad Cloud DC,Hyderabad,India,50,Hybrid Cooling,0.1,0.66,35,6,99.95,1113206.92,683788.74,335476.27,22136.72,0.0,60700.81,28.94,58.64,6100,3761,2339,46.21,79.93,34.48,620420.37,111320.69,33547.63,46633.06,0.0,0.0,74.54,389622.42,723584.5,477.57,0.429,1.628,429418.18,12171.32,12171.32,1.45,Medium
2024-06-20,DC005,Pune Backup DC,Pune,India,30,Air Cooling,0.095,0.68,28,8,99.8,656637.03,370586.5,238897.05,10617.72,0.0,32590.61,30.95,59.18,3300,2584,716,62.35,63.7,27.71,324365.92,62380.52,22695.22,33666.98,0.0,0.0,70.39,183858.37,472778.66,321.49,0.4896,1.772,286050.54,7811.66,7811.66,1.55,Medium
2024-06-21,DC001,Mumbai Core DC,Mumbai,India,45,Air Cooling,0.11,0.72,18,9,99.9,1224264.54,628202.25,490843.44,27311.36,0.0,61455.68,35.44,71.15,5200,3465,1735,53.52,79.06,26.37,566783.92,134669.1,53992.78,45496.82,0.0,0.0,68.21,220367.62,1003896.92,722.81,0.5904,1.949,596062.28,27560.61,27560.61,1.55,High
2024-06-21,DC002,Bengaluru AI Hub,Bengaluru,India,60,Liquid Cooling,0.09,0.62,42,4,99.95,1262615.2,851766.47,293863.14,25070.08,5418.26,69136.25,27.26,63.7,7200,6287,913,69.57,63.97,51.93,802171.01,113635.37,26447.68,70384.72,0.0,0.0,77.06,530298.39,732316.82,454.04,0.3596,1.482,410848.73,10145.74,10145.74,1.35,Medium
2024-06-21,DC003,Delhi Enterprise DC,Delhi,India,35,Air Cooling,0.12,0.75,15,12,99.9,918877.24,479726.28,362357.16,19246.5,0.0,45832.2,33.62,64.03,4100,2768,1332,55.43,53.75,40.85,443547.14,110265.27,43482.86,40334.26,0.0,0.0,66.05,137831.59,781045.65,585.78,0.6375,1.915,439150.95,21036.18,21036.18,1.55,High
2024-06-21,DC004,Hyderabad Cloud DC,Hyderabad,India,50,Hybrid Cooling,0.1,0.66,35,6,99.95,1143578.6,688699.05,359966.33,26923.81,0.0,55657.12,34.25,37.78,6100,4841,1259,65.5,73.73,23.5,620127.0,114357.86,35996.63,40270.37,0.0,0.0,75.07,400252.51,743326.09,490.6,0.429,1.66,454879.56,14496.5,14496.5,1.45,Medium
2024-06-21,DC005,Pune Backup DC,Pune,India,30,Air Cooling,0.095,0.68,28,8,99.8,689564.45,371415.73,265675.43,10008.75,0.0,33317.93,31.52,56.06,3300,2605,695,64.0,69.08,33.03,326461.48,65508.62,25239.17,41548.48,0.0,0.0,67.21,193078.04,496486.4,337.61,0.4896,1.857,318148.72,10817.66,10817.66,1.55,High
2024-06-22,DC001,Mumbai Core DC,Mumbai,India,45,Air Cooling,0.11,0.72,18,9,99.9,1123098.38,600059.71,450570.36,26378.33,0.0,59332.91,35.79,80.97,5200,3789,1411,60.04,64.68,44.41,490678.0,123540.82,49562.74,50949.22,0.0,0.0,64.44,202157.71,920940.67,663.08,0.5904,1.872,523038.67,21230.64,21230.64,1.55,High
2024-06-22,DC002,Bengaluru AI Hub,Bengaluru,India,60,Liquid Cooling,0.09,0.62,42,4,99.95,1101611.73,731662.85,266303.68,29644.92,10622.14,57667.18,30.16,69.96,7200,4759,2441,52.88,83.24,41.24,671737.32,99145.06,23967.33,54814.58,0.0,0.0,77.08,462676.92,638934.8,396.14,0.3596,1.506,369948.88,10248.02,10248.02,1.35,Low
2024-06-22,DC003,Delhi Enterprise DC,Delhi,India,35,Air Cooling,0.12,0.75,15,12,99.9,793488.86,422482.45,299872.96,15533.17,0.0,43489.72,32.28,48.93,4100,2651,1449,49.31,79.62,32.33,398942.86,95218.66,35984.76,42346.04,0.0,0.0,65.52,119023.33,674465.53,505.85,0.6375,1.878,371006.4,16636.93,16636.93,1.55,High
2024-06-22,DC004,Hyderabad Cloud DC,Hyderabad,India,50,Hybrid Cooling,0.1,0.66,35,6,99.95,865588.69,536361.3,257877.09,16700.59,0.0,42027.11,32.51,60.82,6100,2745,3355,29.63,67.92,23.87,555403.36,86558.87,25787.71,60633.37,0.0,0.0,73.5,302956.04,562632.65,371.34,0.429,1.614,329227.39,8786.48,8786.48,1.45,Medium
2024-06-22,DC005,Pune Backup DC,Pune,India,30,Air Cooling,0.095,0.68,28,8,99.8,592108.04,325012.66,220171.31,10892.36,0.0,29943.03,30.88,57.98,3300,2465,835,60.87,74.69,38.21,307423.95,56250.26,20916.27,34493.73,0.0,0.0,70.48,165790.25,426317.79,289.9,0.4896,1.822,267095.38,8392.15,8392.15,1.55,Medium
2024-06-23,DC001,Mumbai Core DC,Mumbai,India,45,Air Cooling,0.11,0.72,18,9,99.9,1010092.4,546774.08,399739.02,20702.46,0.0,55877.15,31.85,62.69,5200,2428,2772,34.93,54.83,46.39,532510.43,111110.16,43971.29,56496.73,0.0,0.0,68.53,181816.63,828275.77,596.36,0.5904,1.847,463318.32,17885.18,17885.18,1.55,Medium
2024-06-23,DC002,Bengaluru AI Hub,Bengaluru,India,60,Liquid Cooling,0.09,0.62,42,4,99.95,1088609.63,754152.89,249376.06,31468.37,0.0,58134.09,30.78,64.36,7200,5999,1201,66.86,54.0,56.38,716364.57,97974.87,22443.85,64921.74,0.0,0.0,77.26,457216.04,631393.58,391.46,0.3596,1.443,334456.73,6345.29,6345.29,1.35,Low
2024-06-23,DC003,Delhi Enterprise DC,Delhi,India,35,Air Cooling,0.12,0.75,15,12,99.9,850856.45,452325.64,343337.51,17325.49,0.0,44344.39,33.17,63.88,4100,3407,693,70.35,51.96,34.9,392808.96,102102.77,41200.5,43649.73,0.0,0.0,62.89,127628.47,723227.98,542.42,0.6375,1.881,398530.81,17970.21,17970.21,1.55,High
2024-06-23,DC004,Hyderabad Cloud DC,Hyderabad,India,50,Hybrid Cooling,0.1,0.66,35,6,99.95,1091494.44,658217.7,337559.0,25272.72,10147.04,54603.31,31.35,43.57,6100,5026,1074,67.45,64.16,42.99,635740.91,109149.44,33755.9,60131.94,0.0,0.0,73.37,382023.05,709471.39,468.25,0.429,1.658,433276.74,13707.88,13707.88,1.45,Medium
2024-06-23,DC005,Pune Backup DC,Pune,India,30,Air Cooling,0.095,0.68,28,8,99.8,578778.61,319692.22,212638.74,9182.51,0.0,28606.96,30.29,57.08,3300,2395,905,59.05,65.71,26.63,299518.93,54983.97,20200.68,38735.09,0.0,0.0,68.71,162058.01,416720.6,283.37,0.4896,1.81,259086.39,7909.29,7909.29,1.55,Medium
2024-06-24,DC001,Mumbai Core DC,Mumbai,India,45,Air Cooling,0.11,0.72,18,9,99.9,1207255.02,673097.28,453742.0,24240.37,0.0,65268.17,32.74,77.61,5200,3981,1219,61.88,54.46,28.4,555190.53,132798.05,49911.62,55309.87,0.0,0.0,66.12,217305.9,989949.12,712.76,0.5904,1.794,534157.74,18034.97,18034.97,1.55,High
2024-06-24,DC002,Bengaluru AI Hub,Bengaluru,India,60,Liquid Cooling,0.09,0.62,42,4,99.95,1259031.46,857959.29,282016.67,37611.19,0.0,66691.83,29.31,67.72,7200,5470,1730,60.09,71.68,42.52,831425.5,113312.83,25381.5,61537.58,0.0,0.0,78.97,528793.21,730238.25,452.75,0.3596,1.467,401072.17,9070.78,9070.78,1.35,Medium
2024-06-24,DC003,Delhi Enterprise DC,Delhi,India,35,Air Cooling,0.12,0.75,15,12,99.9,891754.96,475161.16,340073.87,15025.64,7565.11,49835.7,34.13,42.56,4100,2896,1204,56.07,66.67,22.59,413210.47,107010.6,40808.86,51128.72,0.0,0.0,61.73,133763.24,757991.72,568.49,0.6375,1.877,416593.8,18630.62,18630.62,1.55,High
2024-06-24,DC004,Hyderabad Cloud DC,Hyderabad,India,50,Hybrid Cooling,0.1,0.66,35,6,99.95,1130783.71,675173.24,356839.02,26726.1,0.0,55897.74,36.12,50.72,6100,4082,2018,56.71,56.1,27.8,698694.67,113078.37,35683.9,52445.26,0.0,0.0,76.31,395774.3,735009.41,485.11,0.429,1.675,455610.46,15178.25,15178.25,1.45,Medium
2024-06-24,DC005,Pune Backup DC,Pune,India,30,Air Cooling,0.095,0.68,28,8,99.8,577650.57,327986.3,207344.69,12823.96,0.0,28875.96,26.68,71.06,3300,1877,1423,44.11,66.57,25.59,330588.66,54876.8,19697.75,42524.68,0.0,0.0,70.54,161742.16,415908.41,282.82,0.4896,1.761,249664.27,6580.82,6580.82,1.55,Medium
2024-06-25,DC001,Mumbai Core DC,Mumbai,India,45,Air Cooling,0.11,0.72,18,9,99.9,1299615.72,692956.24,518048.97,21769.0,0.0,73122.87,34.18,59.35,5200,3919,1281,63.48,64.16,53.97,586447.5,142957.73,56985.39,55110.79,0.0,0.0,66.23,233930.83,1065684.89,767.29,0.5904,1.875,606659.48,24808.69,24808.69,1.55,High
2024-06-25,DC002,Bengaluru AI Hub,Bengaluru,India,60,Liquid Cooling,0.09,0.62,42,4,99.95,1330757.36,920551.43,300767.96,26674.63,9876.78,66011.04,30.47,54.23,7200,6624,576,81.4,57.48,50.21,790970.46,119768.16,27069.12,43428.74,0.0,0.0,79.37,558918.09,771839.27,478.54,0.3596,1.446,410205.93,7921.16,7921.16,1.35,Medium
2024-06-25,DC003,Delhi Enterprise DC,Delhi,India,35,Air Cooling,0.12,0.75,15,12,99.9,960293.13,510438.62,377332.32,13966.41,0.0,49460.03,35.58,71.0,4100,3506,594,74.36,71.91,49.47,457188.71,115235.18,45279.88,41294.73,0.0,0.0,65.76,144043.97,816249.16,612.19,0.6375,1.881,449854.5,20293.59,20293.59,1.55,High
2024-06-25,DC004,Hyderabad Cloud DC,Hyderabad,India,50,Hybrid Cooling,0.1,0.66,35,6,99.95,1211787.89,759741.83,357232.46,21059.84,8811.93,66122.72,32.29,65.33,6100,5265,835,75.98,79.15,37.23,621948.25,121178.79,35723.25,54657.19,0.0,0.0,71.73,424125.76,787662.13,519.86,0.429,1.595,452046.06,11016.22,11016.22,1.45,Medium
2024-06-25,DC005,Pune Backup DC,Pune,India,30,Air Cooling,0.095,0.68,28,8,99.8,680643.82,376304.07,251870.18,10187.53,0.0,33150.79,29.26,57.36,3300,2741,559,67.8,49.3,26.83,334052.06,64661.16,23927.67,38822.91,45.0,60456.58,50.92,190580.27,490063.55,333.24,0.4896,1.809,304339.75,9250.39,69706.97,1.55,High
2024-06-26,DC001,Mumbai Core DC,Mumbai,India,45,Air Cooling,0.11,0.72,18,9,99.9,1242184.85,650563.8,495470.06,18783.78,0.0,67364.23,35.01,54.11,5200,4127,1073,66.38,76.07,28.71,574411.78,136640.33,54501.71,55884.54,0.0,0.0,66.48,223593.27,1018591.58,733.39,0.5904,1.909,591621.05,25719.21,25719.21,1.55,High
2024-06-26,DC002,Bengaluru AI Hub,Bengaluru,India,60,Liquid Cooling,0.09,0.62,42,4,99.95,1194104.52,808988.97,298992.4,22144.46,0.0,62960.95,30.58,72.46,7200,5230,1970,57.09,65.33,50.55,832662.96,107469.41,26909.32,62858.65,0.0,0.0,79.54,501523.9,692580.62,429.4,0.3596,1.476,385115.55,9177.25,9177.25,1.35,Medium
2024-06-26,DC003,Delhi Enterprise DC,Delhi,India,35,Air Cooling,0.12,0.75,15,12,99.9,909343.84,487130.0,348528.43,13377.69,6574.14,47510.18,35.0,57.77,4100,2832,1268,57.95,61.76,35.15,436167.98,109121.26,41823.41,52882.88,105.8,98065.83,40.37,136401.58,772942.27,579.71,0.6375,1.867,422213.84,18515.08,116580.91,1.55,High
2024-06-26,DC004,Hyderabad Cloud DC,Hyderabad,India,50,Hybrid Cooling,0.1,0.66,35,6,99.95,1159136.98,706663.76,343209.26,29878.52,0.0,57791.95,32.24,56.38,6100,4593,1507,63.06,55.63,32.57,672262.56,115913.7,34320.93,42991.54,0.0,0.0,76.36,405697.94,753439.03,497.27,0.429,1.64,452473.21,13447.45,13447.45,1.45,Medium
2024-06-26,DC005,Pune Backup DC,Pune,India,30,Air Cooling,0.095,0.68,28,8,99.8,567180.93,321461.69,212442.66,10018.41,0.0,29023.44,27.86,70.54,3300,1658,1642,35.15,67.45,27.54,301031.67,53882.19,20182.05,31875.23,0.0,0.0,71.51,158810.66,408370.27,277.69,0.4896,1.764,245719.24,6546.95,6546.95,1.55,Medium
2024-06-27,DC001,Mumbai Core DC,Mumbai,India,45,Air Cooling,0.11,0.72,18,9,99.9,1215578.28,660341.3,448131.83,16860.43,9236.5,60691.23,34.7,55.5,5200,3837,1363,59.36,68.93,28.45,545127.93,133713.61,49294.5,58610.77,0.0,0.0,64.72,218804.09,996774.19,717.68,0.5904,1.841,555236.99,21125.42,21125.42,1.55,High
2024-06-27,DC002,Bengaluru AI Hub,Bengaluru,India,60,Liquid Cooling,0.09,0.62,42,4,99.95,1239233.89,861494.61,280832.17,36500.37,0.0,64405.34,26.8,59.57,7200,6237,963,73.7,75.33,54.34,793181.79,111531.05,25274.9,54917.42,0.0,0.0,79.02,520478.23,718755.66,445.63,0.3596,1.438,377739.28,6859.45,6859.45,1.35,Medium
2024-06-27,DC003,Delhi Enterprise DC,Delhi,India,35,Air Cooling,0.12,0.75,15,12,99.9,973405.44,500348.68,398162.37,14259.74,2710.72,50348.19,35.09,62.04,4100,3220,880,65.67,59.91,47.44,458158.62,116808.65,47779.48,46628.42,0.0,0.0,64.33,146010.82,827394.63,620.55,0.6375,1.945,473056.76,23743.8,23743.8,1.55,High
2024-06-27,DC004,Hyderabad Cloud DC,Hyderabad,India,50,Hybrid Cooling,0.1,0.66,35,6,99.95,1216630.4,733339.29,380149.99,29729.65,0.0,68111.71,31.72,48.36,6100,4482,1618,60.82,78.08,26.68,644455.09,121663.04,38015.0,47332.33,0.0,0.0,73.78,425820.64,790809.76,521.93,0.429,1.659,483291.11,15328.84,15328.84,1.45,Medium
2024-06-27,DC005,Pune Backup DC,Pune,India,30,Air Cooling,0.095,0.68,28,8,99.8,679602.47,378986.52,244224.0,16789.72,0.0,37292.38,32.22,64.91,3300,2777,523,74.02,73.62,42.13,301422.42,64562.24,23201.28,28595.05,46.2,77762.48,43.3,190288.69,489313.78,332.73,0.4896,1.793,300615.95,8756.47,86518.95,1.55,High
2024-06-28,DC001,Mumbai Core DC,Mumbai,India,45,Air Cooling,0.11,0.72,18,9,99.9,1146226.67,604344.97,452109.97,25478.22,0.0,58083.12,34.5,54.55,5200,2340,2860,33.86,61.16,23.21,529564.42,126084.93,49732.1,43356.66,0.0,0.0,68.0,206320.8,939905.87,676.73,0.5904,1.897,541881.69,23044.12,23044.12,1.55,High
2024-06-28,DC002,Bengaluru AI Hub,Bengaluru,India,60,Liquid Cooling,0.09,0.62,42,4,99.95,1208878.25,831921.38,284475.69,28997.86,0.0,64169.6,29.61,56.24,7200,4780,2420,51.61,47.13,44.24,767046.91,108799.04,25602.81,54123.52,0.0,0.0,78.76,507728.87,701149.39,434.71,0.3596,1.453,376956.88,7720.6,7720.6,1.35,Medium
2024-06-28,DC003,Delhi Enterprise DC,Delhi,India,35,Air Cooling,0.12,0.75,15,12,99.9,904119.23,481162.76,366435.22,14590.53,0.0,46778.66,35.07,49.69,4100,3127,973,64.0,70.68,36.17,427912.75,108494.31,43972.23,45649.89,0.0,0.0,63.98,135617.88,768501.34,576.38,0.6375,1.879,422956.47,18998.03,18998.03,1.55,High
2024-06-28,DC004,Hyderabad Cloud DC,Hyderabad,India,50,Hybrid Cooling,0.1,0.66,35,6,99.95,1111128.52,679742.24,350954.38,29986.89,0.0,58254.15,31.19,55.95,6100,3381,2719,44.89,70.1,20.85,613749.71,111112.85,35095.44,41040.11,0.0,0.0,75.21,388894.98,722233.54,476.67,0.429,1.635,431386.29,12550.23,12550.23,1.45,Medium
2024-06-28,DC005,Pune Backup DC,Pune,India,30,Air Cooling,0.095,0.68,28,8,99.8,691540.5,372643.46,256907.54,16295.79,0.0,35371.41,29.73,70.06,3300,3030,270,76.8,69.78,41.93,344925.81,65696.35,24406.22,35656.98,0.0,0.0,70.62,193631.34,497909.16,338.58,0.4896,1.856,318897.05,10824.6,10824.6,1.55,High
2024-06-29,DC001,Mumbai Core DC,Mumbai,India,45,Air Cooling,0.11,0.72,18,9,99.9,1066938.61,586239.02,399243.02,18053.43,0.0,60184.53,30.66,51.09,5200,3598,1602,55.65,83.95,34.67,513366.05,117363.25,43916.73,42828.06,0.0,0.0,68.8,192048.95,874889.66,629.92,0.5904,1.82,480699.58,17409.49,17409.49,1.55,Medium
2024-06-29,DC002,Bengaluru AI Hub,Bengaluru,India,60,Liquid Cooling,0.09,0.62,42,4,99.95,1099348.23,749676.27,257524.78,26341.34,0.0,53270.75,30.48,38.36,7200,5117,2083,53.66,75.49,58.97,748815.5,98941.34,23177.23,52845.05,13.3,18267.34,77.29,461726.26,637621.97,395.33,0.3596,1.466,349671.96,7855.67,26123.02,1.35,Medium
2024-06-29,DC003,Delhi Enterprise DC,Delhi,India,35,Air Cooling,0.12,0.75,15,12,99.9,847869.73,439723.47,338830.04,15387.55,0.0,45077.68,35.5,63.85,4100,2748,1352,53.82,68.23,25.78,384386.88,101744.37,40659.61,41362.4,0.0,0.0,62.77,127180.46,720689.27,540.52,0.6375,1.928,408146.26,19955.8,19955.8,1.55,High
2024-06-29,DC004,Hyderabad Cloud DC,Hyderabad,India,50,Hybrid Cooling,0.1,0.66,35,6,99.95,991585.37,619521.04,288455.14,24327.13,9219.0,51188.11,29.34,71.96,6100,4652,1448,65.87,56.14,27.84,562560.35,99158.54,28845.51,60409.27,0.0,0.0,71.64,347054.88,644530.49,425.39,0.429,1.601,372064.33,9327.99,9327.99,1.45,Medium
2024-06-29,DC005,Pune Backup DC,Pune,India,30,Air Cooling,0.095,0.68,28,8,99.8,567750.88,313287.22,207942.52,13214.41,0.0,28659.56,30.19,82.69,3300,1918,1382,45.48,63.93,28.29,280047.83,53936.33,19754.54,39747.95,48.5,66786.47,42.7,158970.25,408780.64,277.97,0.4896,1.812,254463.66,7804.79,74591.26,1.55,High
2024-06-30,DC001,Mumbai Core DC,Mumbai,India,45,Air Cooling,0.11,0.72,18,9,99.9,1093379.49,607043.1,418052.97,20565.97,0.0,53752.87,34.6,46.72,5200,4121,1079,67.13,63.24,28.3,486223.91,120271.74,45985.83,57627.71,0.0,0.0,63.41,196808.31,896571.18,645.53,0.5904,1.801,486336.39,16770.89,16770.89,1.55,Medium
2024-06-30,DC002,Bengaluru AI Hub,Bengaluru,India,60,Liquid Cooling,0.09,0.62,42,4,99.95,1112634.04,748710.88,252524.31,27913.14,0.0,57161.09,29.1,56.63,7200,5423,1777,59.02,68.95,43.55,663503.64,100137.06,22727.19,58201.64,0.0,0.0,76.14,467306.29,645327.74,400.1,0.3596,1.486,363923.15,9168.69,9168.69,1.35,Low
2024-06-30,DC003,Delhi Enterprise DC,Delhi,India,35,Air Cooling,0.12,0.75,15,12,99.9,849848.51,427547.46,357342.78,19190.22,8120.04,45481.78,37.19,76.74,4100,3255,845,61.41,68.87,34.09,378806.91,101981.82,42881.13,38771.69,0.0,0.0,62.84,127477.28,722371.24,541.78,0.6375,1.988,422301.05,22457.99,22457.99,1.55,High
2024-06-30,DC004,Hyderabad Cloud DC,Hyderabad,India,50,Hybrid Cooling,0.1,0.66,35,6,99.95,1027448.11,633332.17,301729.52,25710.23,0.0,57380.84,30.18,59.59,6100,4298,1802,58.47,73.9,37.14,561087.88,102744.81,30172.95,40627.18,0.0,0.0,74.45,359606.84,667841.27,440.78,0.429,1.622,394115.94,10911.65,10911.65,1.45,Medium
2024-06-30,DC005,Pune Backup DC,Pune,India,30,Air Cooling,0.095,0.68,28,8,99.8,579844.06,324658.55,210342.3,8526.7,0.0,31703.07,30.22,60.95,3300,2348,952,60.95,73.97,33.84,291653.14,55085.19,19982.52,37787.9,0.0,0.0,68.16,162356.34,417487.72,283.89,0.4896,1.786,255185.51,7279.21,7279.21,1.55,Medium
2024-07-01,DC001,Mumbai Core DC,Mumbai,India,45,Air Cooling,0.11,0.72,18,9,99.9,1059724.51,588038.21,375903.69,20780.94,0.0,56551.09,29.69,54.76,5200,2672,2528,37.7,63.14,29.94,560648.82,116569.7,41349.41,59152.41,0.0,0.0,68.66,190750.41,868974.09,625.66,0.5904,1.802,471686.29,16309.18,16309.18,1.55,Medium
2024-07-01,DC002,Bengaluru AI Hub,Bengaluru,India,60,Liquid Cooling,0.09,0.62,42,4,99.95,1251940.08,853403.02,288997.24,37213.66,0.0,63574.49,29.74,40.45,7200,5285,1915,60.24,91.48,50.54,753117.97,112674.61,26009.75,63674.12,0.0,0.0,76.58,525814.84,726125.25,450.2,0.3596,1.467,398537.06,8986.14,8986.14,1.35,Medium
2024-07-01,DC003,Delhi Enterprise DC,Delhi,India,35,Air Cooling,0.12,0.75,15,12,99.9,1043468.67,539951.85,446420.26,13979.23,0.0,56233.43,36.61,68.13,4100,3772,328,76.12,73.77,38.52,423866.09,125216.24,53570.43,52018.9,92.1,140201.24,25.11,156520.3,886948.37,665.21,0.6375,1.933,503516.82,24785.2,164986.43,1.55,High
2024-07-01,DC004,Hyderabad Cloud DC,Hyderabad,India,50,Hybrid Cooling,0.1,0.66,35,6,99.95,1119424.36,693343.15,340313.51,18107.51,2917.79,60065.21,31.95,53.95,6100,4364,1736,57.44,62.49,39.56,643032.19,111942.44,34031.35,48665.93,0.0,0.0,75.02,391798.53,727625.83,480.23,0.429,1.615,426081.21,11407.68,11407.68,1.45,Medium
2024-07-01,DC005,Pune Backup DC,Pune,India,30,Air Cooling,0.095,0.68,28,8,99.8,670243.19,366317.94,259766.93,12165.13,0.0,32200.01,34.88,68.54,3300,2354,946,59.16,81.68,44.12,335030.96,63673.1,24677.86,33440.62,0.0,0.0,71.01,187668.09,482575.1,328.15,0.4896,1.83,303925.25,9732.79,9732.79,1.55,Medium
2024-07-02,DC001,Mumbai Core DC,Mumbai,India,45,Air Cooling,0.11,0.72,18,9,99.9,1140059.78,626447.23,415178.23,25449.54,0.0,57047.09,31.95,50.69,5200,2926,2274,43.8,60.2,46.27,531807.37,125406.58,45669.61,46828.05,0.0,0.0,67.61,205210.76,934849.02,673.09,0.5904,1.82,513612.55,18597.32,18597.32,1.55,High
2024-07-02,DC002,Bengaluru AI Hub,Bengaluru,India,60,Liquid Cooling,0.09,0.62,42,4,99.95,1273296.24,855548.53,298438.22,21545.38,0.0,62331.41,27.93,45.24,7200,5616,1584,67.14,58.77,50.58,845681.38,114596.66,26859.44,64001.92,0.0,0.0,78.88,534784.42,738511.82,457.88,0.3596,1.488,417747.71,10647.51,10647.51,1.35,Medium
2024-07-02,DC003,Delhi Enterprise DC,Delhi,India,35,Air Cooling,0.12,0.75,15,12,99.9,843288.75,466814.18,322033.82,12408.53,0.0,43156.25,33.19,43.51,4100,2811,1289,56.03,71.49,33.59,440739.92,101194.65,38644.06,51976.4,0.0,0.0,65.25,126493.31,716795.44,537.6,0.6375,1.806,376474.56,14367.21,14367.21,1.55,Medium
2024-07-02,DC004,Hyderabad Cloud DC,Hyderabad,India,50,Hybrid Cooling,0.1,0.66,35,6,99.95,1020658.26,626769.26,319682.19,28099.78,0.0,54067.09,31.51,60.27,6100,2745,3355,30.21,56.29,33.47,701748.55,102065.83,31968.22,62486.55,0.0,0.0,76.55,357230.39,663427.87,437.86,0.429,1.628,393889.0,11184.28,11184.28,1.45,Medium
2024-07-02,DC005,Pune Backup DC,Pune,India,30,Air Cooling,0.095,0.68,28,8,99.8,632721.59,358076.34,237788.67,10006.62,0.0,33245.3,31.34,61.22,3300,2364,936,54.84,51.35,36.26,314237.26,60108.55,22589.92,33204.17,0.0,0.0,70.31,177162.05,455559.55,309.78,0.4896,1.767,274645.26,7381.81,7381.81,1.55,Medium
2024-07-03,DC001,Mumbai Core DC,Mumbai,India,45,Air Cooling,0.11,0.72,18,9,99.9,1161058.45,644253.64,434013.73,22729.99,3548.95,62691.85,32.49,56.77,5200,3595,1605,54.71,79.61,32.04,589649.09,127716.43,47741.51,47132.68,0.0,0.0,70.35,208990.52,952067.93,685.49,0.5904,1.802,516804.81,17871.18,17871.18,1.55,High
2024-07-03,DC002,Bengaluru AI Hub,Bengaluru,India,60,Liquid Cooling,0.09,0.62,42,4,99.95,1278969.79,858635.44,290903.3,34169.7,0.0,62530.69,29.57,57.71,7200,5986,1214,67.92,64.65,56.01,828508.95,115107.28,26181.3,62659.8,0.0,0.0,78.54,537167.31,741802.48,459.92,0.3596,1.49,420334.35,10783.07,10783.07,1.35,Medium
2024-07-03,DC003,Delhi Enterprise DC,Delhi,India,35,Air Cooling,0.12,0.75,15,12,99.9,923317.47,488890.6,371843.38,19694.05,0.0,48195.24,32.79,47.22,4100,2955,1145,57.11,68.52,43.99,417824.37,110798.1,44621.21,38960.17,92.1,142189.6,30.13,138497.62,784819.85,588.61,0.6375,1.889,434426.87,19864.44,162054.05,1.55,High
2024-07-03,DC004,Hyderabad Cloud DC,Hyderabad,India,50,Hybrid Cooling,0.1,0.66,35,6,99.95,1116978.56,704916.54,342466.26,21104.33,0.0,53846.37,31.3,42.37,6100,4444,1656,56.09,64.36,34.0,662809.72,111697.86,34246.63,45748.36,0.0,0.0,76.25,390942.5,726036.07,479.18,0.429,1.585,412062.03,9484.96,9484.96,1.45,Medium
2024-07-03,DC005,Pune Backup DC,Pune,India,30,Air Cooling,0.095,0.68,28,8,99.8,728866.54,393653.43,280933.37,15669.82,0.0,37734.45,32.54,73.04,3300,3036,264,77.32,84.73,34.0,342116.62,69242.32,26688.67,29063.86,0.0,0.0,71.27,204082.63,524783.91,356.85,0.4896,1.852,335213.1,11276.85,11276.85,1.55,High
2024-07-04,DC001,Mumbai Core DC,Mumbai,India,45,Air Cooling,0.11,0.72,18,9,99.9,1188477.03,630642.91,455556.85,26101.67,0.0,63216.14,34.26,60.62,5200,3437,1763,54.02,59.56,38.03,570431.9,130732.47,50111.25,46863.65,0.0,0.0,68.87,213925.87,974551.16,701.68,0.5904,1.885,557834.12,23207.86,23207.86,1.55,High
2024-07-04,DC002,Bengaluru AI Hub,Bengaluru,India,60,Liquid Cooling,0.09,0.62,42,4,99.95,1246893.55,826261.22,290485.74,35101.78,9333.19,66067.11,30.11,40.06,7200,4925,2275,53.64,72.99,51.12,824078.76,112220.42,26143.72,65948.38,0.0,0.0,78.38,523695.29,723198.26,448.38,0.3596,1.509,420632.33,11829.68,11829.68,1.35,Medium
2024-07-04,DC003,Delhi Enterprise DC,Delhi,India,35,Air Cooling,0.12,0.75,15,12,99.9,980211.64,516661.17,382868.06,21593.81,0.0,47280.92,36.58,51.05,4100,3460,640,68.77,66.05,28.02,430138.87,117625.4,45944.17,48647.07,0.0,0.0,61.34,147031.75,833179.89,624.88,0.6375,1.897,463550.46,21526.42,21526.42,1.55,High
2024-07-04,DC004,Hyderabad Cloud DC,Hyderabad,India,50,Hybrid Cooling,0.1,0.66,35,6,99.95,1124130.51,673838.01,339956.95,18236.8,10875.31,58782.35,31.97,65.89,6100,3896,2204,48.68,62.51,44.47,714078.9,112413.05,33995.69,60992.82,0.0,0.0,75.72,393445.68,730684.83,482.25,0.429,1.668,450292.5,14706.54,14706.54,1.45,Medium
2024-07-04,DC005,Pune Backup DC,Pune,India,30,Air Cooling,0.095,0.68,28,8,99.8,628439.96,362149.15,226158.63,14965.56,0.0,30202.26,30.4,50.04,3300,2891,409,70.23,70.61,30.97,337621.98,59701.8,21485.07,31783.83,0.0,0.0,72.9,175963.19,452476.77,307.68,0.4896,1.735,266290.81,6375.33,6375.33,1.55,Medium
2024-07-05,DC001,Mumbai Core DC,Mumbai,India,45,Air Cooling,0.11,0.72,18,9,99.9,1062861.91,601911.73,387347.43,18604.75,0.0,51502.72,31.45,61.3,5200,3245,1955,46.0,58.17,27.16,530724.22,116914.81,42608.22,43996.13,0.0,0.0,69.68,191315.14,871546.76,627.51,0.5904,1.766,460950.18,14288.86,14288.86,1.55,Medium
2024-07-05,DC002,Bengaluru AI Hub,Bengaluru,India,60,Liquid Cooling,0.09,0.62,42,4,99.95,1267750.51,865373.91,309143.84,31159.2,0.0,70356.69,30.2,70.51,7200,5242,1958,60.6,51.2,50.28,761126.17,114097.55,27822.95,63258.38,0.0,0.0,76.7,532455.21,735295.3,455.88,0.3596,1.465,402376.6,8954.62,8954.62,1.35,Medium
2024-07-05,DC003,Delhi Enterprise DC,Delhi,India,35,Air Cooling,0.12,0.75,15,12,99.9,954850.92,490333.08,397671.4,18027.84,0.0,53297.28,35.03,56.17,4100,2502,1598,49.59,55.67,36.16,414754.79,114582.11,47720.57,40193.12,52.5,103483.2,37.73,143227.64,811623.29,608.72,0.6375,1.947,464517.85,23380.16,126863.35,1.55,High
2024-07-05,DC004,Hyderabad Cloud DC,Hyderabad,India,50,Hybrid Cooling,0.1,0.66,35,6,99.95,1153091.15,671998.78,370212.82,29468.44,0.0,60717.33,34.4,66.26,6100,3606,2494,43.45,80.12,27.51,683229.86,115309.12,37021.28,60647.88,0.0,0.0,74.25,403581.9,749509.25,494.68,0.429,1.716,481092.37,17869.29,17869.29,1.45,Medium
2024-07-05,DC005,Pune Backup DC,Pune,India,30,Air Cooling,0.095,0.68,28,8,99.8,628235.36,360192.84,218773.5,12853.81,0.0,32238.08,28.84,64.32,3300,2547,753,61.11,56.74,45.72,326522.99,59682.36,20783.48,31380.91,0.0,0.0,72.11,175905.9,452329.46,307.58,0.4896,1.744,268042.51,6643.96,6643.96,1.55,Medium
2024-07-06,DC001,Mumbai Core DC,Mumbai,India,45,Air Cooling,0.11,0.72,18,9,99.9,956602.43,513406.67,379761.01,16573.63,0.0,48875.79,34.95,72.34,5200,2340,2860,25.03,72.04,25.81,497856.12,105226.27,41773.71,53899.37,0.0,0.0,68.04,172188.44,784413.99,564.78,0.5904,1.863,443195.76,17690.43,17690.43,1.55,High
2024-07-06,DC002,Bengaluru AI Hub,Bengaluru,India,60,Liquid Cooling,0.09,0.62,42,4,99.95,1219223.63,822113.77,301784.35,34216.98,0.0,64323.81,33.0,75.1,7200,6624,576,77.1,55.97,65.1,677670.77,109730.13,27160.59,52251.8,23.4,46136.68,69.29,512073.92,707149.7,438.43,0.3596,1.483,397109.85,9843.3,55979.98,1.35,High
2024-07-06,DC003,Delhi Enterprise DC,Delhi,India,35,Air Cooling,0.12,0.75,15,12,99.9,817718.11,418537.67,344030.3,16079.92,5022.78,40505.14,37.7,49.23,4100,2535,1565,48.17,87.78,33.76,371011.92,98126.17,41283.64,42870.71,101.5,187424.15,11.48,122657.72,695060.39,521.3,0.6375,1.954,399180.44,20278.17,207702.31,1.55,High
2024-07-06,DC004,Hyderabad Cloud DC,Hyderabad,India,50,Hybrid Cooling,0.1,0.66,35,6,99.95,1032685.82,646068.19,301515.56,16841.64,0.0,55997.87,31.56,48.12,6100,4613,1487,64.32,58.82,36.08,608541.36,103268.58,30151.56,42056.99,0.0,0.0,76.12,361440.04,671245.79,443.02,0.429,1.598,386617.64,9588.7,9588.7,1.45,Medium
2024-07-06,DC005,Pune Backup DC,Pune,India,30,Air Cooling,0.095,0.68,28,8,99.8,582094.8,322732.37,212272.49,8883.72,0.0,31509.87,29.74,48.79,3300,2753,547,69.4,69.71,42.85,304929.1,55299.01,20165.89,37152.98,57.0,52965.06,52.31,162986.54,419108.26,284.99,0.4896,1.804,259362.43,7776.66,60741.73,1.55,High
2024-07-07,DC001,Mumbai Core DC,Mumbai,India,45,Air Cooling,0.11,0.72,18,9,99.9,1008394.12,572550.89,364284.49,20726.23,0.0,48363.5,30.24,75.14,5200,3641,1559,58.94,72.84,26.67,470191.1,110923.35,40071.29,61309.03,0.0,0.0,63.37,181510.94,826883.18,595.36,0.5904,1.761,435843.23,13303.43,13303.43,1.55,Medium
2024-07-07,DC002,Bengaluru AI Hub,Bengaluru,India,60,Liquid Cooling,0.09,0.62,42,4,99.95,1111751.78,740027.55,260418.6,32179.3,0.0,53912.61,28.31,52.04,7200,5238,1962,59.39,71.86,42.21,661759.27,100057.66,23437.67,61830.98,0.0,0.0,75.54,466935.75,644816.04,399.79,0.3596,1.502,371724.23,10144.31,10144.31,1.35,Low
2024-07-07,DC003,Delhi Enterprise DC,Delhi,India,35,Air Cooling,0.12,0.75,15,12,99.9,847898.97,443518.18,336984.67,14879.18,0.0,42315.69,36.27,64.43,4100,2959,1141,58.48,75.92,37.01,378069.19,101747.88,40438.16,38139.26,0.0,0.0,63.0,127184.85,720714.13,540.54,0.6375,1.912,404380.8,19253.5,19253.5,1.55,High
2024-07-07,DC004,Hyderabad Cloud DC,Hyderabad,India,50,Hybrid Cooling,0.1,0.66,35,6,99.95,1015378.94,632470.63,278333.14,24674.72,3236.3,53753.34,27.23,61.75,6100,3670,2430,50.06,70.32,32.63,603630.57,101537.89,27833.31,53656.17,0.0,0.0,74.29,355382.63,659996.31,435.6,0.429,1.605,382908.31,9829.65,9829.65,1.45,Medium
2024-07-07,DC005,Pune Backup DC,Pune,India,30,Air Cooling,0.095,0.68,28,8,99.8,572002.8,324348.37,212075.11,11171.97,0.0,32209.97,31.62,50.39,3300,2478,822,63.4,72.17,23.29,295526.37,54340.27,20147.14,30420.66,0.0,0.0,71.32,160160.78,411842.02,280.05,0.4896,1.764,247654.44,6579.97,6579.97,1.55,Medium
2024-07-08,DC001,Mumbai Core DC,Mumbai,India,45,Air Cooling,0.11,0.72,18,9,99.9,1205287.78,673676.07,441084.54,21581.82,0.0,64973.37,32.67,63.55,5200,4219,981,70.58,58.62,28.92,540494.56,132581.66,48519.3,59807.79,71.7,80065.22,49.59,216951.8,988335.98,711.6,0.5904,1.789,531611.72,17719.89,97785.1,1.55,High
2024-07-08,DC002,Bengaluru AI Hub,Bengaluru,India,60,Liquid Cooling,0.09,0.62,42,4,99.95,1288679.52,853284.98,311353.45,28762.9,6306.34,67927.92,29.85,74.98,7200,5047,2153,52.76,64.21,57.25,799959.03,115981.16,28021.81,69208.3,0.0,0.0,76.85,541245.4,747434.12,463.41,0.3596,1.51,435394.54,12307.03,12307.03,1.35,Medium
2024-07-08,DC003,Delhi Enterprise DC,Delhi,India,35,Air Cooling,0.12,0.75,15,12,99.9,935285.8,487173.08,380086.58,20459.41,0.0,47523.36,35.27,35.0,4100,2931,1169,54.13,72.89,25.88,433335.48,112234.3,45610.39,46498.35,89.5,179784.47,21.88,140292.87,794992.93,596.24,0.6375,1.92,448112.72,21620.1,201404.57,1.55,High
2024-07-08,DC004,Hyderabad Cloud DC,Hyderabad,India,50,Hybrid Cooling,0.1,0.66,35,6,99.95,1119689.71,677040.96,356321.65,29144.09,0.0,60809.89,31.59,61.51,6100,4359,1741,56.96,66.84,36.57,625818.48,111968.97,35632.16,57251.91,0.0,0.0,72.96,391891.4,727798.31,480.35,0.429,1.654,442648.75,13798.03,13798.03,1.45,Medium
2024-07-08,DC005,Pune Backup DC,Pune,India,30,Air Cooling,0.095,0.68,28,8,99.8,634384.45,352288.85,228038.43,10885.25,0.0,34209.58,30.71,76.05,3300,2668,632,62.98,65.55,40.18,341054.62,60266.52,21663.65,35053.73,0.0,0.0,72.05,177627.65,456756.8,310.59,0.4896,1.801,282095.6,8391.99,8391.99,1.55,Medium
2024-07-09,DC001,Mumbai Core DC,Mumbai,India,45,Air Cooling,0.11,0.72,18,9,99.9,1317145.73,722792.05,479901.75,31096.2,0.0,73162.17,32.35,82.62,5200,4784,416,81.19,86.03,29.85,519494.9,144886.03,52789.19,59445.91,18.4,25246.66,55.81,237086.23,1080059.5,777.64,0.5904,1.822,594353.68,21649.99,46896.64,1.55,High
2024-07-09,DC002,Bengaluru AI Hub,Bengaluru,India,60,Liquid Cooling,0.09,0.62,42,4,99.95,1301929.3,882160.98,308700.62,34164.22,7886.59,66254.89,29.91,63.33,7200,5524,1676,59.7,61.38,57.57,793502.5,117173.64,27783.06,64697.96,0.0,0.0,77.08,546810.3,755118.99,468.17,0.3596,1.476,419768.31,9991.08,9991.08,1.35,Medium
2024-07-09,DC003,Delhi Enterprise DC,Delhi,India,35,Air Cooling,0.12,0.75,15,12,99.9,959724.05,486593.09,394445.96,18650.4,0.0,48403.99,35.3,62.9,4100,2813,1287,55.8,66.42,29.89,420106.96,115166.89,47333.51,43729.75,0.0,0.0,62.18,143958.61,815765.44,611.82,0.6375,1.972,473130.95,24660.57,24660.57,1.55,High
2024-07-09,DC004,Hyderabad Cloud DC,Hyderabad,India,50,Hybrid Cooling,0.1,0.66,35,6,99.95,1090933.01,680909.53,302727.71,25351.28,0.0,57454.89,29.26,62.01,6100,4081,2019,56.66,71.6,29.58,644776.23,109093.3,30272.77,63545.39,0.0,0.0,73.23,381826.55,709106.45,468.01,0.429,1.602,410023.48,10361.42,10361.42,1.45,Medium
2024-07-09,DC005,Pune Backup DC,Pune,India,30,Air Cooling,0.095,0.68,28,8,99.8,612270.74,359307.62,215268.6,11579.38,0.0,32388.43,28.11,48.01,3300,2390,910,56.36,67.35,39.31,340529.79,58165.72,20450.52,33555.08,0.0,0.0,73.07,171435.81,440834.93,299.77,0.4896,1.704,252963.12,5257.67,5257.67,1.55,Medium
2024-07-10,DC001,Mumbai Core DC,Mumbai,India,45,Air Cooling,0.11,0.72,18,9,99.9,1124893.08,596755.64,452121.77,17802.84,0.0,60955.04,35.68,63.57,5200,2919,2281,42.33,62.86,29.51,557710.4,123738.24,49733.39,49438.79,0.0,0.0,68.95,202480.75,922412.32,664.14,0.5904,1.885,528137.44,21991.4,21991.4,1.55,High
2024-07-10,DC002,Bengaluru AI Hub,Bengaluru,India,60,Liquid Cooling,0.09,0.62,42,4,99.95,1220418.04,828358.95,286358.96,24320.06,0.0,63745.4,31.64,55.78,7200,5411,1789,61.23,54.49,54.09,773536.04,109837.62,25772.31,46718.4,0.0,0.0,79.76,512575.58,707842.46,438.86,0.3596,1.473,392059.1,9192.01,9192.01,1.35,Medium
2024-07-10,DC003,Delhi Enterprise DC,Delhi,India,35,Air Cooling,0.12,0.75,15,12,99.9,908656.99,468033.31,386428.65,13749.28,0.0,44094.33,37.38,50.58,4100,2504,1596,45.8,60.76,33.55,434915.37,109038.84,46371.44,41443.71,0.0,0.0,65.4,136298.55,772358.44,579.27,0.6375,1.941,440623.68,21984.64,21984.64,1.55,High
2024-07-10,DC004,Hyderabad Cloud DC,Hyderabad,India,50,Hybrid Cooling,0.1,0.66,35,6,99.95,1114248.55,703800.2,329909.92,30303.57,0.0,61137.96,31.19,49.59,6100,4538,1562,60.07,76.21,45.59,714093.84,111424.86,32990.99,58675.02,0.0,0.0,76.18,389986.99,724261.56,478.01,0.429,1.583,410448.35,9373.83,9373.83,1.45,Medium
2024-07-10,DC005,Pune Backup DC,Pune,India,30,Air Cooling,0.095,0.68,28,8,99.8,647413.16,367383.62,233608.41,13340.39,3953.43,35389.87,29.83,69.68,3300,2735,565,66.56,58.89,28.21,315037.19,61504.25,22192.8,34288.54,0.0,0.0,69.59,181275.69,466137.48,316.97,0.4896,1.762,280029.54,7407.01,7407.01,1.55,Medium
2024-07-11,DC001,Mumbai Core DC,Mumbai,India,45,Air Cooling,0.11,0.72,18,9,99.9,1268575.34,660366.88,507243.36,28262.75,0.0,62057.24,34.31,56.08,5200,3837,1363,60.13,63.49,44.3,521136.31,139543.29,55796.77,46210.08,0.0,0.0,64.36,228343.56,1040231.78,748.97,0.5904,1.921,608208.46,26950.73,26950.73,1.55,High
2024-07-11,DC002,Bengaluru AI Hub,Bengaluru,India,60,Liquid Cooling,0.09,0.62,42,4,99.95,1316500.52,897117.89,294204.24,38699.95,3558.19,73563.35,30.85,63.8,7200,6034,1166,68.95,78.31,65.52,836313.31,118485.05,26478.38,58631.12,0.0,0.0,78.82,552930.22,763570.3,473.41,0.3596,1.467,419382.63,9485.22,9485.22,1.35,Medium
2024-07-11,DC003,Delhi Enterprise DC,Delhi,India,35,Air Cooling,0.12,0.75,15,12,99.9,973401.94,506626.3,387394.52,17432.46,3300.67,51043.59,33.69,57.86,4100,3148,952,66.14,60.38,25.01,434767.65,116808.23,46487.34,53232.16,0.0,0.0,60.89,146010.29,827391.65,620.54,0.6375,1.921,466775.64,22575.74,22575.74,1.55,High
2024-07-11,DC004,Hyderabad Cloud DC,Hyderabad,India,50,Hybrid Cooling,0.1,0.66,35,6,99.95,1127142.63,700048.93,327766.63,30222.72,3965.22,56732.06,31.11,59.52,6100,4668,1432,58.7,64.39,19.66,654598.71,112714.26,32776.66,38420.22,0.0,0.0,76.91,394499.92,732642.71,483.54,0.429,1.61,427093.7,11207.17,11207.17,1.45,Medium
2024-07-11,DC005,Pune Backup DC,Pune,India,30,Air Cooling,0.095,0.68,28,8,99.8,675240.82,364419.11,261221.74,10776.88,0.0,32879.25,32.42,76.58,3300,2483,817,60.85,58.63,33.39,339059.59,64147.88,24816.07,39204.48,0.0,0.0,69.52,189067.43,486173.39,330.6,0.4896,1.853,310821.71,10487.16,10487.16,1.55,High
2024-07-12,DC001,Mumbai Core DC,Mumbai,India,45,Air Cooling,0.11,0.72,18,9,99.9,1326854.97,711853.2,509753.82,27777.95,0.0,65059.68,32.44,72.6,5200,4784,416,81.33,76.8,21.78,520761.7,145954.05,56072.92,46945.81,0.0,0.0,62.96,238833.89,1088021.08,783.38,0.5904,1.864,615001.77,24583.08,24583.08,1.55,High
2024-07-12,DC002,Bengaluru AI Hub,Bengaluru,India,60,Liquid Cooling,0.09,0.62,42,4,99.95,1246213.01,842185.58,279393.29,36188.9,0.0,63372.41,30.49,53.77,7200,5804,1396,63.17,65.59,47.0,827493.53,112159.17,25145.4,49575.97,0.0,0.0,80.45,523409.46,722803.54,448.14,0.3596,1.48,404027.43,9833.62,9833.62,1.35,Medium
2024-07-12,DC003,Delhi Enterprise DC,Delhi,India,35,Air Cooling,0.12,0.75,15,12,99.9,949717.21,493258.47,391079.79,13278.06,0.0,51189.57,34.13,48.08,4100,3081,1019,61.51,83.77,43.77,463295.52,113966.07,46929.57,39934.6,0.0,0.0,66.78,142457.58,807259.63,605.44,0.6375,1.925,456458.75,22219.99,22219.99,1.55,High
2024-07-12,DC004,Hyderabad Cloud DC,Hyderabad,India,50,Hybrid Cooling,0.1,0.66,35,6,99.95,1239404.12,772669.84,375604.47,33906.49,4607.5,68293.61,32.62,57.47,6100,5287,813,76.36,78.18,27.19,631073.1,123940.41,37560.45,53796.38,48.4,50953.24,63.76,433791.44,805612.68,531.7,0.429,1.604,466734.27,11903.28,62856.53,1.45,High
2024-07-12,DC005,Pune Backup DC,Pune,India,30,Air Cooling,0.095,0.68,28,8,99.8,635505.19,343744.92,235945.51,14378.4,0.0,32581.94,30.11,70.49,3300,2095,1205,49.03,66.94,38.26,316984.68,60372.99,22414.82,29922.96,0.0,0.0,71.51,177941.45,457563.73,311.14,0.4896,1.849,291760.27,9756.55,9756.55,1.55,Medium
2024-07-13,DC001,Mumbai Core DC,Mumbai,India,45,Air Cooling,0.11,0.72,18,9,99.9,1169774.34,618228.14,462800.88,23923.67,0.0,61860.89,32.92,68.49,5200,4472,728,73.98,61.6,28.88,471681.83,128675.18,50908.1,49146.42,0.0,0.0,62.3,210559.38,959214.96,690.63,0.5904,1.892,551546.2,23267.28,23267.28,1.55,High
2024-07-13,DC002,Bengaluru AI Hub,Bengaluru,India,60,Liquid Cooling,0.09,0.62,42,4,99.95,1069394.19,731832.66,234588.64,29797.74,0.0,60045.42,28.29,63.62,7200,3821,3379,42.36,73.89,47.51,709872.05,96245.48,21112.98,60349.75,0.0,0.0,77.94,449145.56,620248.63,384.55,0.3596,1.461,337561.53,7327.81,7327.81,1.35,Low
2024-07-13,DC003,Delhi Enterprise DC,Delhi,India,35,Air Cooling,0.12,0.75,15,12,99.9,812785.79,435122.36,314574.59,14424.86,0.0,43625.71,31.16,56.27,4100,3318,782,63.34,55.61,44.64,414199.78,97534.3,37748.95,40669.32,0.0,0.0,66.63,121917.87,690867.92,518.15,0.6375,1.868,377663.44,16601.54,16601.54,1.55,High
2024-07-13,DC004,Hyderabad Cloud DC,Hyderabad,India,50,Hybrid Cooling,0.1,0.66,35,6,99.95,1081100.8,660802.38,337686.92,25331.34,0.0,54269.27,30.37,70.13,6100,4784,1316,64.75,65.29,23.7,552297.55,108110.08,33768.69,56201.41,0.0,0.0,70.25,378385.28,702715.52,463.79,0.429,1.636,420298.42,12293.73,12293.73,1.45,Medium
2024-07-13,DC005,Pune Backup DC,Pune,India,30,Air Cooling,0.095,0.68,28,8,99.8,577594.42,311559.2,221106.11,13497.6,0.0,31699.68,32.67,45.25,3300,2244,1056,55.03,65.31,23.97,292457.82,54871.47,21005.08,41958.08,0.0,0.0,66.89,161726.44,415867.99,282.79,0.4896,1.854,266035.22,8994.38,8994.38,1.55,High
2024-07-14,DC001,Mumbai Core DC,Mumbai,India,45,Air Cooling,0.11,0.72,18,9,99.9,1053443.86,572796.9,400236.82,25674.23,5786.6,57638.89,32.19,82.84,5200,3713,1487,53.67,72.16,25.73,465927.0,115878.82,44026.05,51614.04,0.0,0.0,64.05,189619.89,863823.96,621.95,0.5904,1.839,480646.96,18216.95,18216.95,1.55,Medium
2024-07-14,DC002,Bengaluru AI Hub,Bengaluru,India,60,Liquid Cooling,0.09,0.62,42,4,99.95,1189266.52,787026.92,289574.84,27672.58,0.0,63187.14,30.54,65.35,7200,5339,1861,64.09,58.52,66.26,755513.1,107033.99,26061.74,58773.82,0.0,0.0,78.05,499491.94,689774.58,427.66,0.3596,1.511,402239.6,11410.22,11410.22,1.35,Medium
2024-07-14,DC003,Delhi Enterprise DC,Delhi,India,35,Air Cooling,0.12,0.75,15,12,99.9,847509.35,432565.1,340397.76,17020.61,0.0,41518.54,37.88,66.15,4100,3202,898,60.27,76.87,46.26,400466.62,101701.12,40847.73,44525.78,0.0,0.0,63.49,127126.4,720382.95,540.29,0.6375,1.959,414944.24,21244.01,21244.01,1.55,High
2024-07-14,DC004,Hyderabad Cloud DC,Hyderabad,India,50,Hybrid Cooling,0.1,0.66,35,6,99.95,1053964.81,637090.45,338259.39,21696.82,0.0,52586.75,32.96,74.71,6100,4756,1344,67.04,70.14,36.56,609251.95,105396.48,33825.94,39991.07,0.0,0.0,76.14,368887.68,685077.13,452.15,0.429,1.654,416874.36,13018.37,13018.37,1.45,Medium
2024-07-14,DC005,Pune Backup DC,Pune,India,30,Air Cooling,0.095,0.68,28,8,99.8,560603.98,326525.65,198191.95,11748.28,0.0,28423.8,27.19,79.1,3300,2652,648,69.23,48.82,45.17,276611.26,53257.38,18828.24,39303.91,0.0,0.0,66.54,156969.11,403634.86,274.47,0.4896,1.717,234078.33,5176.48,5176.48,1.55,Medium
2024-07-15,DC001,Mumbai Core DC,Mumbai,India,45,Air Cooling,0.11,0.72,18,9,99.9,1189447.73,636489.19,448226.36,28194.86,0.0,64191.28,35.51,54.39,5200,3872,1328,59.04,75.15,25.89,580418.34,130839.25,49304.9,51770.39,0.0,0.0,68.54,214100.59,975347.14,702.25,0.5904,1.869,552958.53,22317.84,22317.84,1.55,High
2024-07-15,DC002,Bengaluru AI Hub,Bengaluru,India,60,Liquid Cooling,0.09,0.62,42,4,99.95,1112512.67,789785.95,245159.14,24146.24,0.0,61244.34,28.53,52.82,7200,4331,2869,46.9,72.8,54.99,783218.0,100126.14,22064.32,46837.07,0.0,0.0,81.24,467255.32,645257.35,400.06,0.3596,1.409,322726.72,4167.15,4167.15,1.35,Low
2024-07-15,DC003,Delhi Enterprise DC,Delhi,India,35,Air Cooling,0.12,0.75,15,12,99.9,883646.08,473826.91,341284.88,14876.16,0.0,45630.7,33.31,46.19,4100,2866,1234,58.69,70.49,33.74,456176.6,106037.53,40954.19,48736.23,0.0,0.0,66.07,132546.91,751099.16,563.32,0.6375,1.865,409819.16,17905.72,17905.72,1.55,High
2024-07-15,DC004,Hyderabad Cloud DC,Hyderabad,India,50,Hybrid Cooling,0.1,0.66,35,6,99.95,1109359.67,704868.05,323531.68,19336.27,0.0,58185.94,30.99,60.04,6100,4761,1339,64.1,54.0,39.89,673289.08,110935.97,32353.17,40785.08,0.0,0.0,77.47,388275.88,721083.78,475.92,0.429,1.574,404491.62,8730.1,8730.1,1.45,Medium
2024-07-15,DC005,Pune Backup DC,Pune,India,30,Air Cooling,0.095,0.68,28,8,99.8,666529.45,373638.01,247936.44,16137.76,0.0,33260.83,29.46,53.55,3300,2510,790,63.08,54.37,32.1,310387.42,63320.3,23553.96,34500.77,0.0,0.0,68.48,186628.25,479901.2,326.33,0.4896,1.784,292891.44,8302.1,8302.1,1.55,Medium
2024-07-16,DC001,Mumbai Core DC,Mumbai,India,45,Air Cooling,0.11,0.72,18,9,99.9,1161117.74,660409.52,429221.87,22100.3,0.0,60407.34,31.62,71.23,5200,3987,1213,64.91,53.16,22.21,523876.66,127722.95,47214.41,55685.54,0.0,0.0,64.99,209001.19,952116.55,685.52,0.5904,1.758,500708.22,15123.13,15123.13,1.55,High
2024-07-16,DC002,Bengaluru AI Hub,Bengaluru,India,60,Liquid Cooling,0.09,0.62,42,4,99.95,1224123.06,854588.96,277985.18,24030.54,7980.85,61036.56,27.38,47.02,7200,5813,1387,69.48,72.34,60.89,756700.23,110171.08,25018.67,59525.63,0.0,0.0,77.57,514131.69,709991.38,440.19,0.3596,1.432,369534.1,6338.52,6338.52,1.35,Medium
2024-07-16,DC003,Delhi Enterprise DC,Delhi,India,35,Air Cooling,0.12,0.75,15,12,99.9,921896.95,479814.6,373642.38,19474.24,0.0,45231.15,33.45,67.37,4100,3207,893,62.56,58.94,22.82,414178.03,110627.63,44837.09,42024.08,0.0,0.0,63.14,138284.54,783612.4,587.71,0.6375,1.921,442082.35,21382.12,21382.12,1.55,High
2024-07-16,DC004,Hyderabad Cloud DC,Hyderabad,India,50,Hybrid Cooling,0.1,0.66,35,6,99.95,1161487.59,678750.57,387710.75,28617.0,0.0,57470.12,35.72,51.37,6100,4377,1723,55.73,58.96,20.66,664673.49,116148.76,38771.07,49616.79,0.0,0.0,75.06,406520.66,754966.93,498.28,0.429,1.711,482737.02,17729.93,17729.93,1.45,Medium
2024-07-16,DC005,Pune Backup DC,Pune,India,30,Air Cooling,0.095,0.68,28,8,99.8,674398.68,351411.13,270661.18,12150.31,0.0,35451.74,36.8,68.88,3300,1907,1393,45.87,50.94,31.76,308023.83,64067.87,25712.81,32491.68,0.0,0.0,68.65,188831.63,485567.05,330.19,0.4896,1.919,322987.55,12322.59,12322.59,1.55,High
2024-07-17,DC001,Mumbai Core DC,Mumbai,India,45,Air Cooling,0.11,0.72,18,9,99.9,1099945.96,600891.49,426043.24,17663.22,0.0,57601.91,32.27,62.79,5200,2928,2272,40.14,62.45,44.16,571524.58,120994.06,46864.76,52943.71,0.0,0.0,69.57,197990.27,901955.69,649.41,0.5904,1.831,499054.47,18542.06,18542.06,1.55,Medium
2024-07-17,DC002,Bengaluru AI Hub,Bengaluru,India,60,Liquid Cooling,0.09,0.62,42,4,99.95,1199098.44,832715.29,261152.59,23720.39,0.0,61948.67,28.53,51.45,7200,5184,2016,59.12,77.09,58.56,783063.64,107918.86,23503.73,60394.04,0.0,0.0,78.51,503621.35,695477.1,431.2,0.3596,1.44,366383.16,6743.95,6743.95,1.35,Medium
2024-07-17,DC003,Delhi Enterprise DC,Delhi,India,35,Air Cooling,0.12,0.75,15,12,99.9,897998.37,478241.33,364111.41,15377.88,0.0,49403.11,34.54,58.8,4100,2960,1140,56.44,61.81,35.2,462781.4,107759.8,43693.37,42418.05,24.2,50105.93,56.72,134699.76,763298.61,572.47,0.6375,1.878,419757.04,18806.92,68912.85,1.55,High
2024-07-17,DC004,Hyderabad Cloud DC,Hyderabad,India,50,Hybrid Cooling,0.1,0.66,35,6,99.95,1105056.71,677662.36,321680.41,26651.82,0.0,58094.48,31.15,52.6,6100,3991,2109,54.85,62.64,32.11,635246.74,110505.67,32168.04,52269.27,0.0,0.0,74.38,386769.85,718286.86,474.07,0.429,1.631,427394.35,12244.63,12244.63,1.45,Medium
2024-07-17,DC005,Pune Backup DC,Pune,India,30,Air Cooling,0.095,0.68,28,8,99.8,670861.31,359317.63,249569.07,9186.45,8411.35,35284.53,31.9,72.0,3300,2398,902,57.86,67.61,28.75,338041.45,63731.82,23709.06,35910.38,0.0,0.0,70.52,187841.17,483020.14,328.45,0.4896,1.867,311543.68,10822.3,10822.3,1.55,High
2024-07-18,DC001,Mumbai Core DC,Mumbai,India,45,Air Cooling,0.11,0.72,18,9,99.9,1191630.7,663129.5,438708.12,26789.95,4101.2,64106.94,32.87,76.16,5200,4280,920,69.84,58.82,27.57,515809.39,131079.38,48257.89,40239.18,0.0,0.0,66.79,214493.53,977137.18,703.54,0.5904,1.797,528501.2,18015.8,18015.8,1.55,High
2024-07-18,DC002,Bengaluru AI Hub,Bengaluru,India,60,Liquid Cooling,0.09,0.62,42,4,99.95,1210818.36,819995.99,281371.03,35615.06,0.0,59504.6,30.31,60.61,7200,4379,2821,46.94,46.51,61.56,832057.19,108973.65,25323.39,52027.72,0.0,0.0,80.65,508543.71,702274.65,435.41,0.3596,1.477,390822.37,9344.14,9344.14,1.35,Medium
2024-07-18,DC003,Delhi Enterprise DC,Delhi,India,35,Air Cooling,0.12,0.75,15,12,99.9,949027.43,484072.78,389376.3,14050.76,0.0,47607.79,38.76,49.59,4100,2459,1641,47.5,70.17,32.15,422083.75,113883.29,46725.16,38396.29,0.0,0.0,63.92,142354.11,806673.32,605.0,0.6375,1.961,464954.65,23845.75,23845.75,1.55,High
2024-07-18,DC004,Hyderabad Cloud DC,Hyderabad,India,50,Hybrid Cooling,0.1,0.66,35,6,99.95,1135164.68,685962.6,365084.53,24906.38,0.0,56605.72,32.57,70.66,6100,4630,1470,62.49,70.91,27.18,628899.93,113516.47,36508.45,53937.89,0.0,0.0,73.37,397307.64,737857.04,486.99,0.429,1.655,449202.08,14051.89,14051.89,1.45,Medium
2024-07-18,DC005,Pune Backup DC,Pune,India,30,Air Cooling,0.095,0.68,28,8,99.8,686735.99,359774.77,264207.15,15134.47,10287.4,38013.33,32.67,58.52,3300,2489,811,63.78,74.88,35.85,311262.6,65239.92,25099.68,35868.78,0.0,0.0,67.52,192286.08,494449.92,336.23,0.4896,1.909,326961.22,12263.08,12263.08,1.55,High
2024-07-19,DC001,Mumbai Core DC,Mumbai,India,45,Air Cooling,0.11,0.72,18,9,99.9,1223562.01,650684.85,471090.87,26490.22,0.0,62863.54,33.05,55.69,5200,3823,1377,56.53,73.99,45.19,575876.98,134591.82,51820.0,52761.79,0.0,0.0,67.47,220241.16,1003320.85,722.39,0.5904,1.88,572877.16,23650.05,23650.05,1.55,High
2024-07-19,DC002,Bengaluru AI Hub,Bengaluru,India,60,Liquid Cooling,0.09,0.62,42,4,99.95,1247642.13,847126.21,277158.64,30086.95,8087.75,61653.32,29.26,63.03,7200,5047,2153,53.05,68.96,48.99,817855.95,112287.79,24944.28,55775.51,0.0,0.0,79.45,524009.69,723632.44,448.65,0.3596,1.473,400515.92,9361.96,9361.96,1.35,Medium
2024-07-19,DC003,Delhi Enterprise DC,Delhi,India,35,Air Cooling,0.12,0.75,15,12,99.9,904760.17,476683.0,340861.69,13420.47,10980.5,46880.3,34.58,51.07,4100,2581,1519,47.83,75.79,18.88,421508.02,108571.22,40903.4,48318.96,40.5,77983.83,44.28,135714.02,769046.14,576.78,0.6375,1.898,428077.17,19908.18,97892.01,1.55,High
2024-07-19,DC004,Hyderabad Cloud DC,Hyderabad,India,50,Hybrid Cooling,0.1,0.66,35,6,99.95,1110416.57,676883.67,340660.83,18707.87,0.0,53624.39,30.19,63.51,6100,4074,2026,53.5,80.77,26.06,625399.48,111041.66,34066.08,48564.76,0.0,0.0,74.48,388645.8,721770.77,476.37,0.429,1.64,433532.9,12893.52,12893.52,1.45,Medium
2024-07-19,DC005,Pune Backup DC,Pune,India,30,Air Cooling,0.095,0.68,28,8,99.8,626918.54,340144.79,225233.86,11642.96,9846.71,33918.0,29.01,53.7,3300,2277,1023,53.12,63.99,33.96,319117.4,59557.26,21397.22,34532.95,0.0,0.0,70.52,175537.19,451381.35,306.94,0.4896,1.843,286773.74,9470.94,9470.94,1.55,Medium
2024-07-20,DC001,Mumbai Core DC,Mumbai,India,45,Air Cooling,0.11,0.72,18,9,99.9,1063863.35,584350.94,397154.27,22857.66,0.0,54668.18,34.54,85.71,5200,3975,1225,61.86,66.34,32.28,463526.21,117024.97,43686.97,58935.53,0.0,0.0,62.04,191495.4,872367.95,628.1,0.5904,1.821,479512.41,17393.13,17393.13,1.55,Medium
2024-07-20,DC002,Bengaluru AI Hub,Bengaluru,India,60,Liquid Cooling,0.09,0.62,42,4,99.95,1119687.38,772762.93,262395.23,23843.68,0.0,53835.06,30.83,78.18,7200,6323,877,70.36,66.87,56.99,733975.62,100771.86,23615.57,59261.0,0.0,0.0,78.2,470268.7,649418.68,402.64,0.3596,1.449,346924.44,6881.17,6881.17,1.35,Low
2024-07-20,DC003,Delhi Enterprise DC,Delhi,India,35,Air Cooling,0.12,0.75,15,12,99.9,896422.26,452545.73,363969.5,17206.92,10126.08,49701.93,34.3,61.16,4100,3090,1010,65.12,51.71,24.37,397996.87,107570.67,43676.34,41509.54,0.0,0.0,62.54,134463.34,761958.92,571.47,0.6375,1.981,443876.53,23397.16,23397.16,1.55,High
2024-07-20,DC004,Hyderabad Cloud DC,Hyderabad,India,50,Hybrid Cooling,0.1,0.66,35,6,99.95,971981.75,613954.35,281707.45,17254.15,0.0,54630.33,28.86,36.67,6100,4510,1590,60.22,67.94,25.92,578931.69,97198.17,28170.75,51927.58,0.0,0.0,74.24,340193.61,631788.13,416.98,0.429,1.583,358027.39,8174.79,8174.79,1.45,Low
2024-07-20,DC005,Pune Backup DC,Pune,India,30,Air Cooling,0.095,0.68,28,8,99.8,561415.22,314552.18,199934.77,14117.2,0.0,26980.93,31.23,68.99,3300,2417,883,57.18,52.05,44.12,269667.22,53334.45,18993.8,28027.16,0.0,0.0,69.83,157196.26,404218.96,274.87,0.4896,1.785,246863.04,7016.64,7016.64,1.55,Medium
2024-07-21,DC001,Mumbai Core DC,Mumbai,India,45,Air Cooling,0.11,0.72,18,9,99.9,1125854.74,608319.29,434526.18,25133.14,0.0,59953.23,34.93,62.91,5200,4093,1107,62.85,80.87,24.77,468693.62,123844.02,47797.88,46656.73,0.0,0.0,63.62,202653.85,923200.89,664.7,0.5904,1.851,517535.45,20125.58,20125.58,1.55,High
2024-07-21,DC002,Bengaluru AI Hub,Bengaluru,India,60,Liquid Cooling,0.09,0.62,42,4,99.95,1217287.38,820871.39,297399.53,24762.65,0.0,61213.28,32.45,53.67,7200,6624,576,79.03,76.19,49.72,705834.51,109555.86,26765.96,45004.66,0.0,0.0,78.1,511260.7,706026.68,437.74,0.3596,1.483,396415.99,9819.99,9819.99,1.35,Medium
2024-07-21,DC003,Delhi Enterprise DC,Delhi,India,35,Air Cooling,0.12,0.75,15,12,99.9,758974.19,400558.58,305663.66,16399.42,0.0,39285.22,37.79,52.09,4100,2426,1674,41.84,76.85,37.22,397116.42,91076.9,36679.64,51377.36,0.0,0.0,64.13,113846.13,645128.06,483.85,0.6375,1.895,358415.61,16573.01,16573.01,1.55,High
2024-07-21,DC004,Hyderabad Cloud DC,Hyderabad,India,50,Hybrid Cooling,0.1,0.66,35,6,99.95,1027188.18,620144.87,323798.94,20637.43,0.0,57539.16,31.95,54.78,6100,4642,1458,61.02,58.08,11.99,552038.99,102718.82,32379.89,53749.21,21.0,32067.63,65.85,359515.86,667672.32,440.66,0.429,1.656,407043.31,12797.81,44865.44,1.45,Medium
2024-07-21,DC005,Pune Backup DC,Pune,India,30,Air Cooling,0.095,0.68,28,8,99.8,611549.79,342333.1,224905.19,13269.47,0.0,33116.66,29.63,49.35,3300,2787,513,73.96,73.8,23.35,273701.85,58097.23,21365.99,28871.66,0.0,0.0,68.22,171233.94,440315.85,299.41,0.4896,1.786,269216.69,7688.68,7688.68,1.55,Medium
2024-07-22,DC001,Mumbai Core DC,Mumbai,India,45,Air Cooling,0.11,0.72,18,9,99.9,1309375.96,685130.71,539489.17,18761.97,0.0,70725.22,35.74,66.99,5200,4490,710,75.56,61.15,41.65,523209.25,144031.36,59343.81,57914.94,0.0,0.0,61.4,235687.67,1073688.29,773.06,0.5904,1.911,624245.25,27216.57,27216.57,1.55,High
2024-07-22,DC002,Bengaluru AI Hub,Bengaluru,India,60,Liquid Cooling,0.09,0.62,42,4,99.95,1391830.45,915542.91,358761.25,33843.3,7495.93,74209.07,33.98,44.29,7200,6327,873,70.97,53.22,68.06,837353.52,125264.74,32288.51,53583.86,0.0,0.0,78.64,584568.79,807261.66,500.5,0.3596,1.52,476287.55,14026.28,14026.28,1.35,Medium
2024-07-22,DC003,Delhi Enterprise DC,Delhi,India,35,Air Cooling,0.12,0.75,15,12,99.9,905006.36,489204.2,358569.23,16676.03,0.0,44549.97,34.99,51.85,4100,3208,892,65.16,75.16,32.19,424537.41,108600.76,43028.31,49245.32,0.0,0.0,62.82,135750.95,769255.4,576.94,0.6375,1.85,415802.16,17608.78,17608.78,1.55,Medium
2024-07-22,DC004,Hyderabad Cloud DC,Hyderabad,India,50,Hybrid Cooling,0.1,0.66,35,6,99.95,1147057.38,688916.0,374162.04,21279.62,0.0,58021.7,33.0,51.24,6100,4275,1825,54.18,78.21,48.9,626593.14,114705.74,37416.2,55163.68,0.0,0.0,72.89,401470.08,745587.3,492.09,0.429,1.665,458141.38,14812.92,14812.92,1.45,Medium
2024-07-22,DC005,Pune Backup DC,Pune,India,30,Air Cooling,0.095,0.68,28,8,99.8,688789.9,378606.16,257600.0,10005.59,0.0,35998.9,30.74,44.38,3300,2750,550,67.88,67.56,35.19,307841.22,65435.04,24472.0,35032.58,0.0,0.0,67.36,192861.17,495928.73,337.23,0.4896,1.819,310183.74,9685.28,9685.28,1.55,Medium
2024-07-23,DC001,Mumbai Core DC,Mumbai,India,45,Air Cooling,0.11,0.72,18,9,99.9,1250558.81,688049.23,486260.89,22137.2,0.0,63744.67,36.0,57.64,5200,3936,1264,64.22,75.98,29.63,557137.48,137561.47,53488.7,43558.25,0.0,0.0,67.49,225100.59,1025458.22,738.33,0.5904,1.818,562509.58,20249.07,20249.07,1.55,High
2024-07-23,DC002,Bengaluru AI Hub,Bengaluru,India,60,Liquid Cooling,0.09,0.62,42,4,99.95,1272904.25,874896.98,303728.84,25693.38,5200.84,65473.26,28.73,63.14,7200,5527,1673,59.38,70.38,51.99,785524.85,114561.38,27335.6,61800.45,0.0,0.0,77.55,534619.79,738284.47,457.74,0.3596,1.455,398007.27,8261.4,8261.4,1.35,Medium
2024-07-23,DC003,Delhi Enterprise DC,Delhi,India,35,Air Cooling,0.12,0.75,15,12,99.9,829863.33,431638.36,335896.13,16370.38,0.0,45020.39,36.03,43.81,4100,1872,2228,35.33,61.18,21.8,439137.32,99583.6,40307.54,45029.48,0.0,0.0,67.07,124479.5,705383.83,529.04,0.6375,1.923,398224.97,19298.87,19298.87,1.55,High
2024-07-23,DC004,Hyderabad Cloud DC,Hyderabad,India,50,Hybrid Cooling,0.1,0.66,35,6,99.95,1097210.76,684289.82,330769.51,30105.42,0.0,57484.06,32.83,62.25,6100,4555,1545,59.53,64.42,27.42,652422.52,109721.08,33076.95,45910.74,0.0,0.0,76.15,384023.77,713186.99,470.7,0.429,1.603,412920.94,10499.05,10499.05,1.45,Medium
2024-07-23,DC005,Pune Backup DC,Pune,India,30,Air Cooling,0.095,0.68,28,8,99.8,643877.35,357555.1,229832.16,11723.97,0.0,31092.35,28.86,67.85,3300,2616,684,68.47,57.39,18.21,312984.05,61168.35,21834.06,38596.98,0.0,0.0,68.12,180285.66,463591.69,315.24,0.4896,1.801,286322.25,8518.36,8518.36,1.55,Medium
2024-07-24,DC001,Mumbai Core DC,Mumbai,India,45,Air Cooling,0.11,0.72,18,9,99.9,1174188.43,643473.3,442666.29,28257.89,0.0,62384.46,32.57,54.6,5200,3648,1552,54.26,74.38,31.08,524862.55,129160.73,48693.29,49790.23,0.0,0.0,65.91,211353.92,962834.51,693.24,0.5904,1.825,530715.13,19448.53,19448.53,1.55,High
2024-07-24,DC002,Bengaluru AI Hub,Bengaluru,India,60,Liquid Cooling,0.09,0.62,42,4,99.95,1265052.78,846653.51,294966.11,24840.11,0.0,70996.28,32.63,50.27,7200,5529,1671,66.67,65.99,56.26,753443.55,113854.75,26546.95,68187.58,0.0,0.0,75.84,531322.17,733730.61,454.91,0.3596,1.494,418399.27,10986.35,10986.35,1.35,Medium
2024-07-24,DC003,Delhi Enterprise DC,Delhi,India,35,Air Cooling,0.12,0.75,15,12,99.9,937099.11,507686.58,369687.05,19704.89,0.0,45811.95,34.16,65.07,4100,3139,961,61.7,58.82,25.39,407246.77,112451.89,44362.45,49494.42,0.0,0.0,60.23,140564.87,796534.24,597.4,0.6375,1.846,429412.53,18022.19,18022.19,1.55,Medium
2024-07-24,DC004,Hyderabad Cloud DC,Hyderabad,India,50,Hybrid Cooling,0.1,0.66,35,6,99.95,1093573.39,685545.55,333198.76,29107.83,0.0,60147.39,31.26,52.38,6100,4602,1498,57.95,66.86,32.83,616089.66,109357.34,33319.88,59899.85,0.0,0.0,72.53,382750.69,710822.7,469.14,0.429,1.595,408027.84,9953.23,9953.23,1.45,Medium
2024-07-24,DC005,Pune Backup DC,Pune,India,30,Air Cooling,0.095,0.68,28,8,99.8,680423.15,389041.1,248867.33,14483.73,0.0,33580.1,28.43,52.61,3300,3004,296,76.12,59.14,41.65,338157.44,64640.2,23642.4,30030.28,0.0,0.0,72.0,190518.48,489904.67,333.14,0.4896,1.749,291382.05,7353.9,7353.9,1.55,Medium
2024-07-25,DC001,Mumbai Core DC,Mumbai,India,45,Air Cooling,0.11,0.72,18,9,99.9,1157678.17,628145.52,455686.36,27011.87,0.0,64419.35,34.87,61.7,5200,3222,1978,48.88,72.62,39.61,531992.68,127344.6,50125.5,56958.87,0.0,0.0,65.36,208382.07,949296.1,683.49,0.5904,1.843,529532.65,20245.79,20245.79,1.55,High
2024-07-25,DC002,Bengaluru AI Hub,Bengaluru,India,60,Liquid Cooling,0.09,0.62,42,4,99.95,1164959.76,807363.27,240529.18,30903.02,0.0,63128.6,25.22,50.75,7200,3385,3815,36.15,59.5,55.69,767838.5,104846.38,21647.63,67358.94,0.0,0.0,77.57,489283.1,675676.66,418.92,0.3596,1.443,357596.49,6751.74,6751.74,1.35,Low
2024-07-25,DC003,Delhi Enterprise DC,Delhi,India,35,Air Cooling,0.12,0.75,15,12,99.9,910237.44,464008.58,371738.35,15368.53,0.0,48797.64,36.24,51.34,4100,2417,1683,44.73,57.32,19.26,403930.67,109228.49,44608.6,43266.8,0.0,0.0,62.25,136535.62,773701.83,580.28,0.6375,1.962,446228.86,22922.9,22922.9,1.55,High
2024-07-25,DC004,Hyderabad Cloud DC,Hyderabad,India,50,Hybrid Cooling,0.1,0.66,35,6,99.95,1235055.19,741120.65,400959.23,25451.4,0.0,69102.7,35.42,68.0,6100,4942,1158,68.9,74.74,26.1,660494.68,123505.52,40095.92,53181.57,0.0,0.0,73.25,432269.32,802785.88,529.84,0.429,1.666,493934.54,16043.02,16043.02,1.45,Medium
2024-07-25,DC005,Pune Backup DC,Pune,India,30,Air Cooling,0.095,0.68,28,8,99.8,688000.02,372335.9,253683.68,12114.84,9486.79,35281.19,30.7,77.36,3300,2724,576,66.67,81.21,26.49,310301.06,65360.0,24099.95,33537.32,0.0,0.0,68.13,192640.0,495360.01,336.84,0.4896,1.848,315664.12,10533.54,10533.54,1.55,Medium
2024-07-26,DC001,Mumbai Core DC,Mumbai,India,45,Air Cooling,0.11,0.72,18,9,99.9,1156783.54,618749.22,448534.72,23774.36,0.0,62900.9,33.91,65.94,5200,2748,2452,41.56,56.53,42.62,568400.78,127246.19,49338.82,51463.47,0.0,0.0,68.56,208221.04,948562.5,682.97,0.5904,1.87,538034.32,21749.45,21749.45,1.55,High
2024-07-26,DC002,Bengaluru AI Hub,Bengaluru,India,60,Liquid Cooling,0.09,0.62,42,4,99.95,1249265.54,856238.65,280599.38,21471.85,0.0,62647.08,31.17,68.83,7200,6067,1133,71.83,68.07,32.84,735137.01,112433.9,25253.94,58676.68,0.0,0.0,76.72,524691.53,724574.01,449.24,0.3596,1.459,393026.88,8400.9,8400.9,1.35,Medium
2024-07-26,DC003,Delhi Enterprise DC,Delhi,India,35,Air Cooling,0.12,0.75,15,12,99.9,924805.5,494787.07,348623.43,16905.25,0.0,50245.68,32.27,40.01,4100,3069,1031,63.96,50.48,31.18,443801.13,110976.66,41834.81,50020.6,0.0,0.0,63.72,138720.82,786084.67,589.56,0.6375,1.869,430018.43,18946.27,18946.27,1.55,High
2024-07-26,DC004,Hyderabad Cloud DC,Hyderabad,India,50,Hybrid Cooling,0.1,0.66,35,6,99.95,1160188.76,688091.75,373686.11,18829.87,0.0,57008.95,33.08,59.45,6100,4592,1508,59.99,58.02,42.88,627577.23,116018.88,37368.61,46472.13,0.0,0.0,74.11,406066.07,754122.7,497.72,0.429,1.686,472097.02,16245.57,16245.57,1.45,Medium
2024-07-26,DC005,Pune Backup DC,Pune,India,30,Air Cooling,0.095,0.68,28,8,99.8,618121.31,351614.49,215885.42,14959.51,0.0,31402.49,30.45,65.36,3300,2113,1187,49.88,65.52,27.75,328925.38,58721.52,20509.11,36995.13,0.0,0.0,70.9,173073.97,445047.34,302.63,0.4896,1.758,266506.83,6946.29,6946.29,1.55,Medium
2024-07-27,DC001,Mumbai Core DC,Mumbai,India,45,Air Cooling,0.11,0.72,18,9,99.9,1115289.42,617957.18,433762.67,20028.71,0.0,60073.58,33.32,81.58,5200,3742,1458,58.65,68.02,42.15,524800.87,122681.84,47713.89,48513.37,0.0,0.0,67.38,200752.1,914537.33,658.47,0.5904,1.805,497332.24,17320.14,17320.14,1.55,High
2024-07-27,DC002,Bengaluru AI Hub,Bengaluru,India,60,Liquid Cooling,0.09,0.62,42,4,99.95,1183635.09,808373.1,276127.21,32613.88,6225.34,63602.78,29.35,46.17,7200,6624,576,85.8,69.56,47.44,734025.54,106527.16,24851.45,54104.72,0.0,0.0,78.12,497126.74,686508.35,425.64,0.3596,1.464,375261.99,8309.83,8309.83,1.35,Medium
2024-07-27,DC003,Delhi Enterprise DC,Delhi,India,35,Air Cooling,0.12,0.75,15,12,99.9,774928.64,398969.73,326215.18,11602.4,0.0,38697.82,37.99,46.65,4100,2392,1708,47.05,78.71,26.4,395616.96,92991.44,39145.82,47831.12,0.0,0.0,64.4,116239.3,658689.34,494.02,0.6375,1.942,375958.91,18783.07,18783.07,1.55,High
2024-07-27,DC004,Hyderabad Cloud DC,Hyderabad,India,50,Hybrid Cooling,0.1,0.66,35,6,99.95,1002009.05,621687.8,308433.34,20195.22,0.0,54916.5,29.33,69.08,6100,3658,2442,45.51,47.71,34.47,623307.24,100200.9,30843.33,47670.07,0.0,0.0,76.28,350703.17,651305.88,429.86,0.429,1.612,380321.25,10056.17,10056.17,1.45,Medium
2024-07-27,DC005,Pune Backup DC,Pune,India,30,Air Cooling,0.095,0.68,28,8,99.8,567541.1,304940.03,224953.68,11572.57,0.0,29672.23,33.31,79.6,3300,2257,1043,51.57,67.8,32.58,279207.61,53916.4,21370.6,37336.07,0.0,0.0,67.32,158911.51,408629.59,277.87,0.4896,1.861,262601.07,9013.98,9013.98,1.55,High
2024-07-28,DC001,Mumbai Core DC,Mumbai,India,45,Air Cooling,0.11,0.72,18,9,99.9,1035158.66,566229.18,387907.45,14224.88,0.0,52617.7,33.71,50.9,5200,3723,1477,55.02,70.6,25.78,497926.05,113867.45,42669.82,56736.72,0.0,0.0,65.74,186328.56,848830.1,611.16,0.5904,1.828,468929.47,17325.38,17325.38,1.55,Medium
2024-07-28,DC002,Bengaluru AI Hub,Bengaluru,India,60,Liquid Cooling,0.09,0.62,42,4,99.95,1149695.92,793381.82,267002.47,32192.28,0.0,56669.52,30.91,58.16,7200,5488,1712,65.5,81.08,57.55,700002.2,103472.63,24030.22,57417.57,0.0,0.0,77.02,482872.29,666823.63,413.43,0.3596,1.449,356314.1,7076.74,7076.74,1.35,Low
2024-07-28,DC003,Delhi Enterprise DC,Delhi,India,35,Air Cooling,0.12,0.75,15,12,99.9,801752.76,426061.12,312539.2,13602.22,0.0,39228.69,31.51,51.53,4100,2789,1311,53.37,65.16,42.82,372222.41,96210.33,37504.7,45680.6,0.0,0.0,61.88,120262.91,681489.84,511.12,0.6375,1.882,375691.64,16962.96,16962.96,1.55,High
2024-07-28,DC004,Hyderabad Cloud DC,Hyderabad,India,50,Hybrid Cooling,0.1,0.66,35,6,99.95,954977.85,594900.32,294219.88,19228.62,0.0,49422.32,33.46,51.83,6100,3955,2145,50.05,66.48,27.04,612075.49,95497.78,29421.99,53781.12,0.0,0.0,75.61,334242.25,620735.6,409.69,0.429,1.605,360077.53,9237.24,9237.24,1.45,Medium
2024-07-28,DC005,Pune Backup DC,Pune,India,30,Air Cooling,0.095,0.68,28,8,99.8,546580.93,305456.19,203465.78,13142.57,0.0,28632.06,32.53,52.89,3300,2211,1089,52.43,82.49,33.81,269334.29,51925.19,19329.25,37079.05,19.1,28885.2,56.23,153042.66,393538.27,267.61,0.4896,1.789,241124.74,6946.76,35831.96,1.55,Medium
2024-07-29,DC001,Mumbai Core DC,Mumbai,India,45,Air Cooling,0.11,0.72,18,9,99.9,1225654.24,643316.21,490142.63,26531.45,0.0,63876.15,34.54,79.81,5200,3442,1758,54.75,76.94,21.25,533133.52,134821.97,53915.69,55822.84,0.0,0.0,64.24,220617.76,1005036.48,723.63,0.5904,1.905,582338.03,25136.55,25136.55,1.55,High
2024-07-29,DC002,Bengaluru AI Hub,Bengaluru,India,60,Liquid Cooling,0.09,0.62,42,4,99.95,1253498.41,838426.84,296921.67,33183.9,9349.1,60611.9,28.68,63.85,7200,4700,2500,52.67,69.6,55.94,764057.02,112814.86,26722.95,53886.5,0.0,0.0,78.18,526469.33,727029.08,450.76,0.3596,1.495,415071.57,10946.0,10946.0,1.35,Medium
2024-07-29,DC003,Delhi Enterprise DC,Delhi,India,35,Air Cooling,0.12,0.75,15,12,99.9,961062.67,498415.52,397181.58,22298.48,0.0,50992.73,34.2,67.64,4100,3308,792,64.75,78.02,39.79,471258.19,115327.52,47661.79,45702.53,0.0,0.0,65.83,144159.4,816903.27,612.68,0.6375,1.928,462647.15,22622.23,22622.23,1.55,High
2024-07-29,DC004,Hyderabad Cloud DC,Hyderabad,India,50,Hybrid Cooling,0.1,0.66,35,6,99.95,1060325.11,650847.5,318020.93,23483.93,7408.24,59212.24,30.54,50.55,6100,3581,2519,43.2,59.77,41.21,628770.09,106032.51,31802.09,44872.64,0.0,0.0,76.0,371113.79,689211.32,454.88,0.429,1.629,409477.61,11659.62,11659.62,1.45,Medium
2024-07-29,DC005,Pune Backup DC,Pune,India,30,Air Cooling,0.095,0.68,28,8,99.8,666497.06,366184.08,232182.17,13689.82,9634.67,36159.73,28.32,53.75,3300,2666,634,65.61,55.69,30.34,333603.47,63317.22,22057.31,38987.3,0.0,0.0,69.33,186619.18,479877.89,326.32,0.4896,1.82,300312.98,9396.61,9396.61,1.55,Medium
2024-07-30,DC001,Mumbai Core DC,Mumbai,India,45,Air Cooling,0.11,0.72,18,9,99.9,1257269.37,671390.19,508968.27,28098.85,0.0,68442.1,35.36,68.87,5200,3595,1605,54.99,58.93,27.44,560414.77,138299.63,55986.51,54288.6,0.0,0.0,65.63,226308.49,1030960.89,742.29,0.5904,1.873,585879.18,23827.6,23827.6,1.55,High
2024-07-30,DC002,Bengaluru AI Hub,Bengaluru,India,60,Liquid Cooling,0.09,0.62,42,4,99.95,1253993.02,836715.82,306250.75,33478.89,0.0,70241.51,30.36,60.44,7200,5297,1903,58.71,79.27,48.93,792889.5,112859.37,27562.57,64001.73,0.0,0.0,77.69,526677.07,727315.95,450.94,0.3596,1.499,417277.2,11198.4,11198.4,1.35,Medium
2024-07-30,DC003,Delhi Enterprise DC,Delhi,India,35,Air Cooling,0.12,0.75,15,12,99.9,887977.99,472102.09,344323.2,13784.63,8891.88,43435.3,31.52,66.54,4100,2387,1713,47.57,73.92,25.07,422481.48,106557.36,41318.78,44712.75,51.4,107045.09,38.86,133196.7,754781.29,566.09,0.6375,1.881,415875.9,18746.37,125791.46,1.55,High
2024-07-30,DC004,Hyderabad Cloud DC,Hyderabad,India,50,Hybrid Cooling,0.1,0.66,35,6,99.95,1209909.39,718943.61,373554.72,30137.01,6285.01,58472.34,33.53,51.43,6100,4450,1650,56.61,57.01,33.3,635259.35,120990.94,37355.47,48551.55,0.0,0.0,73.31,423468.29,786441.1,519.05,0.429,1.683,490965.78,16744.11,16744.11,1.45,Medium
2024-07-30,DC005,Pune Backup DC,Pune,India,30,Air Cooling,0.095,0.68,28,8,99.8,593150.36,340175.37,197506.66,13415.92,0.0,29434.68,27.48,66.29,3300,2072,1228,46.86,57.52,25.06,306236.78,56349.28,18763.13,36026.97,0.0,0.0,69.84,166082.1,427068.26,290.41,0.4896,1.744,252974.99,6258.46,6258.46,1.55,Medium
2024-07-31,DC001,Mumbai Core DC,Mumbai,India,45,Air Cooling,0.11,0.72,18,9,99.9,1221774.88,668721.41,459980.15,18339.85,0.0,65920.75,33.23,61.27,5200,3776,1424,55.81,74.68,41.53,528798.08,134395.24,50597.82,41665.09,0.0,0.0,66.71,219919.48,1001855.4,721.34,0.5904,1.827,553053.47,20378.24,20378.24,1.55,High
2024-07-31,DC002,Bengaluru AI Hub,Bengaluru,India,60,Liquid Cooling,0.09,0.62,42,4,99.95,1296685.19,859770.93,307441.92,37531.86,0.0,66434.26,29.31,57.26,7200,5691,1509,65.36,71.68,56.78,800296.83,116701.67,27669.77,46414.12,0.0,0.0,79.62,544607.78,752077.41,466.29,0.3596,1.508,436914.25,12239.5,12239.5,1.35,Medium
2024-07-31,DC003,Delhi Enterprise DC,Delhi,India,35,Air Cooling,0.12,0.75,15,12,99.9,976423.56,501632.92,390186.27,22338.44,0.0,52194.01,32.56,50.41,4100,3286,814,65.22,63.42,33.52,432713.05,117170.83,46822.35,36114.26,0.0,0.0,64.58,146463.53,829960.03,622.47,0.6375,1.946,474790.65,23867.11,23867.11,1.55,High
2024-07-31,DC004,Hyderabad Cloud DC,Hyderabad,India,50,Hybrid Cooling,0.1,0.66,35,6,99.95,1076514.96,667056.85,309804.4,19959.67,0.0,59479.56,29.03,48.59,6100,4056,2044,50.19,63.49,39.47,634499.76,107651.5,30980.44,40940.63,0.0,0.0,76.58,376780.23,699734.72,461.82,0.429,1.614,409458.11,10928.25,10928.25,1.45,Medium
2024-07-31,DC005,Pune Backup DC,Pune,India,30,Air Cooling,0.095,0.68,28,8,99.8,585143.16,331267.71,205675.7,9980.6,0.0,28217.11,25.4,43.05,3300,2035,1265,48.95,67.02,27.18,324228.06,55588.6,19539.19,38165.95,0.0,0.0,71.08,163840.09,421303.08,286.49,0.4896,1.766,253875.45,6809.43,6809.43,1.55,Medium
2024-08-01,DC001,Mumbai Core DC,Mumbai,India,45,Air Cooling,0.11,0.72,18,9,99.9,1287550.05,678099.83,522490.63,30017.24,8188.87,61708.88,34.54,65.47,5200,4241,959,68.29,48.64,41.51,535398.25,141630.51,57473.97,44838.7,0.0,0.0,65.17,231759.01,1055791.04,760.17,0.5904,1.899,609450.22,26014.48,26014.48,1.55,High
2024-08-01,DC002,Bengaluru AI Hub,Bengaluru,India,60,Liquid Cooling,0.09,0.62,42,4,99.95,1239095.63,855296.34,292289.77,26804.79,0.0,65608.97,31.78,72.74,7200,4856,2344,55.38,66.42,58.35,846730.94,111518.61,26306.08,51545.67,0.0,0.0,80.74,520420.17,718675.47,445.58,0.3596,1.449,383799.29,7600.1,7600.1,1.35,Medium
2024-08-01,DC003,Delhi Enterprise DC,Delhi,India,35,Air Cooling,0.12,0.75,15,12,99.9,926892.22,478856.0,380596.39,14635.94,0.0,51479.03,35.3,66.97,4100,2783,1317,56.5,66.29,23.36,455349.51,111227.07,45671.57,47187.94,0.0,0.0,65.21,139033.83,787858.38,590.89,0.6375,1.936,448036.22,22159.85,22159.85,1.55,High
2024-08-01,DC004,Hyderabad Cloud DC,Hyderabad,India,50,Hybrid Cooling,0.1,0.66,35,6,99.95,1138880.7,707418.72,336981.13,25506.63,0.0,62120.6,30.0,72.63,6100,4428,1672,61.61,66.41,17.18,609753.37,113888.07,33698.11,58286.94,0.0,0.0,71.76,398608.24,740272.45,488.58,0.429,1.61,431461.98,11312.36,11312.36,1.45,Medium
2024-08-01,DC005,Pune Backup DC,Pune,India,30,Air Cooling,0.095,0.68,28,8,99.8,626024.44,343192.53,232981.22,11621.79,0.0,34008.32,31.6,59.68,3300,1875,1425,46.3,66.73,37.14,310288.3,59472.32,22133.22,31611.36,0.0,0.0,70.65,175286.84,450737.6,306.5,0.4896,1.824,282831.91,8937.22,8937.22,1.55,Medium
2024-08-02,DC001,Mumbai Core DC,Mumbai,India,45,Air Cooling,0.11,0.72,18,9,99.9,1258509.24,688781.08,482359.39,17539.01,0.0,63216.31,33.41,63.29,5200,4119,1081,61.68,60.71,49.63,536600.99,138436.02,53059.53,46162.0,0.0,0.0,65.6,226531.66,1031977.58,743.02,0.5904,1.827,569728.17,20998.84,20998.84,1.55,High
2024-08-02,DC002,Bengaluru AI Hub,Bengaluru,India,60,Liquid Cooling,0.09,0.62,42,4,99.95,1139028.03,793846.26,259420.9,31880.26,0.0,61450.0,31.13,72.51,7200,4288,2912,46.71,57.71,41.63,773707.7,102512.52,23347.88,57630.13,0.0,0.0,79.3,478391.77,660636.26,409.59,0.3596,1.435,345181.78,6060.2,6060.2,1.35,Low
2024-08-02,DC003,Delhi Enterprise DC,Delhi,India,35,Air Cooling,0.12,0.75,15,12,99.9,913855.79,484797.49,351797.14,19398.23,6457.74,49627.69,35.04,39.21,4100,2818,1282,54.89,63.94,30.26,464608.31,109662.69,42215.66,40051.15,0.0,0.0,67.78,137078.37,776777.42,582.58,0.6375,1.885,429058.3,19490.36,19490.36,1.55,High
2024-08-02,DC004,Hyderabad Cloud DC,Hyderabad,India,50,Hybrid Cooling,0.1,0.66,35,6,99.95,1067025.74,664510.04,310897.23,16798.66,0.0,52737.84,30.83,52.69,6100,3247,2853,36.49,86.96,34.81,645171.58,106702.57,31089.72,50883.19,0.0,0.0,75.57,373459.01,693566.73,457.75,0.429,1.606,402515.7,10348.62,10348.62,1.45,Medium
2024-08-02,DC005,Pune Backup DC,Pune,India,30,Air Cooling,0.095,0.68,28,8,99.8,639867.04,362449.33,220585.58,15802.55,0.0,35024.21,29.57,61.26,3300,2306,994,59.79,57.59,30.11,322350.48,60787.37,20955.63,31666.31,0.0,0.0,71.32,179162.77,460704.27,313.28,0.4896,1.765,277417.71,7416.71,7416.71,1.55,Medium
2024-08-03,DC001,Mumbai Core DC,Mumbai,India,45,Air Cooling,0.11,0.72,18,9,99.9,1080948.15,609292.47,398825.1,16399.47,5335.08,60929.28,32.78,70.31,5200,3776,1424,58.9,66.36,51.05,471018.23,118904.3,43870.76,43458.22,72.0,116580.23,40.78,194570.67,886377.48,638.19,0.5904,1.774,471655.67,15019.93,131600.16,1.55,High
2024-08-03,DC002,Bengaluru AI Hub,Bengaluru,India,60,Liquid Cooling,0.09,0.62,42,4,99.95,1179099.85,814096.45,276118.34,28421.97,0.0,59760.95,28.33,59.77,7200,5929,1271,69.31,77.38,61.72,767682.69,106118.99,24850.65,64726.45,0.0,0.0,77.75,495221.94,683877.92,424.0,0.3596,1.448,365003.4,7206.27,7206.27,1.35,Medium
2024-08-03,DC003,Delhi Enterprise DC,Delhi,India,35,Air Cooling,0.12,0.75,15,12,99.9,798192.38,433393.15,318803.99,12957.4,0.0,43551.74,34.89,62.64,4100,3328,772,67.38,45.27,35.11,374352.76,95783.09,38256.48,47346.27,0.0,0.0,61.77,119728.86,678463.52,508.85,0.6375,1.842,364799.23,15171.96,15171.96,1.55,Medium
2024-08-03,DC004,Hyderabad Cloud DC,Hyderabad,India,50,Hybrid Cooling,0.1,0.66,35,6,99.95,1078841.6,649761.25,339149.76,25736.07,0.0,59225.96,31.15,56.59,6100,4757,1343,63.29,67.17,28.95,563625.78,107884.16,33914.98,51707.56,0.0,0.0,71.68,377594.56,701247.04,462.82,0.429,1.66,429080.35,13668.78,13668.78,1.45,Medium
2024-08-03,DC005,Pune Backup DC,Pune,India,30,Air Cooling,0.095,0.68,28,8,99.8,585143.55,326199.33,209622.14,13493.83,0.0,29422.31,29.35,56.12,3300,2959,341,75.92,78.39,26.2,279712.89,55588.64,19914.1,35514.11,0.0,0.0,67.43,163840.19,421303.35,286.49,0.4896,1.794,258944.22,7555.79,7555.79,1.55,Medium
2024-08-04,DC001,Mumbai Core DC,Mumbai,India,45,Air Cooling,0.11,0.72,18,9,99.9,1049127.14,554269.4,392126.88,23621.21,8476.51,57635.99,33.88,65.48,5200,3496,1704,49.8,51.94,28.52,520589.44,115403.98,43133.96,53217.48,0.0,0.0,67.61,188842.88,860284.25,619.4,0.5904,1.893,494857.74,20901.05,20901.05,1.55,High
2024-08-04,DC002,Bengaluru AI Hub,Bengaluru,India,60,Liquid Cooling,0.09,0.62,42,4,99.95,1056260.33,734610.56,241259.96,22948.67,0.0,54663.57,27.61,47.58,7200,5260,1940,62.59,75.57,53.28,666172.14,95063.43,21713.4,68565.79,0.0,0.0,75.44,443629.34,612630.99,379.83,0.3596,1.438,321649.77,5808.25,5808.25,1.35,Low
2024-08-04,DC003,Delhi Enterprise DC,Delhi,India,35,Air Cooling,0.12,0.75,15,12,99.9,905162.7,460539.96,361828.18,18592.32,4213.6,50991.17,33.41,76.7,4100,3146,954,66.39,54.9,37.85,382697.75,108619.52,43419.38,54100.61,0.0,0.0,57.48,135774.4,769388.29,577.04,0.6375,1.965,444622.73,22959.09,22959.09,1.55,High
2024-08-04,DC004,Hyderabad Cloud DC,Hyderabad,India,50,Hybrid Cooling,0.1,0.66,35,6,99.95,922973.28,564796.36,290579.86,20081.72,0.0,49995.44,32.98,56.72,6100,3026,3074,35.58,73.95,40.51,632449.13,92297.33,29057.99,56083.31,6.8,7195.25,75.4,323040.65,599932.63,395.96,0.429,1.634,358176.93,10401.86,17597.1,1.45,Medium
2024-08-04,DC005,Pune Backup DC,Pune,India,30,Air Cooling,0.095,0.68,28,8,99.8,544121.97,306162.72,202659.29,9176.72,0.0,28231.36,30.49,63.37,3300,2284,1016,57.57,67.64,32.36,296690.97,51691.59,19252.63,28897.21,0.0,0.0,72.84,152354.15,391767.82,266.4,0.4896,1.777,237959.25,6609.13,6609.13,1.55,Medium
2024-08-05,DC001,Mumbai Core DC,Mumbai,India,45,Air Cooling,0.11,0.72,18,9,99.9,1242165.43,660970.51,495565.35,17745.01,0.0,68437.31,33.89,58.05,5200,3512,1688,57.53,76.19,30.56,558346.92,136638.2,54512.19,60471.36,0.0,0.0,64.7,223589.78,1018575.66,733.37,0.5904,1.879,581194.93,23942.73,23942.73,1.55,High
2024-08-05,DC002,Bengaluru AI Hub,Bengaluru,India,60,Liquid Cooling,0.09,0.62,42,4,99.95,1205017.35,812986.34,251381.63,36405.4,10513.82,62224.29,26.23,54.57,7200,4244,2956,44.01,58.42,52.09,806350.37,108451.56,22624.35,42980.03,0.0,0.0,81.22,506107.29,698910.06,433.32,0.3596,1.482,392031.01,9673.72,9673.72,1.35,Medium
2024-08-05,DC003,Delhi Enterprise DC,Delhi,India,35,Air Cooling,0.12,0.75,15,12,99.9,957468.87,491671.2,391507.08,14694.27,10401.34,53271.17,35.72,65.23,4100,2830,1270,55.56,73.24,23.03,420678.28,114896.26,46980.85,43885.22,0.0,0.0,62.26,143620.33,813848.54,610.39,0.6375,1.947,465797.67,23445.42,23445.42,1.55,High
2024-08-05,DC004,Hyderabad Cloud DC,Hyderabad,India,50,Hybrid Cooling,0.1,0.66,35,6,99.95,1121930.12,723798.17,313674.29,23350.0,0.0,57795.03,28.23,57.87,6100,4540,1560,56.65,69.61,38.69,645552.5,112193.01,31367.43,52857.01,0.0,0.0,74.43,392675.54,729254.58,481.31,0.429,1.55,398131.95,7242.28,7242.28,1.45,Medium
2024-08-05,DC005,Pune Backup DC,Pune,India,30,Air Cooling,0.095,0.68,28,8,99.8,601107.89,331306.04,224805.66,10051.8,0.0,32518.22,31.56,68.18,3300,2117,1183,48.45,72.49,27.94,325264.97,57105.25,21356.54,38573.12,0.0,0.0,70.58,168310.21,432797.68,294.3,0.4896,1.814,269801.85,8320.44,8320.44,1.55,Medium
2024-08-06,DC001,Mumbai Core DC,Mumbai,India,45,Air Cooling,0.11,0.72,18,9,99.9,1070857.25,599536.87,404563.5,15828.11,0.0,55693.03,30.81,60.87,5200,2340,2860,32.01,70.83,34.25,527920.79,117794.3,44501.98,58545.36,0.0,0.0,66.6,192754.3,878102.94,632.23,0.5904,1.786,471320.37,15573.26,15573.26,1.55,Medium
2024-08-06,DC002,Bengaluru AI Hub,Bengaluru,India,60,Liquid Cooling,0.09,0.62,42,4,99.95,1244377.42,849631.2,302988.69,30756.88,0.0,65603.57,28.6,66.33,7200,5008,2192,58.86,67.33,50.89,847057.78,111993.97,27268.98,61595.91,0.0,0.0,79.51,522638.51,721738.9,447.48,0.3596,1.465,394746.22,8763.78,8763.78,1.35,Medium
2024-08-06,DC003,Delhi Enterprise DC,Delhi,India,35,Air Cooling,0.12,0.75,15,12,99.9,791475.23,435177.64,306108.51,14591.25,3224.65,39602.9,34.03,59.57,4100,2030,2070,38.61,76.86,23.45,459975.46,94977.03,36733.02,42056.23,0.0,0.0,70.21,118721.29,672753.95,504.57,0.6375,1.819,356297.59,14033.99,14033.99,1.55,Medium
2024-08-06,DC004,Hyderabad Cloud DC,Hyderabad,India,50,Hybrid Cooling,0.1,0.66,35,6,99.95,1009344.45,626726.96,293513.33,16036.25,0.0,48466.24,31.62,64.63,6100,2875,3225,32.12,55.69,48.49,697134.99,100934.44,29351.33,49175.69,0.0,0.0,78.47,353270.56,656073.89,433.01,0.429,1.611,382617.49,10059.04,10059.04,1.45,Medium
2024-08-06,DC005,Pune Backup DC,Pune,India,30,Air Cooling,0.095,0.68,28,8,99.8,687462.9,380462.01,263425.63,12699.53,0.0,37904.86,29.63,35.25,3300,2572,728,67.58,76.3,31.58,330443.29,65308.98,25025.43,28786.78,49.4,62546.35,52.6,192489.61,494973.29,336.58,0.4896,1.807,307000.89,9285.94,71832.29,1.55,High
2024-08-07,DC001,Mumbai Core DC,Mumbai,India,45,Air Cooling,0.11,0.72,18,9,99.9,1159541.11,637579.75,437995.91,21318.83,0.0,57216.99,31.33,57.24,5200,3496,1704,56.06,56.6,28.15,563621.99,127549.52,48179.55,55998.63,0.0,0.0,67.43,208717.4,950823.71,684.59,0.5904,1.819,521961.36,18842.17,18842.17,1.55,High
2024-08-07,DC002,Bengaluru AI Hub,Bengaluru,India,60,Liquid Cooling,0.09,0.62,42,4,99.95,1345048.68,890271.62,317451.16,39220.09,0.0,75706.2,29.99,68.03,7200,5401,1799,61.68,74.65,61.98,796703.99,121054.38,28570.6,71808.61,0.0,0.0,75.79,564920.44,780128.23,483.68,0.3596,1.511,454777.06,12886.38,12886.38,1.35,Medium
2024-08-07,DC003,Delhi Enterprise DC,Delhi,India,35,Air Cooling,0.12,0.75,15,12,99.9,871180.74,473720.81,334583.99,17898.23,0.0,47890.19,30.26,62.91,4100,2697,1403,49.16,59.86,27.02,414229.96,104541.69,40150.08,57310.78,0.0,0.0,60.93,130677.11,740503.63,555.38,0.6375,1.839,397459.93,16429.62,16429.62,1.55,Medium
2024-08-07,DC004,Hyderabad Cloud DC,Hyderabad,India,50,Hybrid Cooling,0.1,0.66,35,6,99.95,1163509.15,713534.03,369255.77,19990.6,0.0,61906.75,30.63,65.35,6100,4693,1407,61.13,77.9,32.67,617394.61,116350.92,36925.58,46720.04,0.0,0.0,73.59,407228.2,756280.95,499.15,0.429,1.631,449975.12,12888.48,12888.48,1.45,Medium
2024-08-07,DC005,Pune Backup DC,Pune,India,30,Air Cooling,0.095,0.68,28,8,99.8,637716.13,355285.94,229077.51,13234.11,0.0,33521.32,28.1,49.62,3300,2439,861,63.23,54.74,39.23,309763.5,60583.03,21762.36,35808.53,0.0,0.0,68.88,178560.52,459155.61,312.23,0.4896,1.795,282430.18,8267.18,8267.18,1.55,Medium
2024-08-08,DC001,Mumbai Core DC,Mumbai,India,45,Air Cooling,0.11,0.72,18,9,99.9,1184007.93,630270.26,450906.36,22523.85,0.0,60331.94,31.74,46.18,5200,3760,1440,55.87,65.21,16.02,568064.55,130240.87,49599.7,37173.76,0.0,0.0,70.53,213121.43,970886.5,699.04,0.5904,1.879,553737.67,22779.79,22779.79,1.55,High
2024-08-08,DC002,Bengaluru AI Hub,Bengaluru,India,60,Liquid Cooling,0.09,0.62,42,4,99.95,1186392.66,837091.19,252692.94,32784.39,7696.06,61248.29,26.97,53.45,7200,5525,1675,60.93,63.27,57.83,815754.46,106775.34,22742.36,48210.2,0.0,0.0,81.0,498284.92,688107.74,426.63,0.3596,1.417,349301.47,5068.76,5068.76,1.35,Medium
2024-08-08,DC003,Delhi Enterprise DC,Delhi,India,35,Air Cooling,0.12,0.75,15,12,99.9,951109.84,495141.48,372639.92,18363.72,0.0,45843.93,33.55,57.89,4100,3219,881,60.52,70.62,36.46,456213.41,114133.18,44716.79,46558.92,37.9,76595.27,47.99,142666.48,808443.36,606.33,0.6375,1.921,455968.35,22036.86,98632.14,1.55,High
2024-08-08,DC004,Hyderabad Cloud DC,Hyderabad,India,50,Hybrid Cooling,0.1,0.66,35,6,99.95,1169171.84,694876.76,369266.22,29666.04,0.0,63803.53,33.45,53.44,6100,4865,1235,65.32,53.31,32.08,620136.63,116917.18,36926.62,54635.66,0.0,0.0,72.34,409210.14,759961.69,501.57,0.429,1.683,474295.08,16160.05,16160.05,1.45,Medium
2024-08-08,DC005,Pune Backup DC,Pune,India,30,Air Cooling,0.095,0.68,28,8,99.8,559415.61,327271.64,196852.72,8970.39,0.0,28458.32,29.32,61.79,3300,1858,1442,41.24,70.49,22.76,318171.4,53144.48,18701.01,32677.97,0.0,0.0,73.03,156636.37,402779.24,273.89,0.4896,1.709,232143.96,4953.73,4953.73,1.55,Medium
2024-08-09,DC001,Mumbai Core DC,Mumbai,India,45,Air Cooling,0.11,0.72,18,9,99.9,1147671.15,656118.8,422162.33,19377.78,0.0,55268.64,31.65,69.27,5200,3792,1408,56.69,56.84,25.58,523106.65,126243.83,46437.86,55920.46,0.0,0.0,65.18,206580.81,941090.35,677.59,0.5904,1.749,491552.35,14375.57,14375.57,1.55,High
2024-08-09,DC002,Bengaluru AI Hub,Bengaluru,India,60,Liquid Cooling,0.09,0.62,42,4,99.95,1165586.89,806700.15,271563.65,25634.48,0.0,61558.93,31.22,48.7,7200,5050,2150,52.24,66.91,61.73,748980.61,104902.82,24440.73,47748.12,0.0,0.0,79.62,489546.49,676040.4,419.15,0.3596,1.445,358886.74,6888.75,6888.75,1.35,Low
2024-08-09,DC003,Delhi Enterprise DC,Delhi,India,35,Air Cooling,0.12,0.75,15,12,99.9,881788.57,464347.32,345058.81,13994.44,0.0,43898.02,36.19,55.85,4100,3149,951,59.05,57.16,22.05,439920.31,105814.63,41407.06,47744.53,0.0,0.0,65.09,132268.29,749520.29,562.14,0.6375,1.899,417441.25,19446.03,19446.03,1.55,High
2024-08-09,DC004,Hyderabad Cloud DC,Hyderabad,India,50,Hybrid Cooling,0.1,0.66,35,6,99.95,1099166.47,674008.38,328981.76,22814.97,3063.49,59305.51,31.53,48.45,6100,3759,2341,48.81,58.27,28.17,681491.28,109916.65,32898.18,59243.05,0.0,0.0,75.18,384708.26,714458.21,471.54,0.429,1.631,425158.09,12185.43,12185.43,1.45,Medium
2024-08-09,DC005,Pune Backup DC,Pune,India,30,Air Cooling,0.095,0.68,28,8,99.8,638573.83,356173.01,246192.18,11671.04,0.0,31702.56,30.6,65.97,3300,2213,1087,50.35,80.21,28.92,331281.26,60664.51,23388.26,34014.0,70.5,131603.24,31.69,178800.67,459773.16,312.65,0.4896,1.793,282400.82,8218.04,139821.28,1.55,High
2024-08-10,DC001,Mumbai Core DC,Mumbai,India,45,Air Cooling,0.11,0.72,18,9,99.9,1031702.36,580325.33,394847.85,15273.68,0.0,56103.28,32.81,68.76,5200,3497,1703,52.95,67.85,31.95,475754.47,113487.26,43433.26,54597.24,0.0,0.0,64.67,185706.42,845995.93,609.12,0.5904,1.778,451377.03,14541.79,14541.79,1.55,Medium
2024-08-10,DC002,Bengaluru AI Hub,Bengaluru,India,60,Liquid Cooling,0.09,0.62,42,4,99.95,1186793.57,813793.49,281310.24,26662.07,0.0,59266.92,30.02,63.76,7200,6075,1125,71.47,71.43,60.13,676285.22,106811.42,25317.92,51825.35,0.0,0.0,76.54,498453.3,688340.27,426.77,0.3596,1.458,373000.08,7935.51,7935.51,1.35,Medium
2024-08-10,DC003,Delhi Enterprise DC,Delhi,India,35,Air Cooling,0.12,0.75,15,12,99.9,856805.39,446947.85,337455.67,18399.81,0.0,43454.74,34.39,58.04,4100,3599,501,70.5,53.48,41.95,375013.1,102816.65,40494.68,52750.7,0.0,0.0,58.52,128520.81,728284.58,546.21,0.6375,1.917,409857.54,19684.35,19684.35,1.55,High
2024-08-10,DC004,Hyderabad Cloud DC,Hyderabad,India,50,Hybrid Cooling,0.1,0.66,35,6,99.95,960639.54,583670.02,298549.41,23522.8,0.0,48212.72,32.53,54.18,6100,3850,2250,46.67,70.3,31.09,598858.35,96063.95,29854.94,41352.14,0.0,0.0,77.05,336223.84,624415.7,412.11,0.429,1.646,376969.52,11431.8,11431.8,1.45,Medium
2024-08-10,DC005,Pune Backup DC,Pune,India,30,Air Cooling,0.095,0.68,28,8,99.8,572374.24,319789.85,209123.31,12939.75,0.0,29637.63,31.61,75.79,3300,2374,926,59.63,67.91,38.65,299991.19,54375.55,19866.71,33965.82,19.7,37107.66,58.18,160264.79,412109.45,280.23,0.4896,1.79,252584.39,7286.5,44394.16,1.55,Medium
2024-08-11,DC001,Mumbai Core DC,Mumbai,India,45,Air Cooling,0.11,0.72,18,9,99.9,1100967.63,627360.04,396891.39,21790.42,0.0,60233.32,29.55,62.34,5200,4539,661,73.45,66.52,22.85,513533.06,121106.44,43658.05,39470.03,0.0,0.0,68.73,198174.17,902793.45,650.01,0.5904,1.755,473607.58,14141.55,14141.55,1.55,High
2024-08-11,DC002,Bengaluru AI Hub,Bengaluru,India,60,Liquid Cooling,0.09,0.62,42,4,99.95,1122340.54,777446.57,254370.77,21729.64,0.0,63570.15,28.27,43.65,7200,5429,1771,64.03,66.1,50.47,749064.08,101010.65,22893.37,47078.03,0.0,0.0,80.23,471383.03,650957.51,403.59,0.3596,1.444,344893.97,6550.89,6550.89,1.35,Low
2024-08-11,DC003,Delhi Enterprise DC,Delhi,India,35,Air Cooling,0.12,0.75,15,12,99.9,918545.28,477708.12,362054.84,17183.06,0.0,46892.05,37.01,55.73,4100,3758,342,76.02,61.02,27.93,389695.98,110225.43,43446.58,43384.65,0.0,0.0,60.58,137781.79,780763.49,585.57,0.6375,1.923,440837.16,21371.72,21371.72,1.55,High
2024-08-11,DC004,Hyderabad Cloud DC,Hyderabad,India,50,Hybrid Cooling,0.1,0.66,35,6,99.95,951174.94,588394.58,297369.7,15386.92,0.0,47738.63,34.64,64.84,6100,3331,2769,40.47,92.0,27.08,610677.56,95117.49,29736.97,53013.51,0.0,0.0,75.74,332911.23,618263.71,408.05,0.429,1.617,362780.36,9800.28,9800.28,1.45,Medium
2024-08-11,DC005,Pune Backup DC,Pune,India,30,Air Cooling,0.095,0.68,28,8,99.8,562140.83,327048.97,202618.25,9859.69,0.0,28959.94,27.77,49.04,3300,2291,1009,56.81,44.45,33.69,280245.82,53403.38,19248.73,36472.44,34.9,55638.4,48.08,157399.43,404741.4,275.22,0.4896,1.719,235091.86,5245.42,60883.82,1.55,High
2024-08-12,DC001,Mumbai Core DC,Mumbai,India,45,Air Cooling,0.11,0.72,18,9,99.9,1196809.56,636513.69,461332.75,26864.87,0.0,59234.85,34.87,78.38,5200,3006,2194,45.88,68.36,18.37,515780.19,131649.05,50746.6,52485.54,0.0,0.0,64.3,215425.72,981383.84,706.6,0.5904,1.88,560295.88,23123.47,23123.47,1.55,High
2024-08-12,DC002,Bengaluru AI Hub,Bengaluru,India,60,Liquid Cooling,0.09,0.62,42,4,99.95,1128332.31,786854.94,257123.55,26327.13,5003.49,62784.1,27.6,67.96,7200,4318,2882,46.58,80.62,58.06,806128.8,101549.91,23141.12,65857.98,0.0,0.0,79.23,473899.57,654432.74,405.75,0.3596,1.434,341477.37,5947.03,5947.03,1.35,Low
2024-08-12,DC003,Delhi Enterprise DC,Delhi,India,35,Air Cooling,0.12,0.75,15,12,99.9,911546.69,489498.01,349366.58,14001.43,10669.19,50016.94,35.06,59.26,4100,3265,835,65.01,71.7,38.69,441594.81,109385.6,41923.99,38347.28,167.0,327838.42,-7.69,136732.0,774814.68,581.11,0.6375,1.862,422048.68,18338.97,346177.39,1.55,High
2024-08-12,DC004,Hyderabad Cloud DC,Hyderabad,India,50,Hybrid Cooling,0.1,0.66,35,6,99.95,1209575.53,738140.96,359917.38,21642.85,0.0,62675.47,34.38,67.26,6100,4625,1475,62.11,67.55,35.92,644548.09,120957.55,35991.74,57201.5,0.0,0.0,72.36,423351.44,786224.09,518.91,0.429,1.639,471434.57,13927.11,13927.11,1.45,Medium
2024-08-12,DC005,Pune Backup DC,Pune,India,30,Air Cooling,0.095,0.68,28,8,99.8,611312.31,339786.18,233206.33,9581.36,0.0,34191.07,30.33,68.06,3300,2310,990,52.67,62.42,34.6,312816.13,58074.67,22154.6,40554.22,21.2,32934.77,57.94,171167.45,440144.87,299.3,0.4896,1.799,271526.14,8041.16,40975.93,1.55,Medium
2024-08-13,DC001,Mumbai Core DC,Mumbai,India,45,Air Cooling,0.11,0.72,18,9,99.9,1178971.16,631338.13,462886.37,18548.51,0.0,66718.68,33.81,81.14,5200,3441,1759,48.29,58.76,38.16,526688.21,129686.83,50917.5,44559.83,0.0,0.0,66.92,212214.81,966756.35,696.06,0.5904,1.867,547633.03,22043.68,22043.68,1.55,High
2024-08-13,DC002,Bengaluru AI Hub,Bengaluru,India,60,Liquid Cooling,0.09,0.62,42,4,99.95,1288686.89,895640.48,290073.64,29468.95,0.0,67984.82,27.65,64.0,7200,6156,1044,71.0,62.79,74.75,840867.23,115981.82,26106.63,58632.22,0.0,0.0,79.23,541248.49,747438.39,463.41,0.3596,1.439,393046.41,7161.5,7161.5,1.35,Medium
2024-08-13,DC003,Delhi Enterprise DC,Delhi,India,35,Air Cooling,0.12,0.75,15,12,99.9,888574.1,473931.66,332490.32,18940.05,0.0,43896.51,34.32,56.14,4100,2873,1227,55.71,56.47,31.1,459461.57,106628.89,39898.84,51779.75,0.0,0.0,65.52,133286.11,755287.98,566.47,0.6375,1.875,414642.43,18477.6,18477.6,1.55,High
2024-08-13,DC004,Hyderabad Cloud DC,Hyderabad,India,50,Hybrid Cooling,0.1,0.66,35,6,99.95,1199526.39,730635.35,365753.18,22350.03,10267.89,59840.66,31.18,60.72,6100,4554,1546,61.7,70.46,33.26,616770.16,119952.64,36575.32,42143.61,0.0,0.0,73.72,419834.24,779692.15,514.6,0.429,1.642,468891.04,14010.51,14010.51,1.45,Medium
2024-08-13,DC005,Pune Backup DC,Pune,India,30,Air Cooling,0.095,0.68,28,8,99.8,683345.19,392361.36,244056.65,17447.72,0.0,38658.98,28.57,66.65,3300,3036,264,76.24,71.15,38.54,337661.03,64917.79,23185.38,34560.24,0.0,0.0,70.54,191336.65,492008.54,334.57,0.4896,1.742,290983.84,7142.58,7142.58,1.55,Medium
2024-08-14,DC001,Mumbai Core DC,Mumbai,India,45,Air Cooling,0.11,0.72,18,9,99.9,1152164.23,629604.04,439893.24,19449.01,10312.66,59510.17,29.99,53.09,5200,3470,1730,50.48,56.24,34.36,565253.73,126738.07,48388.26,55029.84,85.0,109099.58,48.54,207389.56,944774.67,680.24,0.5904,1.83,522560.18,19390.58,128490.16,1.55,High
2024-08-14,DC002,Bengaluru AI Hub,Bengaluru,India,60,Liquid Cooling,0.09,0.62,42,4,99.95,1310730.03,901795.26,272160.3,36614.25,5838.99,69700.26,26.75,71.56,7200,5506,1694,65.76,52.4,64.51,794079.78,117965.7,24494.43,49132.49,0.0,0.0,78.96,550506.61,760223.42,471.34,0.3596,1.453,408934.77,8397.58,8397.58,1.35,Medium
2024-08-14,DC003,Delhi Enterprise DC,Delhi,India,35,Air Cooling,0.12,0.75,15,12,99.9,906927.16,484505.63,361765.56,13012.92,6309.16,51281.31,35.65,63.05,4100,2602,1498,52.94,72.68,26.51,435575.58,108831.26,43411.87,34821.28,33.5,45037.53,56.68,136039.07,770888.09,578.17,0.6375,1.872,422421.53,18713.21,63750.75,1.55,High
2024-08-14,DC004,Hyderabad Cloud DC,Hyderabad,India,50,Hybrid Cooling,0.1,0.66,35,6,99.95,1236225.31,747218.7,375055.33,26282.61,0.0,68941.85,30.98,59.13,6100,5456,644,77.26,60.92,40.05,694913.83,123622.53,37505.53,51318.76,0.0,0.0,74.83,432678.86,803546.45,530.34,0.429,1.654,489006.61,15275.82,15275.82,1.45,Medium
2024-08-14,DC005,Pune Backup DC,Pune,India,30,Air Cooling,0.095,0.68,28,8,99.8,566774.38,330298.97,202447.52,9355.49,0.0,31423.21,29.89,62.94,3300,2164,1136,48.56,73.41,22.2,300923.7,53843.57,19232.51,33939.75,0.0,0.0,70.83,158696.83,408077.55,277.49,0.4896,1.716,236475.41,5207.04,5207.04,1.55,Medium
2024-08-15,DC001,Mumbai Core DC,Mumbai,India,45,Air Cooling,0.11,0.72,18,9,99.9,1209795.89,657149.56,479010.08,22487.6,0.0,61932.27,31.92,57.9,5200,3807,1393,59.09,84.22,30.15,555314.65,133077.55,52691.11,39411.58,0.0,0.0,68.94,217763.26,992032.63,714.26,0.5904,1.841,552646.32,21033.55,21033.55,1.55,High
2024-08-15,DC002,Bengaluru AI Hub,Bengaluru,India,60,Liquid Cooling,0.09,0.62,42,4,99.95,1246047.33,842466.53,298726.89,26158.77,0.0,65078.4,28.46,50.6,7200,5023,2177,52.32,70.08,56.09,827220.84,112144.26,26885.42,70934.6,0.0,0.0,77.87,523339.88,722707.45,448.08,0.3596,1.479,403580.8,9784.58,9784.58,1.35,Medium
2024-08-15,DC003,Delhi Enterprise DC,Delhi,India,35,Air Cooling,0.12,0.75,15,12,99.9,885157.09,485670.85,331339.9,16680.56,0.0,44543.2,31.5,35.0,4100,2840,1260,52.3,68.71,19.59,447890.03,106218.85,39760.79,47550.82,0.0,0.0,65.67,132773.56,752383.52,564.29,0.6375,1.823,399486.24,15884.07,15884.07,1.55,Medium
2024-08-15,DC004,Hyderabad Cloud DC,Hyderabad,India,50,Hybrid Cooling,0.1,0.66,35,6,99.95,1024071.92,641540.29,305560.71,16269.33,0.0,54970.35,27.5,54.43,6100,3721,2379,48.44,52.24,11.26,660322.14,102407.19,30556.07,62145.72,0.0,0.0,75.08,358425.17,665646.75,439.33,0.429,1.596,382531.63,9383.85,9383.85,1.45,Medium
2024-08-15,DC005,Pune Backup DC,Pune,India,30,Air Cooling,0.095,0.68,28,8,99.8,637126.0,353680.55,248115.51,8903.01,0.0,31465.54,31.05,57.95,3300,2486,814,60.9,58.25,39.02,325930.14,60526.97,23570.97,30383.96,0.0,0.0,72.11,178395.28,458730.72,311.94,0.4896,1.801,283445.45,8447.51,8447.51,1.55,Medium
2024-08-16,DC001,Mumbai Core DC,Mumbai,India,45,Air Cooling,0.11,0.72,18,9,99.9,1185007.81,656317.77,463790.06,18705.1,0.0,60871.28,32.76,68.3,5200,3776,1424,61.26,77.62,47.56,542691.65,130350.86,51016.91,41499.04,0.0,0.0,68.33,213301.41,971706.41,699.63,0.5904,1.806,528690.04,18448.68,18448.68,1.55,High
2024-08-16,DC002,Bengaluru AI Hub,Bengaluru,India,60,Liquid Cooling,0.09,0.62,42,4,99.95,1271076.73,860384.67,289619.48,35894.45,0.0,67740.44,32.24,62.47,7200,6209,991,73.35,47.43,47.6,821173.11,114396.91,26065.75,58207.06,0.0,0.0,78.98,533852.23,737224.5,457.08,0.3596,1.477,410692.06,9860.17,9860.17,1.35,Medium
2024-08-16,DC003,Delhi Enterprise DC,Delhi,India,35,Air Cooling,0.12,0.75,15,12,99.9,995275.64,535453.22,402180.6,17882.77,0.0,51921.43,32.68,56.49,4100,3511,589,74.9,73.06,40.13,462782.58,119433.08,48261.67,53776.95,45.6,61573.3,49.27,149291.35,845984.3,634.49,0.6375,1.859,459822.42,19838.78,81412.07,1.55,High
2024-08-16,DC004,Hyderabad Cloud DC,Hyderabad,India,50,Hybrid Cooling,0.1,0.66,35,6,99.95,1194168.63,729114.23,375081.84,18378.39,0.0,59309.18,30.38,83.65,6100,4715,1385,65.56,60.48,39.37,640394.2,119416.86,37508.18,47067.95,0.0,0.0,74.0,417959.02,776209.61,512.3,0.429,1.638,465054.4,13695.3,13695.3,1.45,Medium
2024-08-16,DC005,Pune Backup DC,Pune,India,30,Air Cooling,0.095,0.68,28,8,99.8,630725.66,340597.91,245822.4,15088.47,0.0,32369.6,33.71,80.38,3300,1930,1370,47.58,57.05,42.61,321268.89,59918.94,23353.13,32061.94,0.0,0.0,71.37,176603.19,454122.48,308.8,0.4896,1.852,290127.75,9765.9,9765.9,1.55,High
2024-08-17,DC001,Mumbai Core DC,Mumbai,India,45,Air Cooling,0.11,0.72,18,9,99.9,1098537.76,593993.05,410152.71,19863.01,9215.33,55448.08,30.23,47.72,5200,3563,1637,50.91,72.51,34.64,466056.14,120839.15,45116.8,44639.62,0.0,0.0,64.49,197736.8,900800.97,648.58,0.5904,1.849,504544.71,19563.34,19563.34,1.55,Medium
2024-08-17,DC002,Bengaluru AI Hub,Bengaluru,India,60,Liquid Cooling,0.09,0.62,42,4,99.95,1071366.42,754261.4,237823.77,23378.78,0.0,56589.4,27.95,66.05,7200,5518,1682,58.66,72.4,45.39,674478.58,96422.98,21404.14,51784.51,0.0,0.0,78.03,449973.9,621392.52,385.26,0.3596,1.42,317105.02,4780.22,4780.22,1.35,Low
2024-08-17,DC003,Delhi Enterprise DC,Delhi,India,35,Air Cooling,0.12,0.75,15,12,99.9,800463.35,437466.51,313198.91,17593.64,0.0,43767.64,31.92,56.76,4100,2954,1146,55.47,72.12,40.4,399045.93,96055.6,37583.87,45890.16,0.0,0.0,64.43,120069.5,680393.84,510.3,0.6375,1.83,362996.84,14686.83,14686.83,1.55,Medium
2024-08-17,DC004,Hyderabad Cloud DC,Hyderabad,India,50,Hybrid Cooling,0.1,0.66,35,6,99.95,1093273.98,681732.07,325639.79,21664.13,0.0,56994.14,33.38,61.93,6100,5179,921,69.04,65.67,36.48,579165.5,109327.4,32563.98,46997.38,0.0,0.0,73.01,382645.89,710628.09,469.01,0.429,1.604,411541.92,10476.25,10476.25,1.45,Medium
2024-08-17,DC005,Pune Backup DC,Pune,India,30,Air Cooling,0.095,0.68,28,8,99.8,576348.07,323678.8,213951.76,10858.39,0.0,31333.6,32.33,60.48,3300,2423,877,61.68,55.66,31.23,276867.26,54753.07,20325.42,41770.86,0.0,0.0,65.14,161377.46,414970.61,282.18,0.4896,1.781,252669.27,7091.36,7091.36,1.55,Medium
2024-08-18,DC001,Mumbai Core DC,Mumbai,India,45,Air Cooling,0.11,0.72,18,9,99.9,1105038.02,619557.73,404841.67,20620.04,0.0,60250.07,30.93,64.68,5200,4130,1070,65.82,56.75,24.92,481979.98,121554.18,44532.58,60137.32,0.0,0.0,62.3,198906.84,906131.18,652.41,0.5904,1.784,485480.29,15919.59,15919.59,1.55,High
2024-08-18,DC002,Bengaluru AI Hub,Bengaluru,India,60,Liquid Cooling,0.09,0.62,42,4,99.95,1065987.01,728372.8,243409.94,20382.1,8414.11,58942.68,25.78,53.53,7200,4290,2910,43.62,64.98,65.78,754515.44,95938.83,21906.89,62971.94,48.7,61759.0,70.75,447714.55,618272.47,383.33,0.3596,1.464,337614.21,7441.54,69200.53,1.35,High
2024-08-18,DC003,Delhi Enterprise DC,Delhi,India,35,Air Cooling,0.12,0.75,15,12,99.9,809357.02,441478.97,310870.59,13394.55,0.0,38973.25,32.55,63.47,4100,3495,605,68.19,85.87,32.71,391282.57,97122.84,37304.47,43301.27,0.0,0.0,64.11,121403.55,687953.47,515.97,0.6375,1.833,367878.05,15007.75,15007.75,1.55,Medium
2024-08-18,DC004,Hyderabad Cloud DC,Hyderabad,India,50,Hybrid Cooling,0.1,0.66,35,6,99.95,984754.11,595159.6,310544.02,20537.47,0.0,52479.38,31.47,63.59,6100,4059,2041,50.67,65.56,15.24,558967.3,98475.41,31054.4,53585.36,0.0,0.0,72.8,344663.94,640090.17,422.46,0.429,1.655,389594.51,12177.27,12177.27,1.45,Medium
2024-08-18,DC005,Pune Backup DC,Pune,India,30,Air Cooling,0.095,0.68,28,8,99.8,577817.67,310771.78,211405.53,12097.57,9881.89,31509.05,29.84,47.01,3300,2271,1029,55.06,69.59,32.89,291668.26,54892.68,20083.53,42243.27,0.0,0.0,66.7,161788.95,416028.73,282.9,0.4896,1.859,267045.9,9131.53,9131.53,1.55,High
2024-08-19,DC001,Mumbai Core DC,Mumbai,India,45,Air Cooling,0.11,0.72,18,9,99.9,1130790.61,605842.18,434237.59,18325.05,0.0,59576.82,34.41,73.15,5200,3065,2135,47.84,58.13,19.42,522401.99,124386.97,47766.14,39317.33,0.0,0.0,68.66,203542.31,927248.3,667.62,0.5904,1.866,524948.43,21090.88,21090.88,1.55,High
2024-08-19,DC002,Bengaluru AI Hub,Bengaluru,India,60,Liquid Cooling,0.09,0.62,42,4,99.95,1189456.68,791179.88,279068.01,28978.61,6826.25,57828.38,29.26,59.43,7200,4693,2507,47.49,68.24,54.86,804615.99,107051.1,25116.12,68689.13,0.0,0.0,78.16,499571.8,689884.87,427.73,0.3596,1.503,398276.8,10922.75,10922.75,1.35,Medium
2024-08-19,DC003,Delhi Enterprise DC,Delhi,India,35,Air Cooling,0.12,0.75,15,12,99.9,919548.31,496045.72,365654.83,21473.03,0.0,48975.78,33.43,50.3,4100,3268,832,63.28,62.94,35.45,452429.05,110345.8,43878.58,35861.79,0.0,0.0,67.68,137932.25,781616.07,586.21,0.6375,1.854,423502.59,18081.29,18081.29,1.55,High
2024-08-19,DC004,Hyderabad Cloud DC,Hyderabad,India,50,Hybrid Cooling,0.1,0.66,35,6,99.95,1208875.03,768055.25,349567.16,29836.32,5549.74,64382.88,26.27,52.51,6100,5612,488,78.7,67.63,33.62,673022.9,120887.5,34956.72,46228.59,0.0,0.0,75.17,423106.26,785768.77,518.61,0.429,1.574,440819.78,9519.49,9519.49,1.45,Medium
2024-08-19,DC005,Pune Backup DC,Pune,India,30,Air Cooling,0.095,0.68,28,8,99.8,657268.99,352185.82,252088.76,10438.79,0.0,35282.33,31.22,66.55,3300,2623,677,64.64,67.09,24.2,325211.46,62440.55,23948.43,33355.69,0.0,0.0,70.54,184035.32,473233.67,321.8,0.4896,1.866,305083.18,10581.19,10581.19,1.55,High
2024-08-20,DC001,Mumbai Core DC,Mumbai,India,45,Air Cooling,0.11,0.72,18,9,99.9,1189757.04,637833.76,452506.03,24407.65,5421.79,63046.15,32.45,50.82,5200,3556,1644,54.38,74.99,23.97,575226.74,130873.27,49775.66,39673.92,0.0,0.0,70.35,214156.27,975600.78,702.43,0.5904,1.865,551923.28,22122.62,22122.62,1.55,High
2024-08-20,DC002,Bengaluru AI Hub,Bengaluru,India,60,Liquid Cooling,0.09,0.62,42,4,99.95,1205002.73,837989.28,268660.11,24296.88,0.0,58313.29,27.78,67.75,7200,5434,1766,58.68,62.09,46.9,833443.04,108450.25,24179.41,58985.0,0.0,0.0,79.91,506101.15,698901.58,433.32,0.3596,1.438,367013.44,6634.55,6634.55,1.35,Medium
2024-08-20,DC003,Delhi Enterprise DC,Delhi,India,35,Air Cooling,0.12,0.75,15,12,99.9,862916.76,460451.37,329354.5,13036.34,0.0,47637.1,34.19,69.49,4100,2908,1192,53.76,70.22,22.64,406050.23,103550.01,39522.54,53191.34,0.0,0.0,61.4,129437.51,733479.25,550.11,0.6375,1.874,402465.4,17906.06,17906.06,1.55,High
2024-08-20,DC004,Hyderabad Cloud DC,Hyderabad,India,50,Hybrid Cooling,0.1,0.66,35,6,99.95,1105138.69,697631.44,336933.66,21286.27,0.0,62015.89,30.41,65.16,6100,3982,2118,50.77,63.08,39.61,630129.31,110513.87,33693.37,58680.91,0.0,0.0,73.15,386798.54,718340.15,474.1,0.429,1.584,407507.25,9357.31,9357.31,1.45,Medium
2024-08-20,DC005,Pune Backup DC,Pune,India,30,Air Cooling,0.095,0.68,28,8,99.8,626407.43,361205.38,222286.74,14501.75,0.0,33701.47,30.13,52.29,3300,2717,583,68.11,70.6,38.88,316626.77,59508.71,21117.24,33829.71,0.0,0.0,70.52,175394.08,451013.35,306.69,0.4896,1.734,265202.05,6321.21,6321.21,1.55,Medium
2024-08-21,DC001,Mumbai Core DC,Mumbai,India,45,Air Cooling,0.11,0.72,18,9,99.9,1125101.65,633306.87,402471.95,18095.38,0.0,56847.35,31.39,53.65,5200,3493,1707,50.6,76.45,22.68,516722.07,123761.18,44271.91,43958.79,0.0,0.0,67.54,202518.3,922583.36,664.26,0.5904,1.777,491794.78,15782.36,15782.36,1.55,High
2024-08-21,DC002,Bengaluru AI Hub,Bengaluru,India,60,Liquid Cooling,0.09,0.62,42,4,99.95,1255641.98,841146.39,316249.41,32875.63,0.0,60174.63,32.55,46.76,7200,5269,1931,61.73,76.85,48.16,821809.42,113007.78,28462.45,52415.33,0.0,0.0,79.87,527369.63,728272.35,451.53,0.3596,1.493,414495.59,10808.49,10808.49,1.35,Medium
2024-08-21,DC003,Delhi Enterprise DC,Delhi,India,35,Air Cooling,0.12,0.75,15,12,99.9,849980.23,467374.36,319349.37,16664.59,0.0,45783.14,32.26,56.92,4100,2521,1579,48.1,78.02,29.82,461003.49,101997.63,38321.92,47113.69,0.0,0.0,67.66,127497.03,722483.19,541.86,0.6375,1.819,382605.86,15066.0,15066.0,1.55,Medium
2024-08-21,DC004,Hyderabad Cloud DC,Hyderabad,India,50,Hybrid Cooling,0.1,0.66,35,6,99.95,1173420.99,712975.35,349898.56,23686.66,0.0,60619.73,29.5,57.65,6100,5078,1022,69.64,56.13,24.38,659000.68,117342.1,34989.86,53671.8,0.0,0.0,74.05,410697.35,762723.64,503.4,0.429,1.646,460445.64,13960.67,13960.67,1.45,Medium
2024-08-21,DC005,Pune Backup DC,Pune,India,30,Air Cooling,0.095,0.68,28,8,99.8,652849.8,363310.86,247055.32,13926.27,0.0,32344.87,29.54,61.18,3300,2267,1033,52.19,72.56,35.06,304229.76,62020.73,23470.26,42135.29,0.0,0.0,65.76,182797.94,470051.85,319.64,0.4896,1.797,289538.94,8523.21,8523.21,1.55,Medium
2024-08-22,DC001,Mumbai Core DC,Mumbai,India,45,Air Cooling,0.11,0.72,18,9,99.9,1215636.13,658105.94,453410.58,24218.41,0.0,64503.55,31.11,68.72,5200,3618,1582,55.04,62.12,51.06,549058.17,133719.97,49875.16,52422.21,0.0,0.0,66.1,218814.5,996821.63,717.71,0.5904,1.847,557530.19,21512.91,21512.91,1.55,High
2024-08-22,DC002,Bengaluru AI Hub,Bengaluru,India,60,Liquid Cooling,0.09,0.62,42,4,99.95,1307506.74,882875.67,302242.98,28643.47,0.0,65477.89,29.1,47.23,7200,6219,981,72.68,65.03,51.03,838425.61,117675.61,27201.87,70290.16,0.0,0.0,77.58,549152.83,758353.91,470.18,0.3596,1.481,424631.08,10406.21,10406.21,1.35,Medium
2024-08-22,DC003,Delhi Enterprise DC,Delhi,India,35,Air Cooling,0.12,0.75,15,12,99.9,999208.42,528935.78,389307.19,13533.68,0.0,53582.47,33.77,53.86,4100,3336,764,69.86,67.34,35.02,454004.53,119905.01,46716.86,46505.43,0.0,0.0,63.35,149881.26,849327.15,637.0,0.6375,1.889,470272.64,21522.96,21522.96,1.55,High
2024-08-22,DC004,Hyderabad Cloud DC,Hyderabad,India,50,Hybrid Cooling,0.1,0.66,35,6,99.95,1035491.08,656020.47,304609.89,28678.38,0.0,51466.77,29.71,81.51,6100,3898,2202,52.09,79.31,25.08,660781.11,103549.11,30460.99,43558.95,0.0,0.0,77.74,362421.88,673069.2,444.23,0.429,1.578,379470.61,8426.14,8426.14,1.45,Medium
2024-08-22,DC005,Pune Backup DC,Pune,India,30,Air Cooling,0.095,0.68,28,8,99.8,655799.77,353192.81,250221.39,9786.49,0.0,31742.85,31.08,71.89,3300,2296,1004,52.91,63.04,20.86,315651.14,62300.98,23771.03,32339.36,0.0,0.0,70.02,183623.94,472175.84,321.08,0.4896,1.857,302606.96,10293.34,10293.34,1.55,High
2024-08-23,DC001,Mumbai Core DC,Mumbai,India,45,Air Cooling,0.11,0.72,18,9,99.9,1292231.7,696112.46,483649.07,30146.87,10802.5,72335.66,33.12,49.73,5200,3892,1308,62.77,55.06,36.87,558071.79,142145.49,53201.4,58548.86,0.0,0.0,64.04,232601.71,1059629.99,762.93,0.5904,1.856,596119.25,23458.31,23458.31,1.55,High
2024-08-23,DC002,Bengaluru AI Hub,Bengaluru,India,60,Liquid Cooling,0.09,0.62,42,4,99.95,1192128.9,799744.35,269873.82,29140.62,0.0,65984.86,28.96,55.1,7200,5130,2070,53.77,58.25,50.74,757583.72,107291.6,24288.64,55484.18,7.8,15788.92,76.43,500694.14,691434.76,428.69,0.3596,1.491,392384.56,10122.66,25911.58,1.35,Medium
2024-08-23,DC003,Delhi Enterprise DC,Delhi,India,35,Air Cooling,0.12,0.75,15,12,99.9,906214.57,493443.38,344659.82,17233.02,0.0,47358.36,33.99,58.59,4100,3107,993,63.26,79.42,35.07,456309.31,108745.75,41359.18,45931.69,0.0,0.0,66.1,135932.19,770282.39,577.71,0.6375,1.837,412771.19,16965.28,16965.28,1.55,Medium
2024-08-23,DC004,Hyderabad Cloud DC,Hyderabad,India,50,Hybrid Cooling,0.1,0.66,35,6,99.95,1054131.4,655045.91,319949.01,18909.55,0.0,57984.99,30.64,60.74,6100,3377,2723,39.41,54.55,26.87,667896.5,105413.14,31994.9,57296.84,0.0,0.0,75.64,368945.99,685185.41,452.22,0.429,1.609,399085.48,10431.48,10431.48,1.45,Medium
2024-08-23,DC005,Pune Backup DC,Pune,India,30,Air Cooling,0.095,0.68,28,8,99.8,673162.6,383432.34,249967.69,12003.07,0.0,36330.7,27.96,64.17,3300,2885,415,73.17,69.41,22.83,329526.69,63950.45,23746.93,39974.56,0.0,0.0,68.46,188485.53,484677.07,329.58,0.4896,1.756,289730.26,7490.03,7490.03,1.55,Medium
2024-08-24,DC001,Mumbai Core DC,Mumbai,India,45,Air Cooling,0.11,0.72,18,9,99.9,985586.51,564372.66,350299.55,20184.37,0.0,48886.86,28.95,41.94,5200,2953,2247,39.0,78.72,26.05,492128.53,108414.52,38532.95,43473.6,0.0,0.0,69.14,177405.57,808180.94,581.89,0.5904,1.746,421213.85,12188.98,12188.98,1.55,Medium
2024-08-24,DC002,Bengaluru AI Hub,Bengaluru,India,60,Liquid Cooling,0.09,0.62,42,4,99.95,1231315.6,833397.97,283187.01,25356.11,0.0,61681.94,29.84,50.99,7200,6235,965,75.84,74.01,62.32,715735.76,110818.4,25486.83,44836.89,0.0,0.0,78.25,517152.55,714163.05,442.78,0.3596,1.477,397917.63,9560.55,9560.55,1.35,Medium
2024-08-24,DC003,Delhi Enterprise DC,Delhi,India,35,Air Cooling,0.12,0.75,15,12,99.9,847827.42,450400.42,324661.19,11425.53,7635.76,41734.95,33.61,58.47,4100,3557,543,76.67,59.83,32.39,374247.67,101739.29,38959.34,44671.41,97.4,165698.42,16.6,127174.11,720653.31,540.49,0.6375,1.882,397427.01,17964.81,183663.23,1.55,High
2024-08-24,DC004,Hyderabad Cloud DC,Hyderabad,India,50,Hybrid Cooling,0.1,0.66,35,6,99.95,1054666.52,627113.5,332916.29,19173.38,0.0,55465.68,33.87,73.07,6100,4545,1555,57.96,75.66,27.21,621301.11,105466.65,33291.63,52889.76,23.5,24600.03,70.55,369133.28,685533.24,452.45,0.429,1.682,427553.02,14535.19,39135.23,1.45,Medium
2024-08-24,DC005,Pune Backup DC,Pune,India,30,Air Cooling,0.095,0.68,28,8,99.8,527322.25,291063.55,197683.53,10797.88,0.0,27589.04,28.96,72.5,3300,1987,1313,44.44,61.86,19.02,264460.1,50095.61,18779.94,38586.81,0.0,0.0,66.47,147650.23,379672.02,258.18,0.4896,1.812,236258.71,7236.51,7236.51,1.55,Medium
2024-08-25,DC001,Mumbai Core DC,Mumbai,India,45,Air Cooling,0.11,0.72,18,9,99.9,940892.66,503271.48,368321.44,13764.32,0.0,52211.2,33.86,59.43,5200,2347,2853,30.37,69.53,21.29,481768.2,103498.19,40515.36,54063.82,0.0,0.0,67.3,169360.68,771531.98,555.5,0.5904,1.87,437621.18,17690.41,17690.41,1.55,High
2024-08-25,DC002,Bengaluru AI Hub,Bengaluru,India,60,Liquid Cooling,0.09,0.62,42,4,99.95,1102357.28,762655.9,246035.26,28126.74,0.0,60525.44,29.61,63.32,7200,5737,1463,69.31,71.72,52.83,751996.42,99212.15,22143.17,43101.62,0.0,0.0,81.08,462990.06,639367.22,396.41,0.3596,1.445,339701.37,6549.46,6549.46,1.35,Low
2024-08-25,DC003,Delhi Enterprise DC,Delhi,India,35,Air Cooling,0.12,0.75,15,12,99.9,861978.41,442541.22,345859.13,18055.32,0.0,48231.0,34.85,53.04,4100,3204,896,65.93,64.46,23.82,402751.82,103437.41,41503.1,46097.94,0.0,0.0,62.87,129296.76,732681.65,549.51,0.6375,1.948,419437.19,21124.74,21124.74,1.55,High
2024-08-25,DC004,Hyderabad Cloud DC,Hyderabad,India,50,Hybrid Cooling,0.1,0.66,35,6,99.95,989522.43,620109.5,290628.98,20555.95,8476.55,50669.51,31.33,46.31,6100,3540,2560,44.68,71.3,30.63,593358.66,98952.24,29062.9,53951.24,32.2,27917.78,69.53,346332.85,643189.58,424.51,0.429,1.596,369412.94,9036.37,36954.15,1.45,Medium
2024-08-25,DC005,Pune Backup DC,Pune,India,30,Air Cooling,0.095,0.68,28,8,99.8,595640.53,339528.45,205964.68,8817.0,0.0,28757.56,26.16,71.63,3300,2520,780,66.34,48.89,32.8,295342.63,56585.85,19566.64,25529.83,0.0,0.0,72.2,166779.35,428861.18,291.63,0.4896,1.754,256112.08,6590.29,6590.29,1.55,Medium
2024-08-26,DC001,Mumbai Core DC,Mumbai,India,45,Air Cooling,0.11,0.72,18,9,99.9,1233521.48,658534.02,466990.87,24265.2,0.0,66004.19,32.82,59.21,5200,3200,2000,51.49,62.62,27.79,564981.42,135687.36,51369.0,50613.91,0.0,0.0,67.03,222033.87,1011487.62,728.27,0.5904,1.873,574987.47,23407.31,23407.31,1.55,High
2024-08-26,DC002,Bengaluru AI Hub,Bengaluru,India,60,Liquid Cooling,0.09,0.62,42,4,99.95,1135282.51,797073.86,248688.47,30277.13,0.0,60590.45,27.98,59.21,7200,4785,2415,51.68,74.32,45.17,836165.31,102175.43,22381.96,66770.57,0.0,0.0,79.8,476818.65,658463.85,408.25,0.3596,1.424,338208.64,5330.95,5330.95,1.35,Low
2024-08-26,DC003,Delhi Enterprise DC,Delhi,India,35,Air Cooling,0.12,0.75,15,12,99.9,870284.24,454468.91,349517.77,16423.02,0.0,43415.47,37.21,50.44,4100,2586,1514,50.89,51.84,28.74,440552.53,104434.11,41942.13,42386.67,0.0,0.0,66.67,130542.64,739741.61,554.81,0.6375,1.915,415815.33,19902.89,19902.89,1.55,High
2024-08-26,DC004,Hyderabad Cloud DC,Hyderabad,India,50,Hybrid Cooling,0.1,0.66,35,6,99.95,1058287.0,677321.91,299835.94,30213.31,0.0,52093.11,27.0,47.19,6100,4111,1989,50.68,65.65,39.22,620839.84,105828.7,29983.59,45985.16,0.0,0.0,75.55,370400.45,687886.55,454.01,0.429,1.562,380965.08,7617.02,7617.02,1.45,Medium
2024-08-26,DC005,Pune Backup DC,Pune,India,30,Air Cooling,0.095,0.68,28,8,99.8,602827.99,330898.34,231943.64,9293.37,0.0,29576.93,31.05,60.05,3300,1756,1544,40.75,58.32,37.72,302434.59,57268.66,22034.65,32669.82,0.0,0.0,70.26,168791.84,434036.15,295.14,0.4896,1.822,271929.65,8543.88,8543.88,1.55,Medium
2024-08-27,DC001,Mumbai Core DC,Mumbai,India,45,Air Cooling,0.11,0.72,18,9,99.9,1272320.25,695177.11,484325.25,28626.88,2958.73,65864.2,33.09,76.51,5200,4151,1049,64.02,69.69,28.62,537775.2,139955.23,53275.78,39056.72,29.1,34034.63,60.38,229017.64,1043302.6,751.18,0.5904,1.83,577143.14,21427.53,55462.16,1.55,High
2024-08-27,DC002,Bengaluru AI Hub,Bengaluru,India,60,Liquid Cooling,0.09,0.62,42,4,99.95,1150153.36,785063.97,259788.5,35131.83,0.0,56350.46,26.86,60.78,7200,3616,3584,34.37,64.3,48.72,801444.06,103513.8,23380.96,61049.58,0.0,0.0,79.47,483064.41,667088.95,413.6,0.3596,1.465,365089.38,8128.53,8128.53,1.35,Low
2024-08-27,DC003,Delhi Enterprise DC,Delhi,India,35,Air Cooling,0.12,0.75,15,12,99.9,967663.37,515237.33,375485.54,22002.43,0.0,52408.3,33.79,37.31,4100,3708,392,77.21,60.24,44.37,472298.91,116119.6,45058.26,44239.84,0.0,0.0,66.05,145149.51,822513.86,616.89,0.6375,1.878,452426.04,20285.46,20285.46,1.55,High
2024-08-27,DC004,Hyderabad Cloud DC,Hyderabad,India,50,Hybrid Cooling,0.1,0.66,35,6,99.95,1036246.88,652897.84,289211.59,19787.5,0.0,54764.31,28.76,65.99,6100,3040,3060,31.89,60.99,34.93,634596.67,103624.69,28921.16,47737.19,0.0,0.0,76.15,362686.41,673560.47,444.55,0.429,1.587,383349.04,8954.5,8954.5,1.45,Medium
2024-08-27,DC005,Pune Backup DC,Pune,India,30,Air Cooling,0.095,0.68,28,8,99.8,572186.7,328198.91,199339.73,13854.0,2839.3,32031.19,25.9,68.29,3300,2102,1198,47.42,60.77,20.83,333677.04,54357.74,18937.27,42839.3,0.0,0.0,70.87,160212.28,411974.43,280.14,0.4896,1.743,243987.8,6030.45,6030.45,1.55,Medium
2024-08-28,DC001,Mumbai Core DC,Mumbai,India,45,Air Cooling,0.11,0.72,18,9,99.9,1194733.57,667885.07,420295.18,26327.1,0.0,58676.29,29.71,65.43,5200,3383,1817,53.75,60.48,27.72,512407.56,131420.69,46232.47,43030.69,0.0,0.0,65.95,215052.04,979681.52,705.37,0.5904,1.789,526848.49,17546.29,17546.29,1.55,High
2024-08-28,DC002,Bengaluru AI Hub,Bengaluru,India,60,Liquid Cooling,0.09,0.62,42,4,99.95,1207510.55,829122.01,292991.34,28930.46,0.0,67257.64,28.34,52.27,7200,5287,1913,61.2,61.43,56.4,836899.26,108675.95,26369.22,50771.99,15.5,19595.86,78.61,507154.43,700356.12,434.22,0.3596,1.456,378388.54,7937.63,27533.49,1.35,Medium
2024-08-28,DC003,Delhi Enterprise DC,Delhi,India,35,Air Cooling,0.12,0.75,15,12,99.9,923730.76,505576.26,355105.88,22340.39,0.0,50636.09,32.78,53.16,4100,3444,656,70.46,54.32,18.39,429181.35,110847.69,42612.71,41940.26,0.0,0.0,64.4,138559.61,785171.14,588.88,0.6375,1.827,418154.5,16810.51,16810.51,1.55,Medium
2024-08-28,DC004,Hyderabad Cloud DC,Hyderabad,India,50,Hybrid Cooling,0.1,0.66,35,6,99.95,1164216.45,700269.88,365921.08,23307.33,0.0,65513.26,31.19,45.74,6100,4902,1198,66.63,61.58,22.14,649753.36,116421.65,36592.11,52455.98,0.0,0.0,74.01,407475.76,756740.7,499.45,0.429,1.663,463946.57,14882.51,14882.51,1.45,Medium
2024-08-28,DC005,Pune Backup DC,Pune,India,30,Air Cooling,0.095,0.68,28,8,99.8,683696.85,389168.88,239643.23,11968.22,0.0,37493.02,29.57,71.13,3300,2919,381,75.79,62.13,33.07,327899.26,64951.2,22766.11,39166.18,0.0,0.0,68.25,191435.12,492261.73,334.74,0.4896,1.757,294527.97,7646.08,7646.08,1.55,Medium
2024-08-29,DC001,Mumbai Core DC,Mumbai,India,45,Air Cooling,0.11,0.72,18,9,99.9,1213769.9,649014.2,459516.76,28245.15,0.0,58306.3,34.39,69.67,5200,3697,1503,57.68,56.32,25.34,559503.68,133514.69,50546.84,53799.33,63.4,69019.64,54.19,218478.58,995291.32,716.61,0.5904,1.87,564755.7,22857.77,91877.41,1.55,High
2024-08-29,DC002,Bengaluru AI Hub,Bengaluru,India,60,Liquid Cooling,0.09,0.62,42,4,99.95,1202793.17,823890.44,271422.73,28600.55,0.0,67957.69,29.24,35.0,7200,4850,2350,49.8,66.03,64.57,809776.51,108251.39,24428.05,56946.48,0.0,0.0,79.6,505173.13,697620.04,432.52,0.3596,1.46,378902.73,8148.7,8148.7,1.35,Medium
2024-08-29,DC003,Delhi Enterprise DC,Delhi,India,35,Air Cooling,0.12,0.75,15,12,99.9,937951.05,510473.45,342331.9,20317.79,0.0,52057.18,31.61,52.03,4100,3292,808,62.99,60.27,59.06,467715.12,112554.13,41079.83,43313.01,0.0,0.0,66.67,140692.66,797258.39,597.94,0.6375,1.837,427477.6,17606.06,17606.06,1.55,Medium
2024-08-29,DC004,Hyderabad Cloud DC,Hyderabad,India,50,Hybrid Cooling,0.1,0.66,35,6,99.95,1142630.16,696559.87,338125.01,25573.83,0.0,61355.05,28.91,60.71,6100,4773,1327,63.53,70.26,35.84,638681.22,114263.02,33812.5,48224.17,0.0,0.0,74.56,399920.55,742709.6,490.19,0.429,1.64,446070.28,13261.83,13261.83,1.45,Medium
2024-08-29,DC005,Pune Backup DC,Pune,India,30,Air Cooling,0.095,0.68,28,8,99.8,677206.11,377063.41,252104.39,10463.29,7528.42,36616.3,28.55,77.43,3300,2588,712,62.5,75.97,33.27,326255.62,64334.58,23949.92,33834.86,0.0,0.0,69.91,189617.71,487588.4,331.56,0.4896,1.796,300142.7,8811.99,8811.99,1.55,Medium
2024-08-30,DC001,Mumbai Core DC,Mumbai,India,45,Air Cooling,0.11,0.72,18,9,99.9,1111817.34,603325.83,430437.42,17557.14,0.0,53836.97,30.46,75.33,5200,2750,2450,42.38,56.42,31.73,518186.42,122299.91,47348.12,44567.25,0.0,0.0,67.8,200127.12,911690.22,656.42,0.5904,1.843,508491.51,19432.85,19432.85,1.55,High
2024-08-30,DC002,Bengaluru AI Hub,Bengaluru,India,60,Liquid Cooling,0.09,0.62,42,4,99.95,1202191.84,826287.69,264281.43,33011.74,0.0,61722.39,27.83,48.42,7200,5569,1631,62.75,80.72,31.6,755243.81,108197.27,23785.33,54964.06,0.0,0.0,78.4,504920.57,697271.27,432.31,0.3596,1.455,375904.16,7803.31,7803.31,1.35,Medium
2024-08-30,DC003,Delhi Enterprise DC,Delhi,India,35,Air Cooling,0.12,0.75,15,12,99.9,873913.72,474695.03,336505.95,19500.33,7115.53,48604.6,33.28,48.23,4100,2794,1306,50.39,78.02,39.44,431318.35,104869.65,40380.71,34304.16,0.0,0.0,67.73,131087.06,742826.66,557.12,0.6375,1.841,399218.69,16576.37,16576.37,1.55,Medium
2024-08-30,DC004,Hyderabad Cloud DC,Hyderabad,India,50,Hybrid Cooling,0.1,0.66,35,6,99.95,1099638.16,682782.0,329265.14,30001.74,0.0,61239.68,27.21,71.19,6100,3968,2132,52.84,58.58,24.42,635883.7,109963.82,32926.51,43112.73,0.0,0.0,75.93,384873.36,714764.8,471.74,0.429,1.611,416856.15,10960.43,10960.43,1.45,Medium
2024-08-30,DC005,Pune Backup DC,Pune,India,30,Air Cooling,0.095,0.68,28,8,99.8,609706.28,350375.57,218353.8,9258.96,0.0,30036.17,30.78,62.43,3300,2548,752,60.75,73.35,22.84,320842.98,57922.1,20743.61,34153.01,0.0,0.0,71.3,170717.76,438988.52,298.51,0.4896,1.74,259330.71,6329.29,6329.29,1.55,Medium
2024-08-31,DC001,Mumbai Core DC,Mumbai,India,45,Air Cooling,0.11,0.72,18,9,99.9,1110909.91,617412.72,422081.51,27760.25,0.0,61207.54,28.64,53.75,5200,4243,957,70.0,80.72,33.16,488631.11,122200.09,46428.97,52478.35,0.0,0.0,64.25,199963.78,910946.13,655.88,0.5904,1.799,493497.19,16931.22,16931.22,1.55,High
2024-08-31,DC002,Bengaluru AI Hub,Bengaluru,India,60,Liquid Cooling,0.09,0.62,42,4,99.95,1062288.58,723135.8,260171.57,22891.36,7697.44,52977.27,30.35,61.94,7200,5093,2107,53.42,57.77,56.32,691522.62,95605.97,23415.44,49554.37,0.0,0.0,79.01,446161.2,616127.37,382.0,0.3596,1.469,339152.78,7744.97,7744.97,1.35,Low
2024-08-31,DC003,Delhi Enterprise DC,Delhi,India,35,Air Cooling,0.12,0.75,15,12,99.9,832571.05,428916.95,330402.97,18608.96,0.0,46018.52,32.8,46.33,4100,2817,1283,53.86,68.36,26.99,384686.15,99908.53,39648.36,37647.68,0.0,0.0,64.24,124885.66,707685.4,530.76,0.6375,1.941,403654.1,20129.97,20129.97,1.55,High
2024-08-31,DC004,Hyderabad Cloud DC,Hyderabad,India,50,Hybrid Cooling,0.1,0.66,35,6,99.95,1042885.5,642444.94,300113.72,22606.86,0.0,55813.76,29.91,59.62,6100,4394,1706,60.4,67.19,31.03,597669.46,104288.55,30011.37,56725.35,0.0,0.0,73.06,365009.92,677875.57,447.4,0.429,1.623,400440.55,11134.03,11134.03,1.45,Medium
2024-08-31,DC005,Pune Backup DC,Pune,India,30,Air Cooling,0.095,0.68,28,8,99.8,596020.29,341870.44,204080.8,9552.81,0.0,33615.14,27.19,53.25,3300,2807,493,75.06,86.77,24.74,284757.78,56621.93,19387.68,39269.29,0.0,0.0,66.33,166885.68,429134.61,291.81,0.4896,1.743,254149.84,6281.5,6281.5,1.55,Medium
2024-09-01,DC001,Mumbai Core DC,Mumbai,India,45,Air Cooling,0.11,0.72,18,9,99.9,1029455.23,580092.34,376380.7,17816.99,0.0,57936.46,29.09,49.05,5200,3693,1507,59.8,68.64,16.87,471411.05,113240.08,41401.88,49393.5,0.0,0.0,65.5,185301.94,844153.29,607.79,0.5904,1.775,449362.89,14334.33,14334.33,1.55,Medium
2024-09-01,DC002,Bengaluru AI Hub,Bengaluru,India,60,Liquid Cooling,0.09,0.62,42,4,99.95,1154981.14,768153.38,276965.01,24120.02,9927.23,63488.16,30.18,68.23,7200,5363,1837,60.31,67.65,48.74,681708.29,103948.3,24926.85,48425.81,0.0,0.0,77.65,485092.08,669889.06,415.33,0.3596,1.504,386827.76,10617.67,10617.67,1.35,Low
2024-09-01,DC003,Delhi Enterprise DC,Delhi,India,35,Air Cooling,0.12,0.75,15,12,99.9,781051.25,407855.39,306307.87,14116.41,0.0,38740.75,34.76,56.09,4100,2571,1529,48.34,63.83,31.37,414908.7,93726.15,36756.94,44954.12,48.2,91786.32,44.45,117157.69,663893.56,497.92,0.6375,1.915,373195.86,17865.05,109651.37,1.55,High
2024-09-01,DC004,Hyderabad Cloud DC,Hyderabad,India,50,Hybrid Cooling,0.1,0.66,35,6,99.95,1000111.9,627893.12,285805.06,17575.75,0.0,55112.73,26.93,61.77,6100,5065,1035,66.66,48.13,33.82,627949.75,100011.19,28580.51,53561.35,0.0,0.0,75.54,350039.16,650072.73,429.05,0.429,1.593,372218.77,8966.69,8966.69,1.45,Medium
2024-09-01,DC005,Pune Backup DC,Pune,India,30,Air Cooling,0.095,0.68,28,8,99.8,572512.22,329377.62,201559.0,9232.48,6507.97,27716.48,30.07,58.79,3300,2439,861,58.7,76.24,27.67,275790.34,54388.66,19148.1,40587.45,0.0,0.0,65.56,160303.42,412208.8,280.3,0.4896,1.738,243134.59,5887.81,5887.81,1.55,Medium
2024-09-02,DC001,Mumbai Core DC,Mumbai,India,45,Air Cooling,0.11,0.72,18,9,99.9,1156019.54,632046.17,446600.44,21446.95,0.0,59648.25,33.54,65.82,5200,3723,1477,54.5,64.68,22.48,576485.91,127162.15,49126.05,54187.38,0.0,0.0,68.54,208083.52,947936.02,682.51,0.5904,1.829,523973.37,19398.28,19398.28,1.55,High
2024-09-02,DC002,Bengaluru AI Hub,Bengaluru,India,60,Liquid Cooling,0.09,0.62,42,4,99.95,1207859.23,838430.22,261813.53,21934.64,5641.55,65931.11,25.4,54.13,7200,5464,1736,64.22,58.64,62.51,777227.21,108707.33,23563.22,64879.26,0.0,0.0,77.67,507300.88,700558.35,434.35,0.3596,1.441,369429.0,6838.06,6838.06,1.35,Medium
2024-09-02,DC003,Delhi Enterprise DC,Delhi,India,35,Air Cooling,0.12,0.75,15,12,99.9,849458.42,457174.63,329616.87,12809.46,0.0,41554.39,32.67,47.74,4100,2288,1812,38.14,64.19,31.39,453256.24,101935.01,39554.02,40765.78,0.0,0.0,68.52,127418.76,722039.66,541.53,0.6375,1.858,392283.79,16900.53,16900.53,1.55,High
2024-09-02,DC004,Hyderabad Cloud DC,Hyderabad,India,50,Hybrid Cooling,0.1,0.66,35,6,99.95,1241645.83,774001.99,362427.15,20871.61,0.0,66544.96,26.7,52.7,6100,5384,716,73.1,54.48,46.88,714083.64,124164.58,36242.72,49536.83,0.0,0.0,75.67,434576.04,807069.79,532.67,0.429,1.604,467643.84,11934.29,11934.29,1.45,Medium
2024-09-02,DC005,Pune Backup DC,Pune,India,30,Air Cooling,0.095,0.68,28,8,99.8,602876.8,340273.53,216293.6,11144.79,0.0,33663.4,28.18,66.89,3300,2200,1100,52.84,68.35,32.92,337908.24,57273.3,20547.89,33182.17,0.0,0.0,73.23,168805.5,434071.29,295.17,0.4896,1.772,262603.27,7168.02,7168.02,1.55,Medium
2024-09-03,DC001,Mumbai Core DC,Mumbai,India,45,Air Cooling,0.11,0.72,18,9,99.9,1277079.34,679132.7,492111.14,20038.31,0.0,61341.67,32.94,58.46,5200,4140,1060,66.99,57.72,28.62,574363.76,140478.73,54132.23,38990.17,0.0,0.0,68.75,229874.28,1047205.06,753.99,0.5904,1.88,597946.64,24686.6,24686.6,1.55,High
2024-09-03,DC002,Bengaluru AI Hub,Bengaluru,India,60,Liquid Cooling,0.09,0.62,42,4,99.95,1218496.96,855839.68,273139.05,32968.98,0.0,63981.63,27.63,63.64,7200,4779,2421,56.05,74.36,50.67,817837.81,109664.73,24582.51,63616.75,0.0,0.0,78.81,511768.72,706728.24,438.17,0.3596,1.424,362657.28,5680.21,5680.21,1.35,Medium
2024-09-03,DC003,Delhi Enterprise DC,Delhi,India,35,Air Cooling,0.12,0.75,15,12,99.9,921353.25,488964.59,356643.79,12726.83,0.0,51695.74,32.66,60.97,4100,3179,921,65.88,74.65,25.57,438452.41,110562.39,42797.26,46693.88,0.0,0.0,64.13,138202.99,783150.26,587.36,0.6375,1.884,432388.66,19614.98,19614.98,1.55,High
2024-09-03,DC004,Hyderabad Cloud DC,Hyderabad,India,50,Hybrid Cooling,0.1,0.66,35,6,99.95,1160672.72,710302.3,349962.82,26036.55,9918.05,60149.24,29.49,49.69,6100,4535,1565,58.14,50.36,34.44,674532.73,116067.27,34996.28,62947.46,101.9,116181.38,56.24,406235.45,754437.27,497.93,0.429,1.634,450370.42,13073.44,129254.82,1.45,High
2024-09-03,DC005,Pune Backup DC,Pune,India,30,Air Cooling,0.095,0.68,28,8,99.8,730921.91,406128.89,263434.57,13591.17,0.0,35447.97,27.42,71.37,3300,3036,264,84.88,61.61,30.16,319151.63,69437.58,25026.28,30984.66,0.0,0.0,68.53,204658.13,526263.78,357.86,0.4896,1.8,324793.02,9635.1,9635.1,1.55,Medium
2024-09-04,DC001,Mumbai Core DC,Mumbai,India,45,Air Cooling,0.11,0.72,18,9,99.9,1146441.84,618679.99,433840.01,26727.12,0.0,55981.55,35.55,51.41,5200,2826,2374,41.43,84.12,18.29,518031.26,126108.6,47722.4,56352.97,0.0,0.0,64.78,206359.53,940082.31,676.86,0.5904,1.853,527761.85,20623.66,20623.66,1.55,High
2024-09-04,DC002,Bengaluru AI Hub,Bengaluru,India,60,Liquid Cooling,0.09,0.62,42,4,99.95,1264009.35,853784.74,276449.14,27763.63,5669.21,64404.52,28.48,50.13,7200,6005,1195,70.97,75.63,45.54,738552.28,113760.84,24880.42,60412.65,0.0,0.0,76.42,530883.93,733125.43,454.54,0.3596,1.48,410224.62,10026.0,10026.0,1.35,Medium
2024-09-04,DC003,Delhi Enterprise DC,Delhi,India,35,Air Cooling,0.12,0.75,15,12,99.9,896788.33,472758.38,347840.43,12975.63,7364.57,45195.2,35.56,51.33,4100,2837,1263,55.43,75.56,33.14,416048.17,107614.6,41740.85,55861.44,111.9,132564.4,28.84,134518.25,762270.08,571.7,0.6375,1.897,424029.95,19681.54,152245.94,1.55,High
2024-09-04,DC004,Hyderabad Cloud DC,Hyderabad,India,50,Hybrid Cooling,0.1,0.66,35,6,99.95,1121686.71,712030.47,321332.7,29679.27,0.0,61478.92,29.83,58.3,6100,4283,1817,58.9,63.01,36.73,623634.65,112168.67,32133.27,51263.91,0.0,0.0,73.79,392590.35,729096.36,481.2,0.429,1.575,409656.24,8924.25,8924.25,1.45,Medium
2024-09-04,DC005,Pune Backup DC,Pune,India,30,Air Cooling,0.095,0.68,28,8,99.8,625954.77,342619.35,233109.26,12618.61,0.0,31574.44,28.63,46.48,3300,2435,865,60.22,76.95,24.03,331034.32,59465.7,22145.38,34543.82,0.0,0.0,71.6,175267.34,450687.44,306.47,0.4896,1.827,283335.42,9015.0,9015.0,1.55,Medium
2024-09-05,DC001,Mumbai Core DC,Mumbai,India,45,Air Cooling,0.11,0.72,18,9,99.9,1221626.07,704601.58,434702.57,25476.0,0.0,59852.25,28.5,70.91,5200,4460,740,75.53,65.21,21.27,509295.75,134378.87,47817.28,51646.35,0.0,0.0,63.47,219892.69,1001733.38,721.25,0.5904,1.734,517024.49,14244.3,14244.3,1.55,High
2024-09-05,DC002,Bengaluru AI Hub,Bengaluru,India,60,Liquid Cooling,0.09,0.62,42,4,99.95,1267197.38,899330.62,266096.97,37754.43,0.0,63698.82,25.28,74.57,7200,6040,1160,67.41,63.31,53.78,790082.36,114047.76,23948.73,66841.92,0.0,0.0,77.1,532222.9,734974.48,455.68,0.3596,1.409,367866.76,4779.09,4779.09,1.35,Medium
2024-09-05,DC003,Delhi Enterprise DC,Delhi,India,35,Air Cooling,0.12,0.75,15,12,99.9,900501.15,493185.43,344454.87,18599.65,0.0,45463.71,31.51,61.27,4100,3175,925,61.53,81.95,25.38,433663.36,108060.14,41334.58,47170.6,0.0,0.0,64.2,135075.17,765425.97,574.07,0.6375,1.826,407315.71,16327.65,16327.65,1.55,Medium
2024-09-05,DC004,Hyderabad Cloud DC,Hyderabad,India,50,Hybrid Cooling,0.1,0.66,35,6,99.95,1043147.9,659382.67,307198.67,23732.31,0.0,51975.67,31.64,71.0,6100,3980,2120,48.31,70.09,17.96,641527.1,104314.79,30719.87,49610.66,0.0,0.0,76.01,365101.76,678046.13,447.51,0.429,1.582,383765.23,8704.3,8704.3,1.45,Medium
2024-09-05,DC005,Pune Backup DC,Pune,India,30,Air Cooling,0.095,0.68,28,8,99.8,635843.16,360866.22,233762.81,11176.97,4338.82,32266.63,27.4,56.14,3300,2174,1126,54.44,63.55,27.93,328323.74,60405.1,22207.47,30073.58,0.0,0.0,72.44,178036.08,457807.07,311.31,0.4896,1.762,274976.94,7267.55,7267.55,1.55,Medium
2024-09-06,DC001,Mumbai Core DC,Mumbai,India,45,Air Cooling,0.11,0.72,18,9,99.9,1256774.61,704766.5,471077.5,24400.58,0.0,66517.9,29.97,68.09,5200,4784,416,77.07,63.93,50.16,595727.47,138245.21,51818.53,55458.66,0.0,0.0,67.48,226219.43,1030555.18,742.0,0.5904,1.783,552008.11,18082.52,18082.52,1.55,High
2024-09-06,DC002,Bengaluru AI Hub,Bengaluru,India,60,Liquid Cooling,0.09,0.62,42,4,99.95,1166434.06,809281.72,248069.46,31508.29,0.0,61909.73,27.1,73.99,7200,4673,2527,51.05,61.77,51.41,741599.09,104979.07,22326.25,65449.99,0.0,0.0,77.02,489902.31,676531.76,419.45,0.3596,1.441,357152.34,6651.34,6651.34,1.35,Low
2024-09-06,DC003,Delhi Enterprise DC,Delhi,India,35,Air Cooling,0.12,0.75,15,12,99.9,869896.54,459512.25,340943.42,18880.36,3008.08,45339.33,32.0,54.72,4100,2400,1700,47.8,67.27,37.38,468125.07,104387.58,40913.21,43826.56,0.0,0.0,68.34,130484.48,739412.06,554.56,0.6375,1.893,410384.28,18918.31,18918.31,1.55,High
2024-09-06,DC004,Hyderabad Cloud DC,Hyderabad,India,50,Hybrid Cooling,0.1,0.66,35,6,99.95,1124775.95,695739.73,334380.06,18747.65,5945.81,57045.71,29.57,68.65,6100,4072,2028,55.94,70.22,27.22,671169.09,112477.6,33438.01,47203.73,0.0,0.0,76.21,393671.58,731104.37,482.53,0.429,1.617,429036.22,11595.33,11595.33,1.45,Medium
2024-09-06,DC005,Pune Backup DC,Pune,India,30,Air Cooling,0.095,0.68,28,8,99.8,650640.76,364327.39,232040.17,9633.56,0.0,31246.21,26.6,61.61,3300,2812,488,69.96,54.37,31.56,312346.57,61810.87,22043.82,41154.17,18.3,16795.51,61.66,182179.41,468461.35,318.55,0.4896,1.786,286313.37,8163.66,24959.17,1.55,Medium
2024-09-07,DC001,Mumbai Core DC,Mumbai,India,45,Air Cooling,0.11,0.72,18,9,99.9,1034327.01,599280.05,367884.53,24429.79,0.0,50494.57,28.92,42.94,5200,3617,1583,56.95,69.66,33.32,467245.75,113775.97,40467.3,48621.18,0.0,0.0,65.24,186178.86,848148.14,610.67,0.5904,1.726,435046.95,11598.72,11598.72,1.55,Medium
2024-09-07,DC002,Bengaluru AI Hub,Bengaluru,India,60,Liquid Cooling,0.09,0.62,42,4,99.95,1050428.04,729671.17,245079.35,22296.93,5215.89,51532.39,26.56,64.7,7200,5319,1881,59.72,84.49,47.52,668721.51,94538.52,22057.14,54358.13,0.0,0.0,77.73,441179.78,609248.26,377.73,0.3596,1.44,320756.87,5883.48,5883.48,1.35,Low
2024-09-07,DC003,Delhi Enterprise DC,Delhi,India,35,Air Cooling,0.12,0.75,15,12,99.9,765419.47,428705.03,288221.68,12671.02,0.0,43074.78,31.22,46.2,4100,3091,1009,59.34,66.71,35.04,384768.87,91850.34,34586.6,41436.51,0.0,0.0,65.36,114812.92,650606.55,487.95,0.6375,1.785,336714.44,12111.2,12111.2,1.55,Medium
2024-09-07,DC004,Hyderabad Cloud DC,Hyderabad,India,50,Hybrid Cooling,0.1,0.66,35,6,99.95,987791.73,605363.83,308594.34,18741.45,0.0,49610.97,31.05,67.61,6100,3947,2153,53.23,72.45,22.7,604635.43,98779.17,30859.43,46746.8,0.0,0.0,75.93,345727.1,642064.62,423.76,0.429,1.632,382427.9,11001.42,11001.42,1.45,Medium
2024-09-07,DC005,Pune Backup DC,Pune,India,30,Air Cooling,0.095,0.68,28,8,99.8,553934.96,312838.32,197174.81,11263.1,0.0,30567.5,27.05,57.3,3300,2522,778,61.09,54.23,23.88,303265.45,52623.82,18731.61,31299.73,0.0,0.0,72.33,155101.79,398833.17,271.21,0.4896,1.771,241096.65,6558.38,6558.38,1.55,Medium
2024-09-08,DC001,Mumbai Core DC,Mumbai,India,45,Air Cooling,0.11,0.72,18,9,99.9,1094314.73,598380.35,410314.09,26453.69,4593.45,53015.97,28.89,72.11,5200,3811,1389,62.77,56.35,31.07,527655.49,120374.62,45134.55,41509.97,0.0,0.0,69.32,196976.65,897338.08,646.08,0.5904,1.829,495934.37,18350.77,18350.77,1.55,Medium
2024-09-08,DC002,Bengaluru AI Hub,Bengaluru,India,60,Liquid Cooling,0.09,0.62,42,4,99.95,1055965.81,725453.52,247056.77,24437.66,0.0,55783.62,27.8,67.99,7200,4842,2358,54.95,40.75,47.29,745652.73,95036.92,22235.11,55551.3,0.0,0.0,79.8,443505.64,612460.17,379.73,0.3596,1.456,330512.28,6894.32,6894.32,1.35,Low
2024-09-08,DC003,Delhi Enterprise DC,Delhi,India,35,Air Cooling,0.12,0.75,15,12,99.9,861403.26,443089.77,346581.29,14517.9,0.0,43828.86,34.47,39.44,4100,2806,1294,56.83,61.79,24.25,373249.89,103368.39,41589.75,46659.17,73.5,141800.91,21.81,129210.49,732192.77,549.14,0.6375,1.944,418313.49,20953.69,162754.61,1.55,High
2024-09-08,DC004,Hyderabad Cloud DC,Hyderabad,India,50,Hybrid Cooling,0.1,0.66,35,6,99.95,1019786.67,652037.96,282287.91,23835.26,3360.78,50177.5,26.51,41.61,6100,4818,1282,63.72,60.2,29.52,621729.26,101978.67,28228.79,45303.65,0.0,0.0,76.31,356925.34,662861.34,437.49,0.429,1.564,367748.71,7433.16,7433.16,1.45,Medium
2024-09-08,DC005,Pune Backup DC,Pune,India,30,Air Cooling,0.095,0.68,28,8,99.8,558647.97,318490.18,193587.77,10469.74,0.0,27200.59,29.3,47.98,3300,2018,1282,49.37,71.27,28.64,267602.31,53071.56,18390.84,28852.71,0.0,0.0,69.39,156421.43,402226.54,273.51,0.4896,1.754,240157.79,6173.88,6173.88,1.55,Medium
2024-09-09,DC001,Mumbai Core DC,Mumbai,India,45,Air Cooling,0.11,0.72,18,9,99.9,1160681.25,626666.74,441785.85,15906.04,0.0,61443.88,30.26,45.9,5200,2427,2773,34.49,54.51,34.79,531016.9,127674.94,48596.44,58601.35,0.0,0.0,64.92,208922.62,951758.62,685.27,0.5904,1.852,534014.51,20828.26,20828.26,1.55,High
2024-09-09,DC002,Bengaluru AI Hub,Bengaluru,India,60,Liquid Cooling,0.09,0.62,42,4,99.95,1223822.89,835317.47,268996.68,37447.2,0.0,62330.28,25.22,60.0,7200,4895,2305,52.86,69.04,40.11,747225.01,110144.06,24209.7,47355.87,0.0,0.0,78.92,514005.61,709817.28,440.09,0.3596,1.465,388505.42,8652.99,8652.99,1.35,Medium
2024-09-09,DC003,Delhi Enterprise DC,Delhi,India,35,Air Cooling,0.12,0.75,15,12,99.9,869874.82,454661.49,358604.5,20400.44,0.0,47151.1,35.62,49.63,4100,2249,1851,44.77,57.71,17.45,404370.96,104384.98,43032.54,48294.87,0.0,0.0,62.24,130481.22,739393.59,554.55,0.6375,1.913,415213.32,19817.94,19817.94,1.55,High
2024-09-09,DC004,Hyderabad Cloud DC,Hyderabad,India,50,Hybrid Cooling,0.1,0.66,35,6,99.95,1090384.24,673110.67,324128.53,19113.76,0.0,56076.82,30.82,52.75,6100,4209,1891,58.13,73.23,22.79,679095.08,109038.42,32412.85,45981.99,0.0,0.0,77.17,381634.49,708749.76,467.77,0.429,1.62,417273.57,11437.38,11437.38,1.45,Medium
2024-09-09,DC005,Pune Backup DC,Pune,India,30,Air Cooling,0.095,0.68,28,8,99.8,652077.18,370685.17,230286.38,14350.34,0.0,35955.54,29.51,65.5,3300,2621,679,65.62,58.41,31.11,300516.8,61947.33,21877.21,26743.2,0.0,0.0,70.49,182581.61,469495.57,319.26,0.4896,1.759,281392.01,7363.94,7363.94,1.55,Medium
2024-09-10,DC001,Mumbai Core DC,Mumbai,India,45,Air Cooling,0.11,0.72,18,9,99.9,1266508.45,710623.17,450835.23,31627.27,0.0,69238.35,28.38,49.6,5200,4784,416,88.0,73.75,36.36,528285.94,139315.93,49591.88,46207.38,28.8,56842.51,54.12,227971.52,1038536.93,747.75,0.5904,1.782,555885.28,18154.68,74997.18,1.55,High
2024-09-10,DC002,Bengaluru AI Hub,Bengaluru,India,60,Liquid Cooling,0.09,0.62,42,4,99.95,1203172.61,839299.83,267710.8,31091.39,0.0,60366.26,23.88,50.17,7200,4093,3107,43.62,64.76,65.02,767049.06,108285.53,24093.97,50903.89,0.0,0.0,79.25,505332.49,697840.11,432.66,0.3596,1.434,363872.77,6310.6,6310.6,1.35,Medium
2024-09-10,DC003,Delhi Enterprise DC,Delhi,India,35,Air Cooling,0.12,0.75,15,12,99.9,954447.11,512642.23,350725.09,21401.11,3347.36,48925.48,32.19,66.16,4100,3081,1019,61.32,68.45,34.58,439848.64,114533.65,42087.01,43138.0,134.6,131046.9,34.36,143167.07,811280.04,608.46,0.6375,1.862,441804.88,19182.2,150229.1,1.55,High
2024-09-10,DC004,Hyderabad Cloud DC,Hyderabad,India,50,Hybrid Cooling,0.1,0.66,35,6,99.95,1051318.21,646468.45,326156.18,24811.55,10750.52,55487.07,29.6,63.16,6100,3492,2608,44.78,67.94,29.08,655660.9,105131.82,32615.62,43920.77,0.0,0.0,77.27,367961.37,683356.84,451.02,0.429,1.626,404849.77,11393.9,11393.9,1.45,Medium
2024-09-10,DC005,Pune Backup DC,Pune,India,30,Air Cooling,0.095,0.68,28,8,99.8,687871.06,391921.34,236795.77,13216.68,0.0,34733.43,28.05,56.1,3300,2884,416,76.79,55.61,26.85,299649.17,65347.75,22495.6,34002.42,0.0,0.0,66.84,192603.9,495267.16,336.78,0.4896,1.755,295949.72,7637.33,7637.33,1.55,Medium
2024-09-11,DC001,Mumbai Core DC,Mumbai,India,45,Air Cooling,0.11,0.72,18,9,99.9,1144747.84,636762.67,432850.85,17851.66,0.0,61964.11,33.09,56.2,5200,3753,1447,54.29,75.51,29.08,563773.56,125922.26,47613.59,45591.61,0.0,0.0,69.58,206054.61,938693.23,675.86,0.5904,1.798,507985.17,17354.23,17354.23,1.55,High
2024-09-11,DC002,Bengaluru AI Hub,Bengaluru,India,60,Liquid Cooling,0.09,0.62,42,4,99.95,1295233.44,871048.9,312698.15,24833.61,0.0,62086.12,28.89,64.26,7200,6363,837,71.87,71.6,52.91,819214.35,116571.01,28142.83,61491.94,0.0,0.0,78.26,543998.04,751235.39,465.77,0.3596,1.487,424184.54,10738.57,10738.57,1.35,Medium
2024-09-11,DC003,Delhi Enterprise DC,Delhi,India,35,Air Cooling,0.12,0.75,15,12,99.9,840068.21,457957.57,322400.38,20146.82,0.0,41032.19,30.15,51.23,4100,2719,1381,49.02,61.34,24.67,462435.7,100808.19,38688.05,41391.86,0.0,0.0,69.25,126010.23,714057.98,535.54,0.6375,1.834,382110.64,15628.08,15628.08,1.55,Medium
2024-09-11,DC004,Hyderabad Cloud DC,Hyderabad,India,50,Hybrid Cooling,0.1,0.66,35,6,99.95,1099183.68,697862.22,325232.97,26353.39,0.0,53950.98,30.64,63.93,6100,4075,2025,49.72,75.05,29.28,614525.87,109918.37,32523.3,39349.55,0.0,0.0,75.71,384714.29,714469.39,471.55,0.429,1.575,401321.46,8728.35,8728.35,1.45,Medium
2024-09-11,DC005,Pune Backup DC,Pune,India,30,Air Cooling,0.095,0.68,28,8,99.8,729278.98,407588.16,255834.4,15474.35,0.0,35203.22,28.78,62.42,3300,3036,264,88.0,71.89,23.91,295438.32,69281.5,24304.27,42322.39,0.0,0.0,62.22,204198.12,525080.87,357.05,0.4896,1.789,321690.82,9264.15,9264.15,1.55,Medium
2024-09-12,DC001,Mumbai Core DC,Mumbai,India,45,Air Cooling,0.11,0.72,18,9,99.9,1173938.68,643640.69,462971.4,17382.04,0.0,60438.53,32.01,50.17,5200,3145,2055,45.11,73.58,20.83,558958.23,129133.25,50926.85,45063.19,0.0,0.0,68.84,211308.96,962629.72,693.09,0.5904,1.824,530297.99,19392.52,19392.52,1.55,High
2024-09-12,DC002,Bengaluru AI Hub,Bengaluru,India,60,Liquid Cooling,0.09,0.62,42,4,99.95,1249783.13,856168.19,267956.85,24702.25,0.0,60234.83,27.82,62.28,7200,5547,1653,65.81,74.23,56.96,811041.77,112480.48,24116.12,63050.07,0.0,0.0,78.36,524908.92,724874.22,449.42,0.3596,1.46,393614.95,8456.05,8456.05,1.35,Medium
2024-09-12,DC003,Delhi Enterprise DC,Delhi,India,35,Air Cooling,0.12,0.75,15,12,99.9,900829.43,489301.01,332213.94,20579.94,0.0,50476.69,32.31,65.22,4100,3240,860,61.55,53.23,37.14,411101.77,108099.53,39865.67,50448.95,0.0,0.0,61.43,135124.42,765705.02,574.28,0.6375,1.841,411528.42,17089.54,17089.54,1.55,Medium
2024-09-12,DC004,Hyderabad Cloud DC,Hyderabad,India,50,Hybrid Cooling,0.1,0.66,35,6,99.95,1027236.99,647159.26,313190.1,19288.76,0.0,49435.06,30.53,54.46,6100,3126,2974,38.38,41.79,20.0,638108.16,102723.7,31319.01,61022.15,0.0,0.0,74.34,359532.95,667704.04,440.68,0.429,1.587,380077.73,8885.61,8885.61,1.45,Medium
2024-09-12,DC005,Pune Backup DC,Pune,India,30,Air Cooling,0.095,0.68,28,8,99.8,645373.62,374599.67,224614.18,14278.14,0.0,32549.57,28.52,57.63,3300,2599,701,62.69,63.62,42.46,323469.98,61310.49,21338.35,26203.59,0.0,0.0,72.95,180704.61,464669.01,315.97,0.4896,1.723,270773.95,6150.69,6150.69,1.55,Medium
2024-09-13,DC001,Mumbai Core DC,Mumbai,India,45,Air Cooling,0.11,0.72,18,9,99.9,1185199.89,678163.37,410992.02,30454.78,0.0,63714.53,28.8,57.31,5200,3758,1442,59.52,78.44,37.61,551586.78,130371.99,45209.12,55446.14,0.0,0.0,66.31,213335.98,971863.91,699.74,0.5904,1.748,507036.52,14745.13,14745.13,1.55,High
2024-09-13,DC002,Bengaluru AI Hub,Bengaluru,India,60,Liquid Cooling,0.09,0.62,42,4,99.95,1201511.89,840852.64,264594.01,26455.96,0.0,63800.02,26.85,77.65,7200,5662,1538,64.05,58.79,46.74,799969.07,108136.07,23813.46,57509.47,0.0,0.0,79.29,504634.99,696876.9,432.06,0.3596,1.429,360659.26,5972.47,5972.47,1.35,Medium
2024-09-13,DC003,Delhi Enterprise DC,Delhi,India,35,Air Cooling,0.12,0.75,15,12,99.9,839694.38,456261.27,333370.93,16363.55,0.0,43089.85,31.83,39.11,4100,2695,1405,50.65,63.85,25.23,432760.8,100763.33,40004.51,41226.85,0.0,0.0,67.19,125954.16,713740.22,535.31,0.6375,1.84,383433.11,15898.73,15898.73,1.55,Medium
2024-09-13,DC004,Hyderabad Cloud DC,Hyderabad,India,50,Hybrid Cooling,0.1,0.66,35,6,99.95,1152328.05,715961.62,330936.14,22178.21,0.0,57433.47,27.54,67.72,6100,4996,1104,64.5,74.32,34.17,675508.46,115232.8,33093.61,48979.95,15.8,22888.48,72.3,403314.82,749013.23,494.35,0.429,1.609,436366.43,11418.37,34306.85,1.45,Medium
2024-09-13,DC005,Pune Backup DC,Pune,India,30,Air Cooling,0.095,0.68,28,8,99.8,659841.44,386452.24,230950.91,11840.77,0.0,32622.64,29.0,55.19,3300,2892,408,73.67,73.7,27.63,327674.21,62684.94,21940.34,26106.9,0.0,0.0,72.9,184755.6,475085.84,323.06,0.4896,1.707,273389.2,5779.84,5779.84,1.55,Medium
2024-09-14,DC001,Mumbai Core DC,Mumbai,India,45,Air Cooling,0.11,0.72,18,9,99.9,990411.78,554103.45,371257.46,17347.04,0.0,50786.51,30.2,56.33,5200,3089,2111,46.22,85.0,43.93,476835.69,108945.3,40838.32,44534.61,0.0,0.0,67.81,178274.12,812137.66,584.74,0.5904,1.787,436308.33,14470.66,14470.66,1.55,Medium
2024-09-14,DC002,Bengaluru AI Hub,Bengaluru,India,60,Liquid Cooling,0.09,0.62,42,4,99.95,1019753.96,728745.54,219452.6,21457.78,0.0,53550.92,25.78,60.19,7200,4653,2547,53.48,70.75,54.46,706708.85,91777.86,19750.73,66917.86,0.0,0.0,77.54,428296.66,591457.3,366.7,0.3596,1.399,291008.43,3235.27,3235.27,1.35,Low
2024-09-14,DC003,Delhi Enterprise DC,Delhi,India,35,Air Cooling,0.12,0.75,15,12,99.9,830852.27,439313.58,321080.98,16256.7,0.0,42772.51,29.46,66.35,4100,2775,1325,56.43,64.36,47.12,384027.22,99702.27,38529.72,49285.64,0.0,0.0,61.2,124627.84,706224.43,529.67,0.6375,1.891,391538.69,17989.95,17989.95,1.55,High
2024-09-14,DC004,Hyderabad Cloud DC,Hyderabad,India,50,Hybrid Cooling,0.1,0.66,35,6,99.95,933062.42,586432.21,275965.06,15048.05,9631.51,45990.15,29.88,67.13,6100,4147,1953,50.07,73.36,24.8,550153.72,93306.24,27596.51,45760.28,62.6,126578.85,51.71,326571.85,606490.57,400.28,0.429,1.591,346630.21,8273.57,134852.42,1.45,High
2024-09-14,DC005,Pune Backup DC,Pune,India,30,Air Cooling,0.095,0.68,28,8,99.8,558020.8,325114.13,196958.23,12056.5,0.0,29893.33,28.09,72.96,3300,2518,782,64.37,71.12,37.98,273512.27,53011.98,18711.03,30427.53,0.0,0.0,69.49,156245.83,401774.98,273.21,0.4896,1.716,232906.67,5138.92,5138.92,1.55,Medium
2024-09-15,DC001,Mumbai Core DC,Mumbai,India,45,Air Cooling,0.11,0.72,18,9,99.9,1073975.67,592043.87,397315.05,23410.53,0.0,53593.62,31.94,53.85,5200,3310,1890,49.73,58.41,30.7,468886.54,118137.32,43704.66,58187.94,0.0,0.0,62.39,193315.62,880660.05,634.08,0.5904,1.814,481931.8,17193.84,17193.84,1.55,Medium
2024-09-15,DC002,Bengaluru AI Hub,Bengaluru,India,60,Liquid Cooling,0.09,0.62,42,4,99.95,1086271.45,767904.35,232765.83,24288.78,0.0,56270.08,26.84,60.52,7200,5306,1894,56.37,58.78,74.39,695969.13,97764.43,20948.92,52509.1,0.0,0.0,78.41,456234.01,630037.44,390.62,0.3596,1.415,318367.1,4464.05,4464.05,1.35,Low
2024-09-15,DC003,Delhi Enterprise DC,Delhi,India,35,Air Cooling,0.12,0.75,15,12,99.9,757255.12,427830.58,273751.58,12208.53,0.0,36728.4,29.0,43.48,4100,2858,1242,51.92,58.54,42.44,395285.58,90870.61,32850.19,51084.96,57.2,88214.86,41.77,113588.27,643666.85,482.75,0.6375,1.77,329424.54,11294.13,99508.99,1.55,High
2024-09-15,DC004,Hyderabad Cloud DC,Hyderabad,India,50,Hybrid Cooling,0.1,0.66,35,6,99.95,1020559.9,627942.93,308485.33,20606.47,0.0,49116.51,29.81,71.86,6100,4492,1608,62.41,54.94,35.99,563600.9,102055.99,30848.53,48131.12,0.0,0.0,73.35,357195.97,663363.94,437.82,0.429,1.625,392616.97,11004.27,11004.27,1.45,Medium
2024-09-15,DC005,Pune Backup DC,Pune,India,30,Air Cooling,0.095,0.68,28,8,99.8,541120.06,310031.61,191535.16,10929.41,0.0,26322.26,28.65,72.94,3300,2110,1190,53.37,77.76,21.7,300331.84,51406.41,18195.84,27987.93,0.0,0.0,73.56,151513.62,389606.44,264.93,0.4896,1.745,231088.45,5754.25,5754.25,1.55,Medium
2024-09-16,DC001,Mumbai Core DC,Mumbai,India,45,Air Cooling,0.11,0.72,18,9,99.9,1280307.89,680542.66,495614.58,28905.39,0.0,64256.9,33.46,62.61,5200,3990,1210,60.72,60.31,47.06,569667.63,140833.87,54517.6,48798.45,0.0,0.0,66.71,230455.42,1049852.47,755.89,0.5904,1.881,599765.23,24801.34,24801.34,1.55,High
2024-09-16,DC002,Bengaluru AI Hub,Bengaluru,India,60,Liquid Cooling,0.09,0.62,42,4,99.95,1280660.58,867524.61,284726.44,31580.06,0.0,71667.02,28.36,66.16,7200,4988,2212,58.46,63.73,66.34,753955.4,115259.45,25625.38,65233.74,0.0,0.0,76.06,537877.44,742783.14,460.53,0.3596,1.476,413135.96,9855.21,9855.21,1.35,Medium
2024-09-16,DC003,Delhi Enterprise DC,Delhi,India,35,Air Cooling,0.12,0.75,15,12,99.9,912223.37,482041.37,354826.49,14175.19,0.0,47604.71,30.9,50.89,4100,2739,1361,55.35,58.44,36.84,466125.27,109466.8,42579.18,46982.61,0.0,0.0,66.44,136833.5,775389.86,581.54,0.6375,1.892,430182.0,19807.11,19807.11,1.55,High
2024-09-16,DC004,Hyderabad Cloud DC,Hyderabad,India,50,Hybrid Cooling,0.1,0.66,35,6,99.95,1039868.8,665448.98,290038.75,20542.48,3899.84,52447.33,25.52,59.31,6100,4012,2088,49.77,48.27,28.76,642256.36,103986.88,29003.87,46981.17,0.0,0.0,76.49,363954.08,675914.72,446.1,0.429,1.563,374419.83,7496.78,7496.78,1.45,Medium
2024-09-16,DC005,Pune Backup DC,Pune,India,30,Air Cooling,0.095,0.68,28,8,99.8,666481.17,380754.69,234344.44,10607.78,0.0,36313.38,24.68,74.7,3300,2667,633,67.76,65.28,29.29,329542.02,63315.71,22262.72,34322.4,0.0,0.0,70.37,186614.73,479866.44,326.31,0.4896,1.75,285726.48,7249.58,7249.58,1.55,Medium
2024-09-17,DC001,Mumbai Core DC,Mumbai,India,45,Air Cooling,0.11,0.72,18,9,99.9,1113585.1,626045.23,394303.17,21123.85,0.0,55172.1,30.12,48.82,5200,3599,1601,53.74,66.41,27.19,577502.31,122494.36,43373.35,49997.75,0.0,0.0,70.13,200445.32,913139.78,657.46,0.5904,1.779,487539.87,15753.65,15753.65,1.55,High
2024-09-17,DC002,Bengaluru AI Hub,Bengaluru,India,60,Liquid Cooling,0.09,0.62,42,4,99.95,1303628.77,874349.97,296287.65,29966.44,5675.43,65788.41,27.83,72.22,7200,5546,1654,59.75,66.0,49.07,796664.68,117326.59,26665.89,49636.55,0.0,0.0,79.04,547524.08,756104.69,468.78,0.3596,1.491,429278.8,11093.07,11093.07,1.35,Medium
2024-09-17,DC003,Delhi Enterprise DC,Delhi,India,35,Air Cooling,0.12,0.75,15,12,99.9,820348.84,438529.6,335996.36,12331.98,0.0,41581.36,33.5,64.09,4100,2163,1937,34.9,71.15,23.82,406067.72,98441.86,40319.56,45335.48,0.0,0.0,64.59,123052.33,697296.51,522.97,0.6375,1.871,381819.24,16875.35,16875.35,1.55,High
2024-09-17,DC004,Hyderabad Cloud DC,Hyderabad,India,50,Hybrid Cooling,0.1,0.66,35,6,99.95,1110584.87,706957.2,336255.47,17735.35,0.0,53478.55,29.91,62.6,6100,4033,2067,49.85,51.62,42.67,648836.81,111058.49,33625.55,60332.4,0.0,0.0,73.58,388704.71,721880.17,476.44,0.429,1.571,403627.67,8549.69,8549.69,1.45,Medium
2024-09-17,DC005,Pune Backup DC,Pune,India,30,Air Cooling,0.095,0.68,28,8,99.8,605693.75,331217.18,221217.12,12756.47,10549.47,29904.64,28.67,59.44,3300,1971,1329,42.8,75.14,37.64,327688.12,57540.91,21015.63,35785.1,0.0,0.0,71.52,169594.25,436099.5,296.55,0.4896,1.829,274476.57,8769.18,8769.18,1.55,Medium
2024-09-18,DC001,Mumbai Core DC,Mumbai,India,45,Air Cooling,0.11,0.72,18,9,99.9,1340329.71,693835.18,544445.97,29511.7,0.0,74981.26,36.21,58.82,5200,4030,1170,65.49,56.68,24.59,521910.1,147436.27,59889.06,43626.38,0.0,0.0,63.39,241259.35,1099070.36,791.33,0.5904,1.932,646494.52,29137.37,29137.37,1.55,High
2024-09-18,DC002,Bengaluru AI Hub,Bengaluru,India,60,Liquid Cooling,0.09,0.62,42,4,99.95,1268935.2,909592.94,259950.83,24709.66,0.0,64633.53,24.58,46.25,7200,5787,1413,68.66,79.46,62.58,808168.62,114204.17,23395.57,68265.79,0.0,0.0,77.42,532952.78,735982.41,456.31,0.3596,1.395,359342.26,3688.63,3688.63,1.35,Medium
2024-09-18,DC003,Delhi Enterprise DC,Delhi,India,35,Air Cooling,0.12,0.75,15,12,99.9,906539.06,497288.86,352337.87,18778.2,0.0,43945.0,32.59,81.47,4100,3004,1096,57.22,55.25,37.94,461973.54,108784.69,42280.54,43924.62,0.0,0.0,66.94,135980.86,770558.2,577.92,0.6375,1.823,409250.2,16288.96,16288.96,1.55,Medium
2024-09-18,DC004,Hyderabad Cloud DC,Hyderabad,India,50,Hybrid Cooling,0.1,0.66,35,6,99.95,1150530.84,729381.91,334491.33,27344.02,10338.48,64506.11,29.71,71.22,6100,4743,1357,66.02,64.08,39.68,670683.94,115053.08,33449.13,52063.28,0.0,0.0,75.08,402685.8,747845.05,493.58,0.429,1.577,421148.94,9292.71,9292.71,1.45,Medium
2024-09-18,DC005,Pune Backup DC,Pune,India,30,Air Cooling,0.095,0.68,28,8,99.8,638454.7,364674.35,222091.36,15662.45,0.0,33294.98,29.25,86.93,3300,2230,1070,53.88,63.72,36.6,317838.75,60653.2,21098.68,36718.95,0.0,0.0,69.36,178767.32,459687.38,312.59,0.4896,1.751,273780.35,6954.9,6954.9,1.55,Medium
2024-09-19,DC001,Mumbai Core DC,Mumbai,India,45,Air Cooling,0.11,0.72,18,9,99.9,1261279.48,691608.74,493363.35,20083.83,0.0,70035.43,32.22,35.7,5200,4211,989,67.23,71.74,39.88,534470.5,138740.74,54269.97,50220.23,0.0,0.0,64.65,227030.31,1034249.17,744.66,0.5904,1.824,569670.74,20821.45,20821.45,1.55,High
2024-09-19,DC002,Bengaluru AI Hub,Bengaluru,India,60,Liquid Cooling,0.09,0.62,42,4,99.95,1151267.15,815764.06,240660.13,26424.52,0.0,60992.48,25.03,61.48,7200,4447,2753,48.4,64.08,60.98,791302.18,103614.04,21659.41,46776.75,0.0,0.0,80.99,483532.2,667734.95,414.0,0.3596,1.411,335503.09,4498.71,4498.71,1.35,Low
2024-09-19,DC003,Delhi Enterprise DC,Delhi,India,35,Air Cooling,0.12,0.75,15,12,99.9,916828.34,478699.67,373027.57,16062.83,0.0,50467.78,32.99,66.75,4100,2508,1592,46.72,74.36,33.54,418810.45,110019.4,44763.31,47254.42,0.0,0.0,62.45,137524.25,779304.08,584.48,0.6375,1.915,438128.66,20981.26,20981.26,1.55,High
2024-09-19,DC004,Hyderabad Cloud DC,Hyderabad,India,50,Hybrid Cooling,0.1,0.66,35,6,99.95,1109955.48,705719.4,324190.08,18625.8,0.0,54784.04,29.37,60.88,6100,4394,1706,57.57,57.46,27.54,701124.18,110995.55,32419.01,60229.16,0.0,0.0,75.58,388484.42,721471.06,476.17,0.429,1.573,404236.08,8666.23,8666.23,1.45,Medium
2024-09-19,DC005,Pune Backup DC,Pune,India,30,Air Cooling,0.095,0.68,28,8,99.8,588148.98,322575.66,217346.02,8115.83,9543.54,32633.84,29.98,62.35,3300,1557,1743,37.12,84.65,39.92,340990.07,55874.15,20647.87,39188.16,0.0,0.0,72.12,164681.72,423467.27,287.96,0.4896,1.823,265573.33,8374.89,8374.89,1.55,Medium
2024-09-20,DC001,Mumbai Core DC,Mumbai,India,45,Air Cooling,0.11,0.72,18,9,99.9,1206766.51,657766.24,438708.75,25027.65,4186.57,58473.39,28.6,66.72,5200,4022,1178,66.23,59.68,30.78,568748.65,132744.32,48257.96,43732.93,0.0,0.0,68.97,217217.97,989548.54,712.47,0.5904,1.835,549000.27,20595.17,20595.17,1.55,High
2024-09-20,DC002,Bengaluru AI Hub,Bengaluru,India,60,Liquid Cooling,0.09,0.62,42,4,99.95,1209980.1,823183.32,275665.08,31968.15,6492.03,66810.36,26.44,64.45,7200,4806,2394,49.65,75.13,49.8,803037.02,108898.21,24809.86,69476.52,0.0,0.0,77.79,508191.64,701788.46,435.11,0.3596,1.47,386796.78,8881.44,8881.44,1.35,Medium
2024-09-20,DC003,Delhi Enterprise DC,Delhi,India,35,Air Cooling,0.12,0.75,15,12,99.9,884333.17,478322.85,338661.96,14789.7,0.0,46429.08,31.28,48.41,4100,2931,1169,55.32,57.7,33.23,452549.72,106119.98,40639.44,35528.35,0.0,0.0,68.7,132649.98,751683.2,563.76,0.6375,1.849,406010.33,17151.93,17151.93,1.55,Medium
2024-09-20,DC004,Hyderabad Cloud DC,Hyderabad,India,50,Hybrid Cooling,0.1,0.66,35,6,99.95,1046558.7,644958.38,315198.92,18707.54,0.0,55453.9,31.08,77.18,6100,3452,2648,38.71,56.65,42.29,623519.49,104655.87,31519.89,50806.5,0.0,0.0,75.07,366295.54,680263.15,448.97,0.429,1.623,401600.32,11136.91,11136.91,1.45,Medium
2024-09-20,DC005,Pune Backup DC,Pune,India,30,Air Cooling,0.095,0.68,28,8,99.8,635857.53,351423.09,232474.38,9588.86,0.0,30712.18,29.6,58.02,3300,2239,1061,56.95,69.88,23.45,317306.12,60406.47,22085.07,27207.97,0.0,0.0,72.39,178040.11,457817.42,311.32,0.4896,1.809,284434.44,8659.41,8659.41,1.55,Medium
2024-09-21,DC001,Mumbai Core DC,Mumbai,India,45,Air Cooling,0.11,0.72,18,9,99.9,1050729.95,575851.85,398159.92,24230.59,4956.69,56909.43,31.69,68.93,5200,3450,1750,54.26,59.01,27.07,496816.2,115580.29,43797.59,48575.65,0.0,0.0,66.96,189131.39,861598.56,620.35,0.5904,1.825,474878.11,17397.56,17397.56,1.55,Medium
2024-09-21,DC002,Bengaluru AI Hub,Bengaluru,India,60,Liquid Cooling,0.09,0.62,42,4,99.95,1114887.94,760316.95,242260.3,28642.21,0.0,61346.05,26.9,53.69,7200,5588,1612,60.45,73.71,54.61,744598.54,100339.91,21803.43,69935.75,6.2,12573.69,75.44,468252.94,646635.01,400.91,0.3596,1.466,354570.99,7961.41,20535.09,1.35,Low
2024-09-21,DC003,Delhi Enterprise DC,Delhi,India,35,Air Cooling,0.12,0.75,15,12,99.9,780874.74,429521.24,285595.27,16928.33,0.0,42957.13,30.15,63.22,4100,2690,1410,52.49,58.13,32.79,386962.22,93704.97,34271.43,41735.35,0.0,0.0,65.0,117131.21,663743.53,497.81,0.6375,1.818,351353.49,13814.02,13814.02,1.55,Medium
2024-09-21,DC004,Hyderabad Cloud DC,Hyderabad,India,50,Hybrid Cooling,0.1,0.66,35,6,99.95,1020036.57,633220.11,317296.66,20110.06,0.0,52452.63,31.67,66.11,6100,4284,1816,57.68,51.11,34.09,567714.87,102003.66,31729.67,60238.74,0.0,0.0,71.42,357012.8,663023.77,437.6,0.429,1.611,386816.46,10186.74,10186.74,1.45,Medium
2024-09-21,DC005,Pune Backup DC,Pune,India,30,Air Cooling,0.095,0.68,28,8,99.8,502111.93,295245.87,172902.72,12737.35,0.0,26371.92,27.96,83.29,3300,1780,1520,40.89,63.06,41.86,297781.13,47700.63,16425.76,36317.59,0.0,0.0,71.79,140591.34,361520.59,245.83,0.4896,1.701,206866.07,4225.68,4225.68,1.55,Medium
2024-09-22,DC001,Mumbai Core DC,Mumbai,India,45,Air Cooling,0.11,0.72,18,9,99.9,1125121.86,615186.0,410463.43,19512.74,3047.99,62583.22,27.2,65.15,5200,4168,1032,68.78,45.97,25.59,472921.49,123763.4,45150.98,54414.86,0.0,0.0,62.32,202521.94,922599.93,664.27,0.5904,1.829,509935.86,18874.19,18874.19,1.55,High
2024-09-22,DC002,Bengaluru AI Hub,Bengaluru,India,60,Liquid Cooling,0.09,0.62,42,4,99.95,1091325.22,734272.01,252041.73,25873.47,0.0,58732.38,29.01,50.76,7200,4521,2679,52.09,68.15,48.44,716139.13,98219.27,22683.76,67947.12,0.0,0.0,76.8,458356.59,632968.63,392.44,0.3596,1.486,357053.21,9005.22,9005.22,1.35,Low
2024-09-22,DC003,Delhi Enterprise DC,Delhi,India,35,Air Cooling,0.12,0.75,15,12,99.9,877463.11,463367.09,338673.28,13625.66,0.0,42324.09,29.73,61.95,4100,3674,426,72.85,65.2,15.34,372574.04,105295.57,40640.79,42911.79,0.0,0.0,60.22,131619.47,745843.65,559.38,0.6375,1.894,414096.03,19109.3,19109.3,1.55,High
2024-09-22,DC004,Hyderabad Cloud DC,Hyderabad,India,50,Hybrid Cooling,0.1,0.66,35,6,99.95,1019253.91,626988.02,320681.36,25041.85,0.0,53069.91,29.76,49.88,6100,4157,1943,53.21,65.77,41.86,564176.02,101925.39,32068.14,55362.2,0.0,0.0,72.12,356738.87,662515.04,437.26,0.429,1.626,392265.89,11012.13,11012.13,1.45,Medium
2024-09-22,DC005,Pune Backup DC,Pune,India,30,Air Cooling,0.095,0.68,28,8,99.8,560569.58,310155.01,207660.92,11836.77,0.0,31406.75,28.47,66.03,3300,2283,1017,55.23,63.19,24.19,267581.56,53254.11,19727.79,36649.07,0.0,0.0,66.4,156959.48,403610.09,274.45,0.4896,1.807,250414.57,7583.79,7583.79,1.55,Medium
2024-09-23,DC001,Mumbai Core DC,Mumbai,India,45,Air Cooling,0.11,0.72,18,9,99.9,1143923.07,641754.21,409005.97,22650.37,0.0,59292.62,28.36,45.02,5200,3615,1585,52.14,69.5,32.96,529371.34,125831.54,44990.66,58218.99,0.0,0.0,65.23,205906.15,938016.91,675.37,0.5904,1.782,502168.86,16412.45,16412.45,1.55,High
2024-09-23,DC002,Bengaluru AI Hub,Bengaluru,India,60,Liquid Cooling,0.09,0.62,42,4,99.95,1251563.1,868804.9,286146.16,25922.31,0.0,63512.99,27.38,69.76,7200,6074,1126,69.5,59.98,48.58,804375.74,112640.68,25753.15,47073.71,0.0,0.0,80.14,525656.5,725906.6,450.06,0.3596,1.441,382758.2,7080.88,7080.88,1.35,Medium
2024-09-23,DC003,Delhi Enterprise DC,Delhi,India,35,Air Cooling,0.12,0.75,15,12,99.9,900092.99,471577.64,346671.4,20451.91,0.0,43990.76,29.94,58.21,4100,2859,1241,55.29,77.74,27.08,441272.39,108011.16,41600.57,45048.12,0.0,0.0,65.31,135013.95,765079.04,573.81,0.6375,1.909,428515.35,20297.72,20297.72,1.55,High
2024-09-23,DC004,Hyderabad Cloud DC,Hyderabad,India,50,Hybrid Cooling,0.1,0.66,35,6,99.95,1142501.41,740841.8,322697.0,26416.59,0.0,59999.04,27.89,63.24,6100,5612,488,76.91,62.24,30.74,631476.24,114250.14,32269.7,41560.06,36.1,46977.88,67.89,399875.49,742625.91,490.13,0.429,1.542,401659.61,6828.08,53805.96,1.45,High
2024-09-23,DC005,Pune Backup DC,Pune,India,30,Air Cooling,0.095,0.68,28,8,99.8,651953.99,388566.53,224821.75,11524.22,0.0,31342.25,27.1,77.48,3300,3036,264,80.88,73.4,40.18,328739.22,61935.63,21358.07,29783.58,0.0,0.0,72.1,182547.12,469406.87,319.2,0.4896,1.678,263387.46,4719.21,4719.21,1.55,Medium
2024-09-24,DC001,Mumbai Core DC,Mumbai,India,45,Air Cooling,0.11,0.72,18,9,99.9,1118462.09,626453.06,419713.16,23187.87,0.0,61921.15,29.31,51.12,5200,3567,1633,52.57,67.23,39.07,547717.81,123030.83,46168.45,42503.52,0.0,0.0,69.78,201323.18,917138.91,660.34,0.5904,1.785,492009.03,16220.58,16220.58,1.55,High
2024-09-24,DC002,Bengaluru AI Hub,Bengaluru,India,60,Liquid Cooling,0.09,0.62,42,4,99.95,1190522.65,828706.25,261384.72,32494.99,8464.87,61746.4,26.6,56.92,7200,4876,2324,57.57,71.6,64.91,752337.04,107147.04,23524.62,62676.79,0.0,0.0,77.43,500019.51,690503.13,428.11,0.3596,1.437,361816.4,6459.23,6459.23,1.35,Medium
2024-09-24,DC003,Delhi Enterprise DC,Delhi,India,35,Air Cooling,0.12,0.75,15,12,99.9,880290.99,472103.76,338524.24,18065.95,0.0,44150.24,32.44,62.23,4100,2985,1115,57.67,63.12,23.29,444124.19,105634.92,40622.91,41163.32,0.0,0.0,66.95,132043.65,748247.34,561.19,0.6375,1.865,408187.23,17823.62,17823.62,1.55,High
2024-09-24,DC004,Hyderabad Cloud DC,Hyderabad,India,50,Hybrid Cooling,0.1,0.66,35,6,99.95,1254722.43,770888.54,367245.51,25729.69,0.0,65684.83,28.34,67.66,6100,5251,849,73.85,56.26,31.65,700129.93,125472.24,36724.55,59534.66,0.0,0.0,73.58,439152.85,815569.58,538.28,0.429,1.628,483833.89,13693.41,13693.41,1.45,Medium
2024-09-24,DC005,Pune Backup DC,Pune,India,30,Air Cooling,0.095,0.68,28,8,99.8,566692.77,322229.79,199401.31,13403.92,0.0,31421.75,24.2,48.46,3300,1951,1349,42.48,54.12,16.08,315196.57,53835.81,18943.12,32214.03,0.0,0.0,72.7,158673.97,408018.79,277.45,0.4896,1.759,244462.98,6387.48,6387.48,1.55,Medium
2024-09-25,DC001,Mumbai Core DC,Mumbai,India,45,Air Cooling,0.11,0.72,18,9,99.9,1154924.89,642287.77,406108.02,19189.7,6160.3,62318.15,29.27,57.27,5200,3113,2087,43.7,62.13,33.68,538825.32,127041.74,44671.88,41896.41,0.0,0.0,68.65,207886.48,947038.41,681.87,0.5904,1.798,512637.12,17531.67,17531.67,1.55,High
2024-09-25,DC002,Bengaluru AI Hub,Bengaluru,India,60,Liquid Cooling,0.09,0.62,42,4,99.95,1162258.21,825954.62,246674.66,34239.65,0.0,65025.0,25.5,60.91,7200,5141,2059,57.15,55.09,46.79,785842.78,104603.24,22200.72,59621.9,0.0,0.0,79.1,488148.45,674109.76,417.95,0.3596,1.407,336303.59,4249.75,4249.75,1.35,Low
2024-09-25,DC003,Delhi Enterprise DC,Delhi,India,35,Air Cooling,0.12,0.75,15,12,99.9,1036182.77,540438.57,424277.03,13562.71,0.0,50898.96,33.11,52.07,4100,3772,328,80.27,53.55,45.45,456405.65,124341.93,50913.24,44038.08,0.0,0.0,63.11,155427.42,880755.36,660.57,0.6375,1.917,495744.2,23820.36,23820.36,1.55,High
2024-09-25,DC004,Hyderabad Cloud DC,Hyderabad,India,50,Hybrid Cooling,0.1,0.66,35,6,99.95,1002684.67,653337.78,274045.53,19299.28,10225.27,50368.73,25.26,52.46,6100,4073,2027,49.11,77.97,26.9,657204.67,100268.47,27404.55,43140.66,0.0,0.0,78.18,350939.64,651745.04,430.15,0.429,1.535,349346.89,5534.49,5534.49,1.45,Medium
2024-09-25,DC005,Pune Backup DC,Pune,India,30,Air Cooling,0.095,0.68,28,8,99.8,694210.84,385734.58,251064.06,11763.14,0.0,38639.57,29.22,48.91,3300,2997,303,75.03,71.02,37.42,339559.99,65950.03,23851.09,35825.41,0.0,0.0,70.03,194379.04,499831.81,339.89,0.4896,1.8,308476.27,9150.61,9150.61,1.55,Medium
2024-09-26,DC001,Mumbai Core DC,Mumbai,India,45,Air Cooling,0.11,0.72,18,9,99.9,1161754.33,642369.91,436833.87,24755.61,0.0,58305.75,30.83,65.17,5200,3464,1736,52.67,56.76,25.11,558730.42,127792.98,48051.73,58386.03,0.0,0.0,66.68,209115.78,952638.55,685.9,0.5904,1.809,519384.42,18268.91,18268.91,1.55,High
2024-09-26,DC002,Bengaluru AI Hub,Bengaluru,India,60,Liquid Cooling,0.09,0.62,42,4,99.95,1260325.29,902151.41,267895.46,30740.91,0.0,65616.75,24.87,53.51,7200,6200,1000,68.73,62.28,64.43,777141.34,113429.28,24110.59,54992.77,0.0,0.0,78.33,529336.62,730988.67,453.21,0.3596,1.397,358173.88,3817.88,3817.88,1.35,Medium
2024-09-26,DC003,Delhi Enterprise DC,Delhi,India,35,Air Cooling,0.12,0.75,15,12,99.9,948868.24,502477.69,363349.51,19816.85,0.0,47603.1,32.65,73.9,4100,3441,659,67.29,55.99,40.7,419314.93,113864.19,43601.94,34384.19,0.0,0.0,64.65,142330.24,806538.01,604.9,0.6375,1.888,446390.55,20403.34,20403.34,1.55,High
2024-09-26,DC004,Hyderabad Cloud DC,Hyderabad,India,50,Hybrid Cooling,0.1,0.66,35,6,99.95,1127617.13,679937.32,347950.37,20268.92,4496.41,59929.08,30.84,55.78,6100,4498,1602,58.77,77.91,30.95,645519.64,112761.71,34795.04,48136.92,0.0,0.0,75.07,394665.99,732951.13,483.75,0.429,1.658,447679.81,14170.8,14170.8,1.45,Medium
2024-09-26,DC005,Pune Backup DC,Pune,India,30,Air Cooling,0.095,0.68,28,8,99.8,614680.73,345614.26,222989.07,13641.91,0.0,34550.31,28.09,58.25,3300,2610,690,61.76,56.9,19.57,317291.27,58394.67,21183.96,41612.25,0.0,0.0,68.48,172110.6,442570.12,300.95,0.4896,1.779,269066.46,7502.97,7502.97,1.55,Medium
2024-09-27,DC001,Mumbai Core DC,Mumbai,India,45,Air Cooling,0.11,0.72,18,9,99.9,1132139.82,652545.84,391943.32,26962.02,0.0,59726.28,25.93,53.34,5200,4346,854,66.09,59.84,29.36,540867.7,124535.38,43113.77,41611.28,0.0,0.0,69.28,203785.17,928354.65,668.42,0.5904,1.735,479593.98,13276.31,13276.31,1.55,High
2024-09-27,DC002,Bengaluru AI Hub,Bengaluru,India,60,Liquid Cooling,0.09,0.62,42,4,99.95,1244680.71,861399.34,264418.05,34429.91,0.0,65318.81,23.99,51.27,7200,5580,1620,66.62,78.32,59.65,787240.16,112021.26,23797.62,51694.31,0.0,0.0,79.2,522765.9,721914.81,447.59,0.3596,1.445,383281.37,7361.24,7361.24,1.35,Medium
2024-09-27,DC003,Delhi Enterprise DC,Delhi,India,35,Air Cooling,0.12,0.75,15,12,99.9,904585.01,485505.31,356361.98,15251.6,0.0,50853.96,31.82,55.87,4100,3030,1070,62.65,77.28,43.31,433976.48,108550.2,42763.44,45738.17,0.0,0.0,64.45,135687.75,768897.26,576.67,0.6375,1.863,419079.7,18246.21,18246.21,1.55,High
2024-09-27,DC004,Hyderabad Cloud DC,Hyderabad,India,50,Hybrid Cooling,0.1,0.66,35,6,99.95,1144456.14,703996.36,330413.8,28070.3,6657.96,56396.9,27.93,68.09,6100,5028,1072,65.7,58.61,35.45,689834.95,114445.61,33041.38,50493.5,0.0,0.0,76.09,400559.65,743896.49,490.97,0.429,1.626,440459.78,12366.14,12366.14,1.45,Medium
2024-09-27,DC005,Pune Backup DC,Pune,India,30,Air Cooling,0.095,0.68,28,8,99.8,627678.9,362667.91,212057.72,12273.2,9728.76,34692.4,24.63,67.32,3300,2559,741,61.38,59.66,23.55,330744.2,59629.5,20145.48,29169.27,117.0,107710.16,40.59,175750.09,451928.81,307.31,0.4896,1.731,265010.99,6226.65,113936.8,1.55,High
2024-09-28,DC001,Mumbai Core DC,Mumbai,India,45,Air Cooling,0.11,0.72,18,9,99.9,1033822.03,573755.49,398225.84,14736.51,0.0,57502.24,31.9,64.33,5200,3248,1952,48.3,55.22,35.81,465054.8,113720.42,43804.84,49811.23,0.0,0.0,64.84,186087.96,847734.06,610.37,0.5904,1.802,460066.54,15895.11,15895.11,1.55,Medium
2024-09-28,DC002,Bengaluru AI Hub,Bengaluru,India,60,Liquid Cooling,0.09,0.62,42,4,99.95,1116303.6,775799.58,239197.45,29099.21,0.0,61194.35,25.77,55.49,7200,5716,1484,63.08,65.02,67.92,727181.45,100467.32,21527.77,44715.87,0.0,0.0,80.03,468847.51,647456.09,401.42,0.3596,1.439,340504.03,6207.68,6207.68,1.35,Low
2024-09-28,DC003,Delhi Enterprise DC,Delhi,India,35,Air Cooling,0.12,0.75,15,12,99.9,838891.19,452830.0,332242.5,12231.39,0.0,41922.0,33.81,62.15,4100,3483,617,74.17,71.5,35.63,408768.93,100666.94,39869.1,45565.66,0.0,0.0,64.23,125833.68,713057.51,534.79,0.6375,1.853,386061.2,16440.56,16440.56,1.55,High
2024-09-28,DC004,Hyderabad Cloud DC,Hyderabad,India,50,Hybrid Cooling,0.1,0.66,35,6,99.95,1029807.61,652569.0,297992.82,16432.18,0.0,55188.58,27.94,42.83,6100,4886,1214,67.01,78.31,43.84,595260.68,102980.76,29799.28,56552.54,0.0,0.0,73.2,360432.66,669374.95,441.79,0.429,1.578,377238.61,8358.26,8358.26,1.45,Medium
2024-09-28,DC005,Pune Backup DC,Pune,India,30,Air Cooling,0.095,0.68,28,8,99.8,529104.05,299465.6,189143.42,7970.53,0.0,29827.58,29.27,46.38,3300,2075,1225,51.42,59.37,31.19,280396.79,50264.88,17968.63,32891.73,0.0,0.0,70.34,148149.13,380954.91,259.05,0.4896,1.767,229638.45,6168.58,6168.58,1.55,Medium
2024-09-29,DC001,Mumbai Core DC,Mumbai,India,45,Air Cooling,0.11,0.72,18,9,99.9,982482.6,547231.76,348473.37,14886.12,8904.54,49353.97,30.91,44.9,5200,2742,2458,40.18,71.23,24.76,489038.52,108073.09,38332.07,57883.05,0.0,0.0,66.06,176846.87,805635.73,580.06,0.5904,1.795,435250.84,14770.07,14770.07,1.55,Medium
2024-09-29,DC002,Bengaluru AI Hub,Bengaluru,India,60,Liquid Cooling,0.09,0.62,42,4,99.95,1079162.8,739290.57,228852.73,24976.06,9392.49,56435.72,27.84,51.18,7200,4865,2335,56.09,69.85,49.08,670793.5,97124.65,20596.75,49569.73,0.0,0.0,78.13,453248.38,625914.42,388.07,0.3596,1.46,339872.23,7300.85,7300.85,1.35,Low
2024-09-29,DC003,Delhi Enterprise DC,Delhi,India,35,Air Cooling,0.12,0.75,15,12,99.9,827652.39,445848.38,313449.72,12890.34,0.0,45619.67,30.88,41.0,4100,3389,711,68.33,75.07,21.81,413247.74,99318.29,37613.97,49218.4,76.5,85815.35,43.29,124147.86,703504.53,527.63,0.6375,1.856,381804.0,16390.49,102205.84,1.55,High
2024-09-29,DC004,Hyderabad Cloud DC,Hyderabad,India,50,Hybrid Cooling,0.1,0.66,35,6,99.95,906025.29,581423.63,262925.74,22995.55,0.0,43981.48,27.39,45.32,6100,4096,2004,50.07,82.0,14.29,594930.22,90602.53,26292.57,53034.68,0.0,0.0,75.86,317108.85,588916.44,388.68,0.429,1.558,324601.66,6296.1,6296.1,1.45,Low
2024-09-29,DC005,Pune Backup DC,Pune,India,30,Air Cooling,0.095,0.68,28,8,99.8,591065.38,346403.7,201915.2,8848.63,5162.15,33374.53,25.97,67.93,3300,2948,352,71.44,66.5,33.58,281530.74,56151.21,19181.94,31778.29,0.0,0.0,68.77,165498.31,425567.07,289.39,0.4896,1.706,244661.68,5143.27,5143.27,1.55,Medium
2024-09-30,DC001,Mumbai Core DC,Mumbai,India,45,Air Cooling,0.11,0.72,18,9,99.9,1242980.18,680174.11,466474.4,20103.73,0.0,67885.19,28.74,38.22,5200,3993,1207,65.03,67.14,24.64,564650.01,136727.82,51312.18,61143.46,0.0,0.0,64.96,223736.43,1019243.75,733.86,0.5904,1.827,562806.07,20758.13,20758.13,1.55,High
2024-09-30,DC002,Bengaluru AI Hub,Bengaluru,India,60,Liquid Cooling,0.09,0.62,42,4,99.95,1164572.5,786462.65,267437.5,20446.13,8327.53,56762.21,26.8,56.42,7200,4409,2791,50.78,63.93,48.32,751518.27,104811.53,24069.38,56676.96,0.0,0.0,78.51,489120.45,675452.05,418.78,0.3596,1.481,378109.85,9256.31,9256.31,1.35,Low
2024-09-30,DC003,Delhi Enterprise DC,Delhi,India,35,Air Cooling,0.12,0.75,15,12,99.9,1000835.84,527209.87,389382.67,22121.54,8255.73,53323.39,32.09,59.51,4100,3527,573,69.86,76.14,35.2,438987.79,120100.3,46725.92,50477.07,0.0,0.0,61.14,150125.38,850710.46,638.03,0.6375,1.898,473625.97,22039.26,22039.26,1.55,High
2024-09-30,DC004,Hyderabad Cloud DC,Hyderabad,India,50,Hybrid Cooling,0.1,0.66,35,6,99.95,1073244.58,672606.72,298167.19,28298.82,0.0,56279.36,27.43,71.47,6100,4055,2045,55.2,69.89,30.06,695807.85,107324.46,29816.72,56987.93,0.0,0.0,76.39,375635.6,697608.98,460.42,0.429,1.596,400637.86,9796.48,9796.48,1.45,Medium
2024-09-30,DC005,Pune Backup DC,Pune,India,30,Air Cooling,0.095,0.68,28,8,99.8,636468.79,372641.02,220493.72,15737.16,0.0,31433.98,26.34,66.0,3300,2607,693,62.19,82.69,32.19,305567.06,60464.53,20946.9,39572.99,0.0,0.0,67.26,178211.26,458257.53,311.62,0.4896,1.708,263827.76,5593.14,5593.14,1.55,Medium
2024-10-01,DC001,Mumbai Core DC,Mumbai,India,45,Air Cooling,0.11,0.72,18,9,99.9,1178452.72,639715.61,438838.98,27400.77,8362.8,63152.14,31.14,54.31,5200,3878,1322,61.3,55.49,26.05,564721.26,129629.8,48272.29,53967.48,0.0,0.0,67.49,212121.49,966331.23,695.76,0.5904,1.842,538737.11,20558.29,20558.29,1.55,High
2024-10-01,DC002,Bengaluru AI Hub,Bengaluru,India,60,Liquid Cooling,0.09,0.62,42,4,99.95,1230523.22,869334.82,263657.16,33613.14,0.0,63501.88,26.07,63.14,7200,5727,1473,66.14,57.51,57.57,802811.64,110747.09,23729.14,46085.92,0.0,0.0,80.46,516819.75,713703.47,442.5,0.3596,1.415,361188.4,5122.91,5122.91,1.35,Medium
2024-10-01,DC003,Delhi Enterprise DC,Delhi,India,35,Air Cooling,0.12,0.75,15,12,99.9,847361.68,463602.28,321060.39,14333.22,0.0,43136.6,30.84,60.71,4100,2709,1391,51.28,76.6,35.98,466196.98,101683.4,38527.25,52159.19,0.0,0.0,67.0,127104.25,720257.43,540.19,0.6375,1.828,383759.4,15453.38,15453.38,1.55,Medium
2024-10-01,DC004,Hyderabad Cloud DC,Hyderabad,India,50,Hybrid Cooling,0.1,0.66,35,6,99.95,1126783.13,709046.41,338155.14,19789.48,0.0,55035.22,28.61,40.0,6100,5272,828,68.45,81.4,27.51,642185.27,112678.31,33815.51,54199.21,0.0,0.0,74.01,394374.09,732409.03,483.39,0.429,1.589,417736.72,9866.58,9866.58,1.45,Medium
2024-10-01,DC005,Pune Backup DC,Pune,India,30,Air Cooling,0.095,0.68,28,8,99.8,554916.7,316667.64,187841.18,13838.75,0.0,28560.21,27.39,59.47,3300,1553,1747,29.48,66.73,30.45,308601.02,52717.09,17844.91,34694.62,51.0,68541.77,49.46,155376.68,399540.02,271.69,0.4896,1.752,238249.06,6087.78,74629.54,1.55,High
2024-10-02,DC001,Mumbai Core DC,Mumbai,India,45,Air Cooling,0.11,0.72,18,9,99.9,1132353.14,621218.67,444486.23,23023.7,0.0,60181.8,31.93,69.26,5200,3066,2134,48.23,64.34,20.57,558135.39,124558.85,48893.49,56283.47,0.0,0.0,67.6,203823.56,928529.57,668.54,0.5904,1.823,511134.47,18641.06,18641.06,1.55,High
2024-10-02,DC002,Bengaluru AI Hub,Bengaluru,India,60,Liquid Cooling,0.09,0.62,42,4,99.95,1289325.47,893790.87,273306.89,35738.38,0.0,66979.89,23.44,64.38,7200,6271,929,72.79,71.78,44.85,836842.77,116039.29,24597.62,54077.34,0.0,0.0,79.67,541516.7,747808.77,463.64,0.3596,1.443,395534.6,7443.7,7443.7,1.35,Medium
2024-10-02,DC003,Delhi Enterprise DC,Delhi,India,35,Air Cooling,0.12,0.75,15,12,99.9,949064.34,499354.02,381752.16,17006.21,0.0,50930.79,31.92,47.61,4100,3374,726,64.61,69.48,36.67,418552.13,113887.72,45810.26,44221.77,0.0,0.0,62.22,142359.65,806704.69,605.03,0.6375,1.901,449710.32,21007.87,21007.87,1.55,High
2024-10-02,DC004,Hyderabad Cloud DC,Hyderabad,India,50,Hybrid Cooling,0.1,0.66,35,6,99.95,1134204.99,701845.13,341098.85,18407.02,0.0,58653.27,28.35,63.39,6100,4111,1989,51.9,51.25,35.77,690421.3,113420.5,34109.88,57299.44,0.0,0.0,75.27,396971.75,737233.24,486.57,0.429,1.616,432359.85,11652.95,11652.95,1.45,Medium
2024-10-02,DC005,Pune Backup DC,Pune,India,30,Air Cooling,0.095,0.68,28,8,99.8,624007.17,350168.94,226949.48,8970.05,0.0,29940.33,26.32,60.48,3300,2510,790,59.26,55.61,36.7,303022.23,59280.68,21560.2,36279.01,0.0,0.0,68.46,174722.01,449285.16,305.51,0.4896,1.782,273838.23,7718.3,7718.3,1.55,Medium
2024-10-03,DC001,Mumbai Core DC,Mumbai,India,45,Air Cooling,0.11,0.72,18,9,99.9,1024497.72,593013.75,362813.8,20696.09,0.0,57133.83,28.7,51.52,5200,2410,2790,33.02,65.14,19.71,571913.72,112694.75,39909.52,53461.37,0.0,0.0,70.95,184409.59,840088.13,604.86,0.5904,1.728,431483.97,11585.9,11585.9,1.55,Medium
2024-10-03,DC002,Bengaluru AI Hub,Bengaluru,India,60,Liquid Cooling,0.09,0.62,42,4,99.95,1191135.19,815322.25,254200.22,35088.5,0.0,60392.75,28.21,73.16,7200,4930,2270,51.89,59.48,53.25,760720.2,107202.17,22878.02,64169.5,0.0,0.0,77.47,500276.78,690858.41,428.33,0.3596,1.461,375812.94,8140.51,8140.51,1.35,Medium
2024-10-03,DC003,Delhi Enterprise DC,Delhi,India,35,Air Cooling,0.12,0.75,15,12,99.9,892248.3,483475.9,349030.45,17597.05,0.0,47193.36,30.02,53.38,4100,2941,1159,58.29,49.81,19.49,415179.31,107069.8,41883.65,52558.15,0.0,0.0,61.55,133837.25,758411.06,568.81,0.6375,1.845,408772.41,17143.28,17143.28,1.55,Medium
2024-10-03,DC004,Hyderabad Cloud DC,Hyderabad,India,50,Hybrid Cooling,0.1,0.66,35,6,99.95,1048354.52,686299.91,297145.84,19199.88,0.0,54933.83,22.03,49.56,6100,4472,1628,60.88,51.83,18.37,654089.81,104835.45,29714.58,42854.87,0.0,0.0,77.42,366924.08,681430.44,449.74,0.429,1.528,362054.61,5321.96,5321.96,1.45,Medium
2024-10-03,DC005,Pune Backup DC,Pune,India,30,Air Cooling,0.095,0.68,28,8,99.8,636018.62,368914.37,216446.67,14621.22,0.0,34994.44,23.24,46.94,3300,2637,663,69.09,77.61,31.58,324981.1,60421.77,20562.43,35450.05,0.0,0.0,70.5,178085.21,457933.41,311.39,0.4896,1.724,267104.25,6099.13,6099.13,1.55,Medium
2024-10-04,DC001,Mumbai Core DC,Mumbai,India,45,Air Cooling,0.11,0.72,18,9,99.9,1284761.0,701335.19,462684.27,22406.2,9746.8,70633.04,29.1,67.98,5200,4110,1090,66.33,67.93,37.32,582160.26,141323.71,50895.27,60813.97,0.0,0.0,65.28,231256.98,1053504.02,758.52,0.5904,1.832,583425.81,21746.06,21746.06,1.55,High
2024-10-04,DC002,Bengaluru AI Hub,Bengaluru,India,60,Liquid Cooling,0.09,0.62,42,4,99.95,1210042.52,845719.29,255852.87,35721.27,0.0,59300.46,26.59,52.35,7200,6134,1066,68.22,59.94,38.46,795034.52,108903.83,23026.76,44947.07,0.0,0.0,80.65,508217.86,701824.66,435.13,0.3596,1.431,364323.22,6148.93,6148.93,1.35,Medium
2024-10-04,DC003,Delhi Enterprise DC,Delhi,India,35,Air Cooling,0.12,0.75,15,12,99.9,937988.32,496599.13,366197.92,18821.67,0.0,48471.99,31.44,56.1,4100,3189,911,65.6,65.06,42.0,455618.07,112558.6,43943.75,35394.0,0.0,0.0,67.53,140698.25,797290.07,597.97,0.6375,1.889,441389.19,20191.16,20191.16,1.55,High
2024-10-04,DC004,Hyderabad Cloud DC,Hyderabad,India,50,Hybrid Cooling,0.1,0.66,35,6,99.95,1034591.67,667799.27,290583.38,28824.69,0.0,56802.03,24.29,63.16,6100,3521,2579,40.79,64.33,21.85,618681.67,103459.17,29058.34,57910.82,0.0,0.0,73.92,362107.08,672484.59,443.84,0.429,1.549,366792.4,6628.27,6628.27,1.45,Medium
2024-10-04,DC005,Pune Backup DC,Pune,India,30,Air Cooling,0.095,0.68,28,8,99.8,601944.11,338871.91,209624.54,11895.65,0.0,31431.34,26.93,47.35,3300,1811,1489,44.89,74.09,41.43,313047.04,57184.69,19914.33,36164.32,0.0,0.0,70.18,168544.35,433399.76,294.71,0.4896,1.776,263072.21,7285.8,7285.8,1.55,Medium
2024-10-05,DC001,Mumbai Core DC,Mumbai,India,45,Air Cooling,0.11,0.72,18,9,99.9,1088589.33,582366.13,416517.71,18335.27,0.0,56052.87,30.85,87.03,5200,3177,2023,47.63,65.26,23.22,459292.2,119744.83,45816.95,42973.42,0.0,0.0,64.57,195946.08,892643.25,642.7,0.5904,1.869,506223.2,20451.4,20451.4,1.55,High
2024-10-05,DC002,Bengaluru AI Hub,Bengaluru,India,60,Liquid Cooling,0.09,0.62,42,4,99.95,1032878.1,718674.83,235827.28,25686.29,0.0,50616.11,25.58,65.54,7200,5254,1946,58.49,72.61,42.13,722619.63,92959.03,21224.46,54251.05,0.0,0.0,79.63,433808.8,599069.3,371.42,0.3596,1.437,314203.27,5640.04,5640.04,1.35,Low
2024-10-05,DC003,Delhi Enterprise DC,Delhi,India,35,Air Cooling,0.12,0.75,15,12,99.9,775521.23,408345.84,307455.38,10791.31,8924.95,41549.62,30.71,66.83,4100,2555,1545,46.37,67.64,29.45,367287.66,93062.55,36894.65,43603.77,0.0,0.0,62.79,116328.18,659193.05,494.39,0.6375,1.899,367175.39,17110.22,17110.22,1.55,High
2024-10-05,DC004,Hyderabad Cloud DC,Hyderabad,India,50,Hybrid Cooling,0.1,0.66,35,6,99.95,934782.11,605505.57,242481.85,24391.3,7413.9,47519.16,23.96,51.36,6100,4511,1589,57.24,68.42,36.66,605728.12,93478.21,24248.18,45488.01,0.0,0.0,77.06,327173.74,607608.37,401.02,0.429,1.544,329276.54,5679.9,5679.9,1.45,Low
2024-10-05,DC005,Pune Backup DC,Pune,India,30,Air Cooling,0.095,0.68,28,8,99.8,543657.33,311338.69,193363.57,10195.04,0.0,29605.43,24.9,61.78,3300,2029,1271,47.58,61.85,46.41,280233.43,51647.45,18369.54,33424.85,0.0,0.0,69.64,152224.05,391433.28,266.17,0.4896,1.746,232318.64,5802.82,5802.82,1.55,Medium
2024-10-06,DC001,Mumbai Core DC,Mumbai,India,45,Air Cooling,0.11,0.72,18,9,99.9,1063413.92,589561.97,408617.31,16514.09,0.0,51781.31,30.97,48.52,5200,3606,1594,57.49,52.67,31.41,517253.24,116975.53,44947.9,43668.94,0.0,0.0,68.94,191414.51,871999.41,627.84,0.5904,1.804,473851.95,16455.22,16455.22,1.55,Medium
2024-10-06,DC002,Bengaluru AI Hub,Bengaluru,India,60,Liquid Cooling,0.09,0.62,42,4,99.95,1045955.2,722592.05,223884.54,23735.9,8421.27,55740.4,26.7,52.43,7200,5040,2160,52.92,71.32,59.94,693479.31,94135.97,20149.61,61076.63,0.0,0.0,77.62,439301.19,606654.02,376.13,0.3596,1.448,323363.15,6341.03,6341.03,1.35,Low
2024-10-06,DC003,Delhi Enterprise DC,Delhi,India,35,Air Cooling,0.12,0.75,15,12,99.9,763645.16,416925.0,293214.89,14612.68,0.0,39572.29,32.2,40.78,4100,2646,1454,52.27,72.1,32.36,406513.99,91637.42,35185.79,44453.74,0.0,0.0,66.52,114546.77,649098.39,486.82,0.6375,1.832,346720.16,14089.37,14089.37,1.55,Medium
2024-10-06,DC004,Hyderabad Cloud DC,Hyderabad,India,50,Hybrid Cooling,0.1,0.66,35,6,99.95,1021777.81,650743.83,295779.37,20884.86,0.0,51624.9,27.67,67.91,6100,4426,1674,62.36,68.33,24.04,562995.82,102177.78,29577.94,57466.34,0.0,0.0,71.64,357622.23,664155.57,438.34,0.429,1.57,371033.97,7819.92,7819.92,1.45,Medium
2024-10-06,DC005,Pune Backup DC,Pune,India,30,Air Cooling,0.095,0.68,28,8,99.8,558101.73,329839.61,187160.51,10944.35,0.0,27924.98,26.28,59.51,3300,2895,405,73.19,69.89,30.08,297316.77,53019.66,17780.25,35475.22,0.0,0.0,70.24,156268.49,401833.25,273.25,0.4896,1.692,228262.12,4450.78,4450.78,1.55,Medium
2024-10-07,DC001,Mumbai Core DC,Mumbai,India,45,Air Cooling,0.11,0.72,18,9,99.9,1318894.25,713838.8,490461.51,26858.87,0.0,73141.32,28.42,53.34,5200,4784,416,82.69,70.14,32.5,519373.7,145078.37,53950.77,47742.37,43.1,82723.3,46.95,237400.97,1081493.29,778.68,0.5904,1.848,605055.45,23368.85,106092.15,1.55,High
2024-10-07,DC002,Bengaluru AI Hub,Bengaluru,India,60,Liquid Cooling,0.09,0.62,42,4,99.95,1259602.21,872234.19,272645.17,35157.72,0.0,69542.91,24.77,58.24,7200,6624,576,76.07,66.13,60.86,802578.81,113364.2,24538.07,47740.9,0.0,0.0,79.93,529032.93,730569.28,452.95,0.3596,1.444,387368.03,7387.75,7387.75,1.35,Medium
2024-10-07,DC003,Delhi Enterprise DC,Delhi,India,35,Air Cooling,0.12,0.75,15,12,99.9,871425.78,480882.6,318309.98,18204.64,0.0,43895.88,30.47,47.1,4100,2663,1437,54.35,65.74,39.32,459420.13,104571.09,38197.2,44478.05,0.0,0.0,67.56,130713.87,740711.92,555.53,0.6375,1.812,390543.19,15126.93,15126.93,1.55,Medium
2024-10-07,DC004,Hyderabad Cloud DC,Hyderabad,India,50,Hybrid Cooling,0.1,0.66,35,6,99.95,1093977.96,692167.4,299833.18,30842.3,2642.59,53068.77,25.47,42.52,6100,4373,1727,58.71,65.45,43.14,638781.8,109397.8,29983.32,52281.74,0.0,0.0,74.69,382892.29,711085.67,469.32,0.429,1.581,401810.56,9033.52,9033.52,1.45,Medium
2024-10-07,DC005,Pune Backup DC,Pune,India,30,Air Cooling,0.095,0.68,28,8,99.8,604457.69,353273.65,210285.62,15294.11,0.0,30107.51,25.89,50.77,3300,2020,1280,48.71,74.15,45.19,321674.32,57423.48,19977.13,29023.91,0.0,0.0,73.13,169248.15,435209.54,295.94,0.4896,1.711,251184.04,5403.94,5403.94,1.55,Medium
2024-10-08,DC001,Mumbai Core DC,Mumbai,India,45,Air Cooling,0.11,0.72,18,9,99.9,1189598.61,678964.42,406029.02,23155.5,0.0,58958.26,27.1,62.51,5200,4104,1096,63.07,61.15,42.13,587194.57,130855.85,44663.19,43155.16,0.0,0.0,70.37,214127.75,975470.86,702.34,0.5904,1.752,510634.19,15092.41,15092.41,1.55,High
2024-10-08,DC002,Bengaluru AI Hub,Bengaluru,India,60,Liquid Cooling,0.09,0.62,42,4,99.95,1231403.87,845422.16,279295.66,33897.75,0.0,64166.6,26.86,71.85,7200,4414,2786,49.5,64.67,55.89,799164.49,110826.35,25136.61,48615.29,0.0,0.0,80.05,517189.63,714214.25,442.81,0.3596,1.457,385981.71,8107.56,8107.56,1.35,Medium
2024-10-08,DC003,Delhi Enterprise DC,Delhi,India,35,Air Cooling,0.12,0.75,15,12,99.9,920040.34,495319.52,364253.81,17678.07,4285.32,51617.7,31.0,60.1,4100,2827,1273,51.76,66.47,36.08,443840.71,110404.84,43710.46,35077.07,0.0,0.0,67.22,138006.05,782034.29,586.53,0.6375,1.857,424720.82,18275.41,18275.41,1.55,High
2024-10-08,DC004,Hyderabad Cloud DC,Hyderabad,India,50,Hybrid Cooling,0.1,0.66,35,6,99.95,1112760.01,710900.94,295093.74,20201.09,0.0,56834.74,25.69,76.06,6100,4229,1871,54.72,60.8,32.96,647660.08,111276.0,29509.37,58205.06,0.0,0.0,73.83,389466.0,723294.0,477.37,0.429,1.565,401859.06,8195.36,8195.36,1.45,Medium
2024-10-08,DC005,Pune Backup DC,Pune,India,30,Air Cooling,0.095,0.68,28,8,99.8,645142.82,355722.24,240896.85,12962.09,0.0,35047.15,29.96,56.95,3300,2557,743,62.79,83.97,28.17,313525.36,61288.57,22885.2,27836.96,0.0,0.0,71.57,180639.99,464502.83,315.86,0.4896,1.814,289420.58,8908.47,8908.47,1.55,Medium
2024-10-09,DC001,Mumbai Core DC,Mumbai,India,45,Air Cooling,0.11,0.72,18,9,99.9,1201426.35,655215.46,426192.94,27403.52,9699.43,65300.33,29.19,77.57,5200,3902,1298,57.73,76.84,36.9,523955.43,132156.9,46881.22,46676.54,20.1,24984.17,61.1,216256.74,985169.61,709.32,0.5904,1.834,546210.89,20442.66,45426.83,1.55,High
2024-10-09,DC002,Bengaluru AI Hub,Bengaluru,India,60,Liquid Cooling,0.09,0.62,42,4,99.95,1307344.83,887387.85,280334.35,37252.1,0.0,64814.89,26.83,71.69,7200,5787,1413,67.73,70.59,60.68,821274.24,117661.04,25230.09,55862.23,0.0,0.0,78.87,549084.83,758260.0,470.12,0.3596,1.473,419956.98,9843.41,9843.41,1.35,Medium
2024-10-09,DC003,Delhi Enterprise DC,Delhi,India,35,Air Cooling,0.12,0.75,15,12,99.9,907605.04,488596.73,342870.28,19460.05,0.0,46074.67,30.8,59.83,4100,2963,1137,59.4,54.34,45.14,450631.78,108912.61,41144.43,50460.74,0.0,0.0,64.63,136140.76,771464.29,578.6,0.6375,1.858,419008.32,18033.61,18033.61,1.55,High
2024-10-09,DC004,Hyderabad Cloud DC,Hyderabad,India,50,Hybrid Cooling,0.1,0.66,35,6,99.95,1035077.79,646584.68,287002.5,25015.53,0.0,49804.95,26.54,66.33,6100,3304,2796,42.04,54.19,36.73,653279.99,103507.78,28700.25,58838.69,0.0,0.0,75.15,362277.23,672800.56,444.05,0.429,1.601,388493.12,9753.0,9753.0,1.45,Medium
2024-10-09,DC005,Pune Backup DC,Pune,India,30,Air Cooling,0.095,0.68,28,8,99.8,574114.35,337684.35,197020.43,13845.48,0.0,31650.15,26.1,60.76,3300,2092,1208,46.62,65.13,45.24,317415.32,54540.86,18716.94,32066.18,0.0,0.0,72.71,160752.02,413362.33,281.09,0.4896,1.7,236429.99,4816.84,4816.84,1.55,Medium
2024-10-10,DC001,Mumbai Core DC,Mumbai,India,45,Air Cooling,0.11,0.72,18,9,99.9,1140121.66,657609.83,389139.47,23398.79,0.0,62070.53,26.75,58.04,5200,3939,1261,61.21,50.24,28.27,584214.11,125413.38,42805.34,56873.13,44.9,45974.92,60.93,205221.9,934899.76,673.13,0.5904,1.734,482511.83,13290.91,59265.83,1.55,High
2024-10-10,DC002,Bengaluru AI Hub,Bengaluru,India,60,Liquid Cooling,0.09,0.62,42,4,99.95,1152296.24,781764.39,252118.04,29879.16,0.0,61421.89,23.88,49.34,7200,4432,2768,47.92,65.48,54.64,755830.53,103706.66,22690.62,48634.2,0.0,0.0,79.84,483964.42,668331.82,414.37,0.3596,1.474,370531.85,8722.29,8722.29,1.35,Low
2024-10-10,DC003,Delhi Enterprise DC,Delhi,India,35,Air Cooling,0.12,0.75,15,12,99.9,869694.98,458494.95,335793.91,19573.92,0.0,48624.67,29.27,54.69,4100,2589,1511,46.67,83.68,29.81,441274.69,104363.4,40295.27,44319.03,0.0,0.0,66.31,130454.25,739240.74,554.43,0.6375,1.897,411200.03,19083.34,19083.34,1.55,High
2024-10-10,DC004,Hyderabad Cloud DC,Hyderabad,India,50,Hybrid Cooling,0.1,0.66,35,6,99.95,1148519.76,692803.67,349204.56,22850.6,0.0,62248.99,29.23,78.75,6100,4613,1487,59.36,77.76,32.53,646043.29,114851.98,34920.46,61727.07,45.3,74437.2,61.15,401981.92,746537.84,492.71,0.429,1.658,455716.09,14395.44,88832.65,1.45,High
2024-10-10,DC005,Pune Backup DC,Pune,India,30,Air Cooling,0.095,0.68,28,8,99.8,625178.87,365979.7,207167.16,15043.66,7250.34,32739.01,23.21,50.11,3300,2413,887,60.02,70.83,39.65,343703.17,59391.99,19680.88,33306.47,0.0,0.0,73.03,175050.08,450128.79,306.09,0.4896,1.708,259199.17,5501.48,5501.48,1.55,Medium
2024-10-11,DC001,Mumbai Core DC,Mumbai,India,45,Air Cooling,0.11,0.72,18,9,99.9,1259961.35,696201.3,453792.37,25642.18,0.0,66503.0,31.7,59.96,5200,4156,1044,64.66,79.29,32.42,583933.03,138595.75,49917.16,47262.37,27.3,51552.91,59.34,226793.04,1033168.3,743.88,0.5904,1.81,563760.04,19893.43,71446.33,1.55,High
2024-10-11,DC002,Bengaluru AI Hub,Bengaluru,India,60,Liquid Cooling,0.09,0.62,42,4,99.95,1274733.16,864613.58,282358.12,26048.23,0.0,69221.68,26.05,69.52,7200,6092,1108,72.95,68.04,59.04,810831.92,114725.98,25412.23,58286.46,0.0,0.0,78.66,535387.93,739345.23,458.39,0.3596,1.474,410119.58,9675.43,9675.43,1.35,Medium
2024-10-11,DC003,Delhi Enterprise DC,Delhi,India,35,Air Cooling,0.12,0.75,15,12,99.9,874365.15,464884.55,328674.97,19829.23,0.0,46790.08,30.24,50.25,4100,2498,1602,43.29,68.01,36.69,434529.97,104923.82,39441.0,41732.82,0.0,0.0,66.25,131154.77,743210.38,557.41,0.6375,1.881,409480.61,18455.29,18455.29,1.55,High
2024-10-11,DC004,Hyderabad Cloud DC,Hyderabad,India,50,Hybrid Cooling,0.1,0.66,35,6,99.95,1206266.69,738361.45,361537.32,24570.77,0.0,64059.31,29.14,70.74,6100,5017,1083,69.02,55.58,32.5,632735.21,120626.67,36153.73,60721.27,0.0,0.0,71.34,422193.34,784073.35,517.49,0.429,1.634,467905.25,13564.26,13564.26,1.45,Medium
2024-10-11,DC005,Pune Backup DC,Pune,India,30,Air Cooling,0.095,0.68,28,8,99.8,639127.23,362774.38,223439.96,9372.16,0.0,33617.76,27.87,53.98,3300,2611,689,69.11,67.96,37.06,327550.66,60717.09,21226.8,37330.34,0.0,0.0,70.07,178955.62,460171.6,312.92,0.4896,1.762,276352.84,7298.56,7298.56,1.55,Medium
2024-10-12,DC001,Mumbai Core DC,Mumbai,India,45,Air Cooling,0.11,0.72,18,9,99.9,987067.82,572500.06,346300.91,17526.82,0.0,48562.81,26.95,48.26,5200,3385,1815,50.69,71.71,31.84,521509.7,108577.46,38093.1,41061.87,0.0,0.0,71.31,177672.21,809395.61,582.76,0.5904,1.724,414567.76,10966.2,10966.2,1.55,Medium
2024-10-12,DC002,Bengaluru AI Hub,Bengaluru,India,60,Liquid Cooling,0.09,0.62,42,4,99.95,1099909.23,758273.24,244713.31,20276.01,0.0,62046.51,24.0,43.63,7200,5083,2117,56.58,61.83,50.19,692836.96,98991.83,22024.2,68413.46,0.0,0.0,75.84,461961.88,637947.36,395.53,0.3596,1.451,341635.99,6861.63,6861.63,1.35,Low
2024-10-12,DC003,Delhi Enterprise DC,Delhi,India,35,Air Cooling,0.12,0.75,15,12,99.9,801913.69,448188.72,294634.6,16700.66,0.0,43888.62,29.14,70.09,4100,3407,693,69.16,75.41,41.11,401483.53,96229.64,35356.15,45537.67,0.0,0.0,64.69,120287.05,681626.64,511.22,0.6375,1.789,353724.97,12866.54,12866.54,1.55,Medium
2024-10-12,DC004,Hyderabad Cloud DC,Hyderabad,India,50,Hybrid Cooling,0.1,0.66,35,6,99.95,968914.77,610140.86,291647.04,20085.87,0.0,51307.17,27.37,73.97,6100,4519,1581,56.45,60.68,34.19,594560.52,96891.48,29164.7,58224.96,0.0,0.0,73.91,339120.17,629794.6,415.66,0.429,1.588,358773.91,8421.05,8421.05,1.45,Low
2024-10-12,DC005,Pune Backup DC,Pune,India,30,Air Cooling,0.095,0.68,28,8,99.8,551635.49,315294.79,195175.0,8190.22,0.0,29593.64,27.86,63.04,3300,2465,835,59.9,82.11,17.85,262809.22,52405.37,18541.63,32174.86,10.8,17735.87,61.07,154457.94,397177.55,270.08,0.4896,1.75,236340.7,5978.21,23714.09,1.55,Medium
2024-10-13,DC001,Mumbai Core DC,Mumbai,India,45,Air Cooling,0.11,0.72,18,9,99.9,1041523.77,571430.52,396656.48,20308.45,0.0,58368.48,30.21,83.03,5200,3798,1402,56.21,73.64,29.08,498834.99,114567.61,43632.21,56180.12,0.0,0.0,65.77,187474.28,854049.49,614.92,0.5904,1.823,470093.25,17138.71,17138.71,1.55,Medium
2024-10-13,DC002,Bengaluru AI Hub,Bengaluru,India,60,Liquid Cooling,0.09,0.62,42,4,99.95,1142553.0,797236.74,258126.32,30023.81,0.0,62239.2,23.67,60.26,7200,5856,1344,69.2,60.42,52.55,668715.92,102829.77,23231.37,65465.91,0.0,0.0,74.83,479872.26,662680.74,410.86,0.3596,1.433,345316.25,5965.51,5965.51,1.35,Low
2024-10-13,DC003,Delhi Enterprise DC,Delhi,India,35,Air Cooling,0.12,0.75,15,12,99.9,721846.69,399241.78,273459.61,15872.76,0.0,40714.21,29.24,54.63,4100,2585,1515,49.78,65.57,10.0,387260.8,86621.6,32815.15,48460.56,0.0,0.0,65.12,108277.0,613569.69,460.18,0.6375,1.808,322604.91,12362.63,12362.63,1.55,Medium
2024-10-13,DC004,Hyderabad Cloud DC,Hyderabad,India,50,Hybrid Cooling,0.1,0.66,35,6,99.95,840141.32,554674.99,224717.22,15890.25,0.0,43180.1,22.99,67.6,6100,3147,2953,37.2,72.23,22.82,591017.64,84014.13,22471.72,53552.39,0.0,0.0,76.72,294049.46,546091.86,360.42,0.429,1.515,285466.32,3586.26,3586.26,1.45,Low
2024-10-13,DC005,Pune Backup DC,Pune,India,30,Air Cooling,0.095,0.68,28,8,99.8,568382.71,327311.86,200950.02,8606.17,0.0,30082.68,26.14,59.9,3300,2422,878,58.09,77.92,24.72,270765.7,53996.36,19090.25,40160.69,0.0,0.0,65.23,159147.16,409235.55,278.28,0.4896,1.737,241070.85,5799.69,5799.69,1.55,Medium
2024-10-14,DC001,Mumbai Core DC,Mumbai,India,45,Air Cooling,0.11,0.72,18,9,99.9,1266578.59,705835.45,460169.51,24949.16,0.0,63705.94,27.29,63.25,5200,4252,948,70.35,60.81,35.54,519116.84,139323.64,50618.65,56064.7,0.0,0.0,62.36,227984.15,1038594.44,747.79,0.5904,1.794,560743.14,18978.7,18978.7,1.55,High
2024-10-14,DC002,Bengaluru AI Hub,Bengaluru,India,60,Liquid Cooling,0.09,0.62,42,4,99.95,1183789.94,806614.68,268049.1,28829.11,0.0,65017.08,26.6,59.04,7200,4967,2233,52.64,71.23,53.03,825945.73,106541.09,24124.42,43968.31,0.0,0.0,81.78,497191.77,686598.16,425.69,0.3596,1.468,377175.26,8537.41,8537.41,1.35,Medium
2024-10-14,DC003,Delhi Enterprise DC,Delhi,India,35,Air Cooling,0.12,0.75,15,12,99.9,857176.08,461444.43,334194.04,14857.98,0.0,46053.14,33.32,60.1,4100,2022,2078,37.39,79.37,29.94,459938.62,102861.13,40103.28,46277.63,0.0,0.0,67.57,128576.41,728599.67,546.45,0.6375,1.858,395731.65,17032.47,17032.47,1.55,High
2024-10-14,DC004,Hyderabad Cloud DC,Hyderabad,India,50,Hybrid Cooling,0.1,0.66,35,6,99.95,1159049.96,737569.33,320968.06,32343.66,0.0,58119.5,27.27,44.27,6100,5427,673,72.43,59.52,31.05,643150.11,115905.0,32096.81,61867.04,0.0,0.0,72.36,405667.49,753382.48,497.23,0.429,1.571,421480.63,8957.44,8957.44,1.45,Medium
2024-10-14,DC005,Pune Backup DC,Pune,India,30,Air Cooling,0.095,0.68,28,8,99.8,583135.88,344914.69,192021.6,9620.14,5669.47,28032.0,23.68,55.0,3300,2199,1101,51.7,58.87,36.43,320532.91,55397.91,18242.05,41731.77,0.0,0.0,69.7,163278.05,419857.83,285.5,0.4896,1.691,238221.19,4609.22,4609.22,1.55,Medium
2024-10-15,DC001,Mumbai Core DC,Mumbai,India,45,Air Cooling,0.11,0.72,18,9,99.9,1228492.57,695334.04,429280.82,30025.68,0.0,63278.34,26.16,51.09,5200,4228,972,66.1,62.72,25.89,534484.06,135134.18,47220.89,56612.7,0.0,0.0,64.12,221128.66,1007363.91,725.3,0.5904,1.767,533158.53,16579.73,16579.73,1.55,High
2024-10-15,DC002,Bengaluru AI Hub,Bengaluru,India,60,Liquid Cooling,0.09,0.62,42,4,99.95,1321567.67,907045.93,289606.43,24417.97,6687.95,68981.39,25.55,59.92,7200,6000,1200,68.6,72.43,54.02,803325.78,118941.09,26064.58,49477.08,0.0,0.0,79.03,555058.42,766509.25,475.24,0.3596,1.457,414521.74,8735.01,8735.01,1.35,Medium
2024-10-15,DC003,Delhi Enterprise DC,Delhi,India,35,Air Cooling,0.12,0.75,15,12,99.9,886519.46,503152.55,323592.29,17222.71,0.0,42628.73,29.41,45.31,4100,2883,1217,58.6,75.06,41.66,458982.03,106382.33,38831.08,40782.97,0.0,0.0,67.94,132977.92,753541.54,565.16,0.6375,1.762,383366.9,12795.96,12795.96,1.55,Medium
2024-10-15,DC004,Hyderabad Cloud DC,Hyderabad,India,50,Hybrid Cooling,0.1,0.66,35,6,99.95,1076870.56,681890.75,304135.24,22945.3,0.0,54557.02,26.29,55.52,6100,3868,2232,48.25,74.86,32.81,649398.43,107687.06,30413.52,44258.17,0.0,0.0,76.6,376904.7,699965.86,461.98,0.429,1.579,394979.8,8812.9,8812.9,1.45,Medium
2024-10-15,DC005,Pune Backup DC,Pune,India,30,Air Cooling,0.095,0.68,28,8,99.8,588186.01,337536.11,196846.45,11330.66,0.0,31803.18,26.44,55.18,3300,2160,1140,50.78,54.27,18.52,317092.95,55877.67,18700.41,26802.43,0.0,0.0,73.93,164692.08,423493.92,287.98,0.4896,1.743,250649.9,6175.48,6175.48,1.55,Medium
2024-10-16,DC001,Mumbai Core DC,Mumbai,India,45,Air Cooling,0.11,0.72,18,9,99.9,1165517.6,668227.01,423334.35,16803.25,0.0,65136.06,29.79,65.85,5200,4124,1076,66.55,65.66,45.56,554845.73,128206.94,46566.78,46799.9,0.0,0.0,68.46,209793.17,955724.43,688.12,0.5904,1.744,497290.59,14274.23,14274.23,1.55,High
2024-10-16,DC002,Bengaluru AI Hub,Bengaluru,India,60,Liquid Cooling,0.09,0.62,42,4,99.95,1363304.37,913883.47,315709.11,27746.05,0.0,73248.1,27.3,39.77,7200,6497,703,74.43,53.79,49.08,807584.41,122697.39,28413.82,49275.98,0.0,0.0,78.71,572587.84,790716.54,490.24,0.3596,1.492,449420.9,11660.55,11660.55,1.35,Medium
2024-10-16,DC003,Delhi Enterprise DC,Delhi,India,35,Air Cooling,0.12,0.75,15,12,99.9,960190.48,517081.55,361601.11,22736.94,0.0,52812.61,31.46,65.11,4100,3344,756,67.46,80.79,23.46,435788.58,115222.86,43392.13,45276.83,0.0,0.0,63.17,144028.57,816161.91,612.12,0.6375,1.857,443108.93,19045.69,19045.69,1.55,High
2024-10-16,DC004,Hyderabad Cloud DC,Hyderabad,India,50,Hybrid Cooling,0.1,0.66,35,6,99.95,1124031.97,717854.73,310564.54,21734.55,0.0,61778.29,27.03,48.09,6100,4452,1648,56.51,56.4,35.47,669689.81,112403.2,31056.45,51174.04,0.0,0.0,75.57,393411.19,730620.78,482.21,0.429,1.566,406177.24,8314.26,8314.26,1.45,Medium
2024-10-16,DC005,Pune Backup DC,Pune,India,30,Air Cooling,0.095,0.68,28,8,99.8,637364.97,372273.6,209658.29,16482.5,0.0,34444.64,21.89,81.06,3300,2577,723,64.96,50.25,29.92,300401.54,60549.67,19917.54,31442.0,0.0,0.0,69.38,178462.19,458902.78,312.05,0.4896,1.712,265091.37,5732.38,5732.38,1.55,Medium
2024-10-17,DC001,Mumbai Core DC,Mumbai,India,45,Air Cooling,0.11,0.72,18,9,99.9,1051459.71,615036.18,371225.48,21664.15,0.0,52278.41,25.62,59.67,5200,3106,2094,43.62,65.74,27.47,546189.88,115660.57,40834.8,42384.62,0.0,0.0,71.06,189262.75,862196.96,620.78,0.5904,1.71,436423.53,10796.9,10796.9,1.55,Medium
2024-10-17,DC002,Bengaluru AI Hub,Bengaluru,India,60,Liquid Cooling,0.09,0.62,42,4,99.95,1170056.3,826859.57,251083.97,21998.95,0.0,65751.55,24.1,68.09,7200,5397,1803,58.73,70.92,51.45,847527.89,105305.07,22597.56,48319.92,0.0,0.0,81.87,491423.64,678632.65,420.75,0.3596,1.415,343196.73,4841.63,4841.63,1.35,Medium
2024-10-17,DC003,Delhi Enterprise DC,Delhi,India,35,Air Cooling,0.12,0.75,15,12,99.9,916836.48,485707.21,354164.82,21081.0,6604.69,44016.52,30.52,55.13,4100,3214,886,61.1,67.51,22.64,419199.0,110020.38,42499.78,48499.28,0.0,0.0,62.19,137525.47,779311.01,584.48,0.6375,1.888,431129.27,19678.84,19678.84,1.55,High
2024-10-17,DC004,Hyderabad Cloud DC,Hyderabad,India,50,Hybrid Cooling,0.1,0.66,35,6,99.95,1111865.13,700472.3,331196.33,26428.94,0.0,53683.5,26.82,52.55,6100,4315,1785,57.38,66.61,32.97,643504.83,111186.51,33119.63,45848.28,0.0,0.0,75.6,389152.8,722712.34,476.99,0.429,1.587,411392.83,9618.03,9618.03,1.45,Medium
2024-10-17,DC005,Pune Backup DC,Pune,India,30,Air Cooling,0.095,0.68,28,8,99.8,644209.76,370589.09,222876.46,11167.35,5037.34,34323.06,22.51,61.88,3300,2693,607,65.01,76.14,32.99,324936.67,61199.93,21173.26,42753.47,0.0,0.0,68.01,180378.73,463831.02,315.41,0.4896,1.738,273620.67,6630.68,6630.68,1.55,Medium
2024-10-18,DC001,Mumbai Core DC,Mumbai,India,45,Air Cooling,0.11,0.72,18,9,99.9,1202650.62,663879.07,468832.27,23057.09,0.0,66196.58,31.7,79.38,5200,3551,1649,58.04,83.09,33.79,524896.86,132291.57,51571.55,53152.39,0.0,0.0,64.67,216477.11,986173.51,710.04,0.5904,1.812,538771.55,19100.19,19100.19,1.55,High
2024-10-18,DC002,Bengaluru AI Hub,Bengaluru,India,60,Liquid Cooling,0.09,0.62,42,4,99.95,1179857.71,837557.59,257553.49,25583.57,0.0,57226.38,28.01,66.4,7200,5154,2046,58.42,55.62,50.58,777019.61,106187.19,23179.81,64284.34,0.0,0.0,78.06,495540.24,684317.47,424.28,0.3596,1.409,342300.11,4423.95,4423.95,1.35,Medium
2024-10-18,DC003,Delhi Enterprise DC,Delhi,India,35,Air Cooling,0.12,0.75,15,12,99.9,930718.62,518358.51,330650.26,20297.25,9237.67,44682.15,29.09,66.4,4100,3158,942,62.46,70.41,44.58,436248.71,111686.23,39678.03,43147.69,0.0,0.0,64.51,139607.79,791110.83,593.33,0.6375,1.796,412360.1,15271.55,15271.55,1.55,Medium
2024-10-18,DC004,Hyderabad Cloud DC,Hyderabad,India,50,Hybrid Cooling,0.1,0.66,35,6,99.95,1156613.22,731914.36,349542.55,23073.91,0.0,59240.29,27.0,69.75,6100,5297,803,71.87,75.0,28.4,628151.71,115661.32,34954.26,44606.52,0.0,0.0,74.49,404814.63,751798.59,496.19,0.429,1.58,424698.86,9533.74,9533.74,1.45,Medium
2024-10-18,DC005,Pune Backup DC,Pune,India,30,Air Cooling,0.095,0.68,28,8,99.8,599975.95,351656.56,202742.95,11115.29,0.0,31721.6,26.66,64.71,3300,2534,766,59.51,63.38,33.22,319840.64,56997.71,19260.58,40008.69,18.7,34782.61,58.8,167993.26,431982.68,293.75,0.4896,1.706,248319.39,5216.29,39998.9,1.55,Medium
2024-10-19,DC001,Mumbai Core DC,Mumbai,India,45,Air Cooling,0.11,0.72,18,9,99.9,1027471.92,592109.91,346434.91,16337.14,0.0,52199.49,25.14,62.87,5200,3338,1862,51.44,47.36,30.36,502563.67,113021.91,38107.84,58097.52,0.0,0.0,65.95,184944.95,842526.98,606.62,0.5904,1.735,435362.01,12067.17,12067.17,1.55,Medium
2024-10-19,DC002,Bengaluru AI Hub,Bengaluru,India,60,Liquid Cooling,0.09,0.62,42,4,99.95,1047570.49,726861.48,231808.85,24040.39,0.0,50282.16,24.67,52.23,7200,4242,2958,48.01,70.68,51.05,731945.34,94281.34,20862.8,69588.84,0.0,0.0,77.61,439979.61,607590.88,376.71,0.3596,1.441,320709.01,5967.67,5967.67,1.35,Low
2024-10-19,DC003,Delhi Enterprise DC,Delhi,India,35,Air Cooling,0.12,0.75,15,12,99.9,725535.33,418197.18,257765.42,12343.49,0.0,36881.36,27.24,49.74,4100,2286,1814,43.91,80.37,26.69,381924.1,87064.24,30931.85,57326.46,0.0,0.0,62.19,108830.3,616705.03,462.53,0.6375,1.735,307338.15,9279.56,9279.56,1.55,Medium
2024-10-19,DC004,Hyderabad Cloud DC,Hyderabad,India,50,Hybrid Cooling,0.1,0.66,35,6,99.95,998760.71,605760.85,295683.21,20460.05,9671.43,48667.66,28.15,59.56,6100,3965,2135,54.66,77.9,25.33,586154.64,99876.07,29568.32,45933.72,0.0,0.0,75.12,349566.25,649194.46,428.47,0.429,1.649,392999.86,12040.75,12040.75,1.45,Medium
2024-10-19,DC005,Pune Backup DC,Pune,India,30,Air Cooling,0.095,0.68,28,8,99.8,514520.96,295903.85,178815.57,8020.1,10603.59,26782.06,22.68,66.85,3300,1997,1303,43.99,65.49,15.62,278235.78,48879.49,16987.48,34364.95,0.0,0.0,70.08,144065.87,370455.09,251.91,0.4896,1.739,218617.11,5307.65,5307.65,1.55,Medium
2024-10-20,DC001,Mumbai Core DC,Mumbai,India,45,Air Cooling,0.11,0.72,18,9,99.9,1055701.42,597867.29,364398.69,18986.51,0.0,55943.1,27.13,50.38,5200,3777,1423,59.55,62.0,34.3,485097.01,116127.16,40083.86,53707.18,0.0,0.0,64.99,190026.26,865675.16,623.29,0.5904,1.766,457834.13,14190.78,14190.78,1.55,Medium
2024-10-20,DC002,Bengaluru AI Hub,Bengaluru,India,60,Liquid Cooling,0.09,0.62,42,4,99.95,1110239.03,788720.26,236051.29,23164.46,5983.02,57826.58,21.62,67.6,7200,6014,1186,68.76,86.71,46.26,701601.24,99921.51,21244.62,68850.44,0.0,0.0,75.94,466300.39,643938.64,399.24,0.3596,1.408,321518.78,4092.0,4092.0,1.35,Low
2024-10-20,DC003,Delhi Enterprise DC,Delhi,India,35,Air Cooling,0.12,0.75,15,12,99.9,754840.45,420754.83,273611.78,14701.19,0.0,36630.19,27.52,55.96,4100,2781,1319,50.69,57.37,33.64,385451.2,90580.85,32833.41,40619.75,0.0,0.0,65.96,113226.07,641614.38,481.21,0.6375,1.794,334085.62,12320.46,12320.46,1.55,Medium
2024-10-20,DC004,Hyderabad Cloud DC,Hyderabad,India,50,Hybrid Cooling,0.1,0.66,35,6,99.95,1066573.44,685018.67,309334.01,19371.83,0.0,51590.87,28.28,67.83,6100,4986,1114,71.49,48.24,37.51,584502.24,106657.34,30933.4,58966.21,0.0,0.0,71.66,373300.7,693272.74,457.56,0.429,1.557,381554.77,7329.64,7329.64,1.45,Medium
2024-10-20,DC005,Pune Backup DC,Pune,India,30,Air Cooling,0.095,0.68,28,8,99.8,564915.6,325164.89,203406.59,9810.81,0.0,30093.86,24.66,66.28,3300,2914,386,70.71,56.09,17.72,275090.28,53666.98,19323.63,37343.9,0.0,0.0,66.92,158176.37,406739.23,276.58,0.4896,1.737,239750.71,5786.45,5786.45,1.55,Medium
2024-10-21,DC001,Mumbai Core DC,Mumbai,India,45,Air Cooling,0.11,0.72,18,9,99.9,1246659.86,674014.1,470694.35,20271.76,0.0,65535.8,29.53,68.6,5200,4119,1081,65.36,68.18,36.8,565561.95,137132.58,51776.38,45500.29,0.0,0.0,67.71,224398.77,1022261.08,736.03,0.5904,1.85,572645.76,22213.18,22213.18,1.55,High
2024-10-21,DC002,Bengaluru AI Hub,Bengaluru,India,60,Liquid Cooling,0.09,0.62,42,4,99.95,1188677.25,841926.37,243422.32,34555.37,0.0,64863.53,24.15,59.12,7200,5626,1574,65.35,67.33,44.34,796080.01,106980.95,21908.01,50899.09,0.0,0.0,80.17,499244.45,689432.81,427.45,0.3596,1.412,346750.88,4686.9,4686.9,1.35,Medium
2024-10-21,DC003,Delhi Enterprise DC,Delhi,India,35,Air Cooling,0.12,0.75,15,12,99.9,827453.96,451876.85,326774.55,12472.36,0.0,39896.33,31.41,56.09,4100,2666,1434,50.67,72.59,12.02,424632.94,99294.48,39212.95,45965.15,0.0,0.0,65.79,124118.09,703335.87,527.5,0.6375,1.831,375577.11,15245.38,15245.38,1.55,Medium
2024-10-21,DC004,Hyderabad Cloud DC,Hyderabad,India,50,Hybrid Cooling,0.1,0.66,35,6,99.95,1089538.13,693565.23,315623.45,28113.48,0.0,54142.16,26.75,52.11,6100,3552,2548,47.19,60.56,34.8,669232.47,108953.81,31562.34,59082.43,0.0,0.0,74.89,381338.35,708199.79,467.41,0.429,1.571,395972.9,8386.86,8386.86,1.45,Medium
2024-10-21,DC005,Pune Backup DC,Pune,India,30,Air Cooling,0.095,0.68,28,8,99.8,589614.32,342940.9,198716.01,13787.88,0.0,28275.51,25.88,56.09,3300,2088,1212,47.96,61.07,35.73,313753.2,56013.36,18878.02,31024.98,0.0,0.0,72.26,165092.01,424522.31,288.68,0.4896,1.719,246673.42,5515.31,5515.31,1.55,Medium
2024-10-22,DC001,Mumbai Core DC,Mumbai,India,45,Air Cooling,0.11,0.72,18,9,99.9,1209765.23,690326.67,427325.19,29510.73,0.0,58675.27,29.44,82.78,5200,4061,1139,62.47,71.23,41.04,524306.29,133074.18,47005.77,45339.75,0.0,0.0,65.97,217757.74,992007.49,714.25,0.5904,1.752,519438.56,15373.48,15373.48,1.55,High
2024-10-22,DC002,Bengaluru AI Hub,Bengaluru,India,60,Liquid Cooling,0.09,0.62,42,4,99.95,1223462.56,852181.81,263132.85,32903.52,0.0,61084.45,25.45,52.18,7200,5883,1317,69.16,65.99,39.97,763878.51,110111.63,23681.96,58994.16,0.0,0.0,77.86,513854.28,709608.29,439.96,0.3596,1.436,371280.76,6571.54,6571.54,1.35,Medium
2024-10-22,DC003,Delhi Enterprise DC,Delhi,India,35,Air Cooling,0.12,0.75,15,12,99.9,876001.11,483370.35,311978.61,20805.1,4337.42,47395.88,26.36,35.21,4100,3099,1001,57.85,68.37,26.97,442602.78,105120.13,37437.43,40049.64,19.9,19102.12,62.89,131400.17,744600.94,558.45,0.6375,1.812,392630.76,15213.25,34315.37,1.55,Medium
2024-10-22,DC004,Hyderabad Cloud DC,Hyderabad,India,50,Hybrid Cooling,0.1,0.66,35,6,99.95,1156768.2,742106.99,311657.67,23969.8,0.0,61595.69,26.73,68.04,6100,4941,1159,66.76,62.87,43.71,654881.46,115676.82,31165.77,43009.37,0.0,0.0,75.77,404868.87,751899.33,496.25,0.429,1.559,414661.21,8071.31,8071.31,1.45,Medium
2024-10-22,DC005,Pune Backup DC,Pune,India,30,Air Cooling,0.095,0.68,28,8,99.8,618523.19,355843.53,204606.77,13913.71,0.0,34136.85,25.49,59.23,3300,2536,764,61.07,62.75,30.93,319697.23,58759.7,19437.64,39493.87,0.0,0.0,69.27,173186.49,445336.7,302.83,0.4896,1.738,262679.67,6361.74,6361.74,1.55,Medium
2024-10-23,DC001,Mumbai Core DC,Mumbai,India,45,Air Cooling,0.11,0.72,18,9,99.9,1101239.07,605532.45,402704.52,24851.93,3207.9,54356.4,27.73,59.42,5200,3519,1681,50.41,81.1,13.61,570029.93,121136.3,44297.5,56962.38,118.4,150108.53,42.42,198223.03,903016.04,650.17,0.5904,1.819,495706.62,17893.01,168001.55,1.55,High
2024-10-23,DC002,Bengaluru AI Hub,Bengaluru,India,60,Liquid Cooling,0.09,0.62,42,4,99.95,1263331.95,893043.24,273844.62,25156.16,7610.97,70767.22,22.75,83.68,7200,6057,1143,67.65,63.13,53.34,849273.98,113699.88,24646.02,51980.61,0.0,0.0,80.49,530599.42,732732.53,454.29,0.3596,1.415,370288.7,5195.12,5195.12,1.35,Medium
2024-10-23,DC003,Delhi Enterprise DC,Delhi,India,35,Air Cooling,0.12,0.75,15,12,99.9,879520.32,472550.33,339616.92,14621.34,0.0,48761.52,29.95,47.12,4100,3145,955,61.57,64.41,19.16,455620.9,105542.44,40754.03,45471.56,0.0,0.0,66.86,131928.05,747592.28,560.69,0.6375,1.861,406969.99,17648.08,17648.08,1.55,High
2024-10-23,DC004,Hyderabad Cloud DC,Hyderabad,India,50,Hybrid Cooling,0.1,0.66,35,6,99.95,1117695.05,724062.66,312043.6,27895.95,3831.88,54014.65,24.49,54.87,6100,5415,685,71.96,58.47,34.95,644462.94,111769.51,31204.36,48814.99,0.0,0.0,75.08,391193.27,726501.78,479.49,0.429,1.544,393632.4,6780.42,6780.42,1.45,Medium
2024-10-23,DC005,Pune Backup DC,Pune,India,30,Air Cooling,0.095,0.68,28,8,99.8,610146.09,359978.92,209211.85,11550.55,0.0,33928.85,24.79,74.71,3300,2289,1011,59.14,74.04,29.75,302540.19,57963.88,19875.13,44181.26,0.0,0.0,66.24,170840.91,439305.19,298.73,0.4896,1.695,250167.17,4956.98,4956.98,1.55,Medium
2024-10-24,DC001,Mumbai Core DC,Mumbai,India,45,Air Cooling,0.11,0.72,18,9,99.9,1191876.3,663212.93,445979.0,26101.84,0.0,66625.78,28.82,61.58,5200,4330,870,68.49,68.91,36.61,525577.32,131106.39,49057.69,48093.17,0.0,0.0,65.9,214537.73,977338.56,703.68,0.5904,1.797,528663.37,18028.59,18028.59,1.55,High
2024-10-24,DC002,Bengaluru AI Hub,Bengaluru,India,60,Liquid Cooling,0.09,0.62,42,4,99.95,1275977.74,876269.27,276254.71,37308.08,0.0,71394.43,21.14,62.59,7200,6066,1134,72.19,74.78,40.01,812385.11,114838.0,24862.92,52607.85,0.0,0.0,79.39,535910.65,740067.09,458.84,0.3596,1.456,399708.47,8371.28,8371.28,1.35,Medium
2024-10-24,DC003,Delhi Enterprise DC,Delhi,India,35,Air Cooling,0.12,0.75,15,12,99.9,949442.14,511410.42,360972.37,20578.89,0.0,52036.49,28.96,49.9,4100,3150,950,64.9,76.37,34.18,410673.13,113933.06,43316.68,46029.24,0.0,0.0,61.05,142416.32,807025.82,605.27,0.6375,1.857,438031.72,18810.72,18810.72,1.55,High
2024-10-24,DC004,Hyderabad Cloud DC,Hyderabad,India,50,Hybrid Cooling,0.1,0.66,35,6,99.95,1061430.96,665264.8,312660.57,18537.6,0.0,54875.45,27.3,67.27,6100,3924,2176,50.61,68.68,43.24,650018.53,106143.1,31266.06,59637.54,0.0,0.0,74.5,371500.83,689930.12,455.35,0.429,1.596,396166.15,9679.7,9679.7,1.45,Medium
2024-10-24,DC005,Pune Backup DC,Pune,India,30,Air Cooling,0.095,0.68,28,8,99.8,621870.79,373717.1,202511.32,16227.37,0.0,33167.51,23.57,50.95,3300,2615,685,66.72,55.21,34.77,318104.65,59077.73,19238.58,40513.88,0.0,0.0,68.69,174123.82,447746.97,304.47,0.4896,1.664,248153.69,4047.88,4047.88,1.55,Medium
2024-10-25,DC001,Mumbai Core DC,Mumbai,India,45,Air Cooling,0.11,0.72,18,9,99.9,1109690.67,653313.73,373161.49,20507.06,9111.92,61572.88,25.95,77.07,5200,3519,1681,56.12,80.14,37.38,570667.38,122065.97,41047.76,42881.34,0.0,0.0,71.1,199744.32,909946.35,655.16,0.5904,1.699,456376.94,10675.98,10675.98,1.55,High
2024-10-25,DC002,Bengaluru AI Hub,Bengaluru,India,60,Liquid Cooling,0.09,0.62,42,4,99.95,1203934.64,861932.21,243907.84,29847.02,0.0,58220.25,23.55,54.64,7200,5799,1401,69.75,52.11,58.59,777638.11,108354.12,21951.71,45183.08,0.0,0.0,80.26,505652.55,698282.09,432.93,0.3596,1.397,342002.44,3629.35,3629.35,1.35,Medium
2024-10-25,DC003,Delhi Enterprise DC,Delhi,India,35,Air Cooling,0.12,0.75,15,12,99.9,801122.91,454667.69,296960.37,14314.73,0.0,44145.71,27.94,59.17,4100,2431,1669,47.79,69.21,25.35,463235.96,96134.75,35635.24,39797.27,0.0,0.0,70.66,120168.44,680954.47,510.72,0.6375,1.762,346455.22,11566.56,11566.56,1.55,Medium
2024-10-25,DC004,Hyderabad Cloud DC,Hyderabad,India,50,Hybrid Cooling,0.1,0.66,35,6,99.95,1178774.31,757935.17,340963.56,23092.51,0.0,66243.37,25.34,49.09,6100,5478,622,72.09,71.0,46.15,699396.02,117877.43,34096.36,50902.81,0.0,0.0,75.87,412571.01,766203.3,505.69,0.429,1.555,420839.14,7976.83,7976.83,1.45,Medium
2024-10-25,DC005,Pune Backup DC,Pune,India,30,Air Cooling,0.095,0.68,28,8,99.8,682894.88,383115.97,241545.36,15878.59,0.0,34809.21,25.89,57.82,3300,2843,457,75.88,56.18,33.57,339430.91,64875.01,22946.81,36205.0,0.0,0.0,70.22,191210.57,491684.31,334.35,0.4896,1.782,299778.91,8461.19,8461.19,1.55,Medium
2024-10-26,DC001,Mumbai Core DC,Mumbai,India,45,Air Cooling,0.11,0.72,18,9,99.9,1063696.83,611664.07,383716.18,21361.48,0.0,58391.81,28.42,75.66,5200,3981,1219,61.03,63.92,30.21,487327.53,117006.65,42208.78,56647.66,0.0,0.0,64.37,191465.43,872231.4,628.01,0.5904,1.739,452032.76,12717.93,12717.93,1.55,Medium
2024-10-26,DC002,Bengaluru AI Hub,Bengaluru,India,60,Liquid Cooling,0.09,0.62,42,4,99.95,1143074.46,787782.59,251717.58,34638.56,0.0,63513.99,27.37,59.92,7200,6121,1079,68.25,78.96,59.98,698419.77,102876.7,22654.58,43475.29,10.4,9791.05,77.64,480091.27,662983.19,411.05,0.3596,1.451,355291.87,7161.12,16952.17,1.35,Low
2024-10-26,DC003,Delhi Enterprise DC,Delhi,India,35,Air Cooling,0.12,0.75,15,12,99.9,826854.17,438974.13,323886.2,13661.51,0.0,39793.58,30.45,48.88,4100,3123,977,62.83,54.54,28.98,366707.65,99222.5,38866.34,43615.8,0.0,0.0,61.05,124028.13,702826.04,527.12,0.6375,1.884,387880.04,17573.31,17573.31,1.55,High
2024-10-26,DC004,Hyderabad Cloud DC,Hyderabad,India,50,Hybrid Cooling,0.1,0.66,35,6,99.95,1037234.35,646242.86,305411.09,23358.68,0.0,56954.63,28.89,49.47,6100,4275,1825,59.69,68.07,28.88,591397.87,103723.43,30541.11,46694.75,0.0,0.0,74.57,363032.02,674202.33,444.97,0.429,1.605,390991.49,10018.22,10018.22,1.45,Medium
2024-10-26,DC005,Pune Backup DC,Pune,India,30,Air Cooling,0.095,0.68,28,8,99.8,561067.15,324324.59,192591.0,10835.45,0.0,30128.75,26.24,52.04,3300,2141,1159,54.2,52.87,37.23,273875.97,53301.38,18296.15,39204.44,0.0,0.0,66.22,157098.8,403968.35,274.7,0.4896,1.73,236742.57,5544.58,5544.58,1.55,Medium
2024-10-27,DC001,Mumbai Core DC,Mumbai,India,45,Air Cooling,0.11,0.72,18,9,99.9,1100206.3,618003.08,381462.51,23771.24,0.0,58804.99,26.0,63.63,5200,4042,1158,62.02,67.3,51.48,484381.89,121022.69,41960.88,45050.53,0.0,0.0,65.71,198037.13,902169.16,649.56,0.5904,1.78,482203.22,15653.17,15653.17,1.55,Medium
2024-10-27,DC002,Bengaluru AI Hub,Bengaluru,India,60,Liquid Cooling,0.09,0.62,42,4,99.95,1126181.88,768164.71,248925.38,27199.62,7844.89,57621.0,24.27,55.21,7200,5891,1309,65.68,65.39,40.24,694892.31,101356.37,22403.28,51444.55,0.0,0.0,78.01,472996.39,653185.49,404.98,0.3596,1.466,358017.17,8024.36,8024.36,1.35,Low
2024-10-27,DC003,Delhi Enterprise DC,Delhi,India,35,Air Cooling,0.12,0.75,15,12,99.9,778134.5,427029.96,293090.11,18092.38,0.0,37857.55,30.26,53.12,4100,3104,996,58.16,59.16,21.76,381445.64,93376.14,35170.81,43242.03,0.0,0.0,64.18,116720.17,661414.32,496.06,0.6375,1.822,351104.54,13948.57,13948.57,1.55,Medium
2024-10-27,DC004,Hyderabad Cloud DC,Hyderabad,India,50,Hybrid Cooling,0.1,0.66,35,6,99.95,1075125.5,664966.81,312207.18,19410.5,0.0,52783.63,27.67,35.0,6100,4505,1595,59.83,82.0,47.69,576492.31,107512.55,31220.72,50437.23,0.0,0.0,72.6,376293.93,698831.58,461.23,0.429,1.617,410158.69,11092.36,11092.36,1.45,Medium
2024-10-27,DC005,Pune Backup DC,Pune,India,30,Air Cooling,0.095,0.68,28,8,99.8,547707.39,318036.51,179636.35,12929.87,0.0,28868.2,25.54,46.54,3300,2421,879,57.96,75.54,26.08,266884.67,52032.2,17065.45,28388.07,0.0,0.0,69.87,153358.07,394349.32,268.16,0.4896,1.722,229670.89,5201.33,5201.33,1.55,Medium
2024-10-28,DC001,Mumbai Core DC,Mumbai,India,45,Air Cooling,0.11,0.72,18,9,99.9,1198979.63,673089.66,428935.4,30188.78,0.0,64436.15,29.35,85.89,5200,3651,1549,54.96,74.67,26.31,542287.52,131887.76,47182.89,46635.56,0.0,0.0,67.08,215816.33,983163.29,707.88,0.5904,1.781,525889.97,17125.97,17125.97,1.55,High
2024-10-28,DC002,Bengaluru AI Hub,Bengaluru,India,60,Liquid Cooling,0.09,0.62,42,4,99.95,1239744.76,863782.51,253956.25,30684.18,0.0,65699.0,22.01,61.14,7200,5155,2045,60.83,68.34,47.17,761888.98,111577.03,22856.06,60633.84,0.0,0.0,77.4,520692.8,719051.96,445.81,0.3596,1.435,375962.25,6627.45,6627.45,1.35,Medium
2024-10-28,DC003,Delhi Enterprise DC,Delhi,India,35,Air Cooling,0.12,0.75,15,12,99.9,894187.52,487611.01,347698.84,15253.37,0.0,46852.33,30.3,73.24,4100,3069,1031,56.94,62.84,33.37,432147.54,107302.5,41723.86,39262.34,0.0,0.0,66.08,134128.13,760059.39,570.04,0.6375,1.834,406576.51,16606.85,16606.85,1.55,Medium
2024-10-28,DC004,Hyderabad Cloud DC,Hyderabad,India,50,Hybrid Cooling,0.1,0.66,35,6,99.95,1033455.67,648478.26,308558.31,19933.83,0.0,57234.25,26.75,62.6,6100,3330,2770,44.16,70.44,33.98,664228.96,103345.57,30855.83,48347.27,0.0,0.0,77.16,361709.49,671746.19,443.35,0.429,1.594,384977.41,9316.22,9316.22,1.45,Medium
2024-10-28,DC005,Pune Backup DC,Pune,India,30,Air Cooling,0.095,0.68,28,8,99.8,640245.25,368269.56,223706.57,15896.1,0.0,30921.8,26.29,60.42,3300,2664,636,65.7,73.5,17.09,314630.68,60823.3,21252.12,31695.48,0.0,0.0,70.59,179268.67,460976.58,313.46,0.4896,1.739,271975.7,6595.61,6595.61,1.55,Medium
2024-10-29,DC001,Mumbai Core DC,Mumbai,India,45,Air Cooling,0.11,0.72,18,9,99.9,1063625.2,628325.6,359082.39,20620.49,0.0,53782.95,25.13,56.35,5200,3765,1435,57.74,62.65,21.0,551148.9,116998.77,39499.06,53836.83,0.0,0.0,69.0,191452.54,872172.66,627.96,0.5904,1.693,435299.59,9869.26,9869.26,1.55,Medium
2024-10-29,DC002,Bengaluru AI Hub,Bengaluru,India,60,Liquid Cooling,0.09,0.62,42,4,99.95,1155118.53,822272.88,252631.89,25493.8,0.0,64581.42,24.85,57.92,7200,4398,2802,49.13,76.0,64.03,851570.24,103960.67,22736.87,61768.88,4.7,7984.36,79.6,485149.78,669968.75,415.38,0.3596,1.405,332845.65,4054.51,12038.87,1.35,Low
2024-10-29,DC003,Delhi Enterprise DC,Delhi,India,35,Air Cooling,0.12,0.75,15,12,99.9,983746.75,526715.32,378048.83,22368.1,0.0,54149.62,29.63,44.77,4100,3319,781,70.91,73.06,32.1,431663.28,118049.61,45365.86,51852.38,0.0,0.0,60.64,147562.01,836184.74,627.14,0.6375,1.868,457031.42,20080.56,20080.56,1.55,High
2024-10-29,DC004,Hyderabad Cloud DC,Hyderabad,India,50,Hybrid Cooling,0.1,0.66,35,6,99.95,1176219.91,726298.41,340292.51,22362.23,0.0,59251.58,26.77,50.6,6100,5021,1079,69.05,57.65,22.95,700821.73,117621.99,34029.25,44128.89,0.0,0.0,76.92,411676.97,764542.94,504.6,0.429,1.619,449921.51,12308.72,12308.72,1.45,Medium
2024-10-29,DC005,Pune Backup DC,Pune,India,30,Air Cooling,0.095,0.68,28,8,99.8,622171.05,366059.09,201438.6,15549.27,0.0,30022.24,24.28,60.21,3300,2630,670,62.32,64.88,54.84,340755.75,59106.25,19136.67,40860.51,0.0,0.0,70.66,174207.89,447963.15,304.61,0.4896,1.7,256111.95,5204.05,5204.05,1.55,Medium
2024-10-30,DC001,Mumbai Core DC,Mumbai,India,45,Air Cooling,0.11,0.72,18,9,99.9,1079774.7,625953.08,363788.87,16957.9,0.0,54306.86,26.76,71.0,5200,3414,1786,51.99,82.91,26.96,586497.65,118775.22,40016.78,41295.23,0.0,0.0,72.71,194359.45,885415.25,637.5,0.5904,1.725,453821.62,12050.22,12050.22,1.55,Medium
2024-10-30,DC002,Bengaluru AI Hub,Bengaluru,India,60,Liquid Cooling,0.09,0.62,42,4,99.95,1213639.97,832152.81,256411.41,30467.19,0.0,64570.52,21.42,47.64,7200,5308,1892,61.95,80.28,47.94,844137.59,109227.6,23077.03,62331.98,0.0,0.0,79.68,509728.79,703911.18,436.42,0.3596,1.458,381487.16,8121.03,8121.03,1.35,Medium
2024-10-30,DC003,Delhi Enterprise DC,Delhi,India,35,Air Cooling,0.12,0.75,15,12,99.9,828284.54,471896.71,295804.85,13912.91,0.0,41382.68,25.69,54.76,4100,3036,1064,61.66,58.61,29.72,422354.42,99394.15,35496.58,49088.22,62.5,56677.6,51.42,124242.68,704041.86,528.03,0.6375,1.755,356387.84,11621.36,68298.96,1.55,High
2024-10-30,DC004,Hyderabad Cloud DC,Hyderabad,India,50,Hybrid Cooling,0.1,0.66,35,6,99.95,1078348.07,694751.27,299583.27,22873.5,0.0,54321.28,25.8,55.5,6100,4533,1567,61.08,62.45,41.74,673175.15,107834.81,29958.33,48758.97,0.0,0.0,76.74,377421.82,700926.25,462.61,0.429,1.552,383596.8,7095.87,7095.87,1.45,Medium
2024-10-30,DC005,Pune Backup DC,Pune,India,30,Air Cooling,0.095,0.68,28,8,99.8,619697.67,357456.58,217308.45,15357.64,0.0,35052.37,26.59,64.22,3300,2507,793,61.9,56.0,20.76,313869.17,58871.28,20644.3,36850.38,0.0,0.0,69.5,173515.35,446182.32,303.4,0.4896,1.734,262241.09,6235.8,6235.8,1.55,Medium
2024-10-31,DC001,Mumbai Core DC,Mumbai,India,45,Air Cooling,0.11,0.72,18,9,99.9,1239650.54,671087.17,483922.55,17273.41,0.0,64198.06,30.85,56.71,5200,4362,838,69.3,64.81,33.61,536670.87,136361.56,53231.48,60441.86,0.0,0.0,63.33,223137.1,1016513.44,731.89,0.5904,1.847,568563.37,21941.2,21941.2,1.55,High
2024-10-31,DC002,Bengaluru AI Hub,Bengaluru,India,60,Liquid Cooling,0.09,0.62,42,4,99.95,1244125.92,871137.24,263959.62,32091.27,0.0,66859.98,25.05,80.33,7200,5573,1627,59.86,74.46,56.67,846295.37,111971.33,23756.37,65066.84,0.0,0.0,79.08,522532.89,721593.04,447.39,0.3596,1.428,372988.69,6128.16,6128.16,1.35,Medium
2024-10-31,DC003,Delhi Enterprise DC,Delhi,India,35,Air Cooling,0.12,0.75,15,12,99.9,848782.81,469442.62,303632.56,11747.92,2970.91,45830.51,28.18,62.23,4100,2937,1163,55.44,73.11,28.5,420217.25,101853.94,36435.91,51600.92,0.0,0.0,63.48,127317.42,721465.38,541.1,0.6375,1.808,379340.19,14537.61,14537.61,1.55,Medium
2024-10-31,DC004,Hyderabad Cloud DC,Hyderabad,India,50,Hybrid Cooling,0.1,0.66,35,6,99.95,1102768.66,687908.69,327308.35,20175.76,0.0,59542.1,26.14,54.33,6100,4517,1583,57.41,56.76,34.56,701317.53,110276.87,32730.84,53669.36,0.0,0.0,76.62,385969.03,716799.63,473.09,0.429,1.603,414859.98,10530.11,10530.11,1.45,Medium
2024-10-31,DC005,Pune Backup DC,Pune,India,30,Air Cooling,0.095,0.68,28,8,99.8,596706.33,346613.3,198214.15,11987.01,0.0,29953.73,25.81,44.38,3300,1792,1508,41.3,60.65,38.82,334883.17,56687.1,18830.34,32510.1,0.0,0.0,73.36,167077.77,429628.56,292.15,0.4896,1.722,250093.03,5648.29,5648.29,1.55,Medium
2024-11-01,DC001,Mumbai Core DC,Mumbai,India,45,Air Cooling,0.11,0.72,18,9,99.9,1087303.93,607575.46,397526.23,22979.52,0.0,56500.23,30.2,71.04,5200,3072,2128,48.82,60.87,26.36,513584.86,119603.43,43727.89,39112.67,0.0,0.0,69.1,195714.71,891589.22,641.94,0.5904,1.79,479728.47,16011.82,16011.82,1.55,Medium
2024-11-01,DC002,Bengaluru AI Hub,Bengaluru,India,60,Liquid Cooling,0.09,0.62,42,4,99.95,1100050.09,766983.9,235502.34,29819.75,0.0,59088.76,23.1,45.41,7200,4074,3126,43.63,66.38,39.79,757032.39,99004.51,21195.21,57970.97,0.0,0.0,79.26,462021.04,638029.05,395.58,0.3596,1.434,333066.19,5815.96,5815.96,1.35,Low
2024-11-01,DC003,Delhi Enterprise DC,Delhi,India,35,Air Cooling,0.12,0.75,15,12,99.9,966064.82,508714.49,380356.22,16762.48,0.0,49013.8,30.4,56.45,4100,3500,600,67.52,77.26,26.05,462143.42,115927.78,45642.75,32270.1,0.0,0.0,67.93,144909.72,821155.1,615.87,0.6375,1.899,457350.33,21306.88,21306.88,1.55,High
2024-11-01,DC004,Hyderabad Cloud DC,Hyderabad,India,50,Hybrid Cooling,0.1,0.66,35,6,99.95,1098026.0,722589.54,298559.71,22786.18,3098.51,57030.16,25.42,60.12,6100,4702,1398,59.43,72.61,35.12,674906.99,109802.6,29855.97,62512.43,0.0,0.0,74.47,384309.1,713716.9,471.05,0.429,1.52,375436.46,5027.12,5027.12,1.45,Medium
2024-11-01,DC005,Pune Backup DC,Pune,India,30,Air Cooling,0.095,0.68,28,8,99.8,614085.92,363759.14,199662.2,14650.63,0.0,33896.61,22.45,83.14,3300,2464,836,59.29,66.65,41.56,332091.34,58338.16,18967.91,40774.61,0.0,0.0,70.15,171944.06,442141.87,300.66,0.4896,1.688,250326.78,4774.63,4774.63,1.55,Medium
2024-11-02,DC001,Mumbai Core DC,Mumbai,India,45,Air Cooling,0.11,0.72,18,9,99.9,1108041.62,621451.3,381328.55,26585.29,0.0,59183.61,26.12,58.21,5200,4230,970,69.61,79.34,40.31,492759.41,121884.58,41946.14,45464.49,0.0,0.0,66.04,199447.49,908594.12,654.19,0.5904,1.783,486590.32,15927.13,15927.13,1.55,High
2024-11-02,DC002,Bengaluru AI Hub,Bengaluru,India,60,Liquid Cooling,0.09,0.62,42,4,99.95,1186761.77,856185.96,246703.13,25057.53,0.0,65400.91,24.82,53.91,7200,6624,576,87.9,79.09,51.43,732545.05,106808.56,22203.28,61286.59,0.0,0.0,77.05,498439.94,688321.83,426.76,0.3596,1.386,330575.81,2781.96,2781.96,1.35,Medium
2024-11-02,DC003,Delhi Enterprise DC,Delhi,India,35,Air Cooling,0.12,0.75,15,12,99.9,799714.43,440644.3,294555.55,16530.12,0.0,41360.38,29.31,52.88,4100,3311,789,65.24,60.88,20.36,392010.75,95965.73,35346.67,40975.51,29.7,33610.31,56.49,119957.16,679757.26,509.82,0.6375,1.815,359070.13,14005.89,47616.2,1.55,Medium
2024-11-02,DC004,Hyderabad Cloud DC,Hyderabad,India,50,Hybrid Cooling,0.1,0.66,35,6,99.95,993934.34,629004.33,286499.57,20786.31,0.0,55349.44,26.34,58.86,6100,3840,2260,48.69,80.21,36.99,579413.49,99393.43,28649.96,53685.74,0.0,0.0,73.58,347877.02,646057.32,426.4,0.429,1.58,364930.02,8187.81,8187.81,1.45,Medium
2024-11-02,DC005,Pune Backup DC,Pune,India,30,Air Cooling,0.095,0.68,28,8,99.8,617109.43,339202.49,218721.19,10164.63,7853.25,31918.73,27.51,43.93,3300,2985,315,77.14,66.65,25.27,302648.53,58625.4,20778.51,28893.58,0.0,0.0,71.08,172790.64,444318.79,302.14,0.4896,1.819,277906.94,8677.83,8677.83,1.55,Medium
2024-11-03,DC001,Mumbai Core DC,Mumbai,India,45,Air Cooling,0.11,0.72,18,9,99.9,1129200.86,633285.14,413606.84,26482.86,0.0,61724.66,29.28,63.92,5200,4395,805,74.33,69.15,40.29,496886.26,124212.09,45496.75,42829.72,0.0,0.0,66.38,203256.15,925944.7,666.68,0.5904,1.783,495915.71,16236.98,16236.98,1.55,High
2024-11-03,DC002,Bengaluru AI Hub,Bengaluru,India,60,Liquid Cooling,0.09,0.62,42,4,99.95,1068843.13,759750.01,221878.65,21551.05,0.0,54912.11,22.91,54.09,7200,5399,1801,63.77,65.38,51.75,662658.28,96195.88,19969.08,51744.51,4.6,5773.01,76.8,448914.11,619929.01,384.36,0.3596,1.407,309093.12,3886.26,9659.26,1.35,Low
2024-11-03,DC003,Delhi Enterprise DC,Delhi,India,35,Air Cooling,0.12,0.75,15,12,99.9,784146.31,424820.57,288890.47,18863.49,0.0,44275.4,27.38,51.4,4100,2528,1572,47.74,59.06,26.88,398412.99,94097.56,34666.86,42698.25,0.0,0.0,65.66,117621.95,666524.37,499.89,0.6375,1.846,359325.75,15080.93,15080.93,1.55,Medium
2024-11-03,DC004,Hyderabad Cloud DC,Hyderabad,India,50,Hybrid Cooling,0.1,0.66,35,6,99.95,1043664.33,660401.48,300657.68,19394.91,0.0,53597.31,27.51,70.67,6100,4422,1678,61.98,54.95,31.59,627783.46,104366.43,30065.77,39907.33,0.0,0.0,77.02,365282.52,678381.82,447.73,0.429,1.58,383262.86,8608.22,8608.22,1.45,Medium
2024-11-03,DC005,Pune Backup DC,Pune,India,30,Air Cooling,0.095,0.68,28,8,99.8,539069.64,315120.69,179475.62,9448.86,0.0,28556.94,20.0,56.96,3300,2324,976,60.34,69.16,47.06,288778.75,51211.62,17050.18,34709.24,0.0,0.0,70.25,150939.5,388130.14,263.93,0.4896,1.711,223948.95,4810.09,4810.09,1.55,Medium
2024-11-04,DC001,Mumbai Core DC,Mumbai,India,45,Air Cooling,0.11,0.72,18,9,99.9,1173585.13,654881.55,423639.16,22153.03,0.0,61828.44,31.04,57.43,5200,4130,1070,62.32,62.53,33.84,549930.91,129094.36,46600.31,38776.95,0.0,0.0,69.47,211245.32,962339.81,692.88,0.5904,1.792,518703.58,17437.06,17437.06,1.55,High
2024-11-04,DC002,Bengaluru AI Hub,Bengaluru,India,60,Liquid Cooling,0.09,0.62,42,4,99.95,1194352.62,824372.48,257417.06,28689.1,0.0,63805.23,21.71,66.28,7200,4941,2259,53.25,65.09,54.94,779262.88,107491.74,23167.54,62725.02,0.0,0.0,78.16,501628.1,692724.52,429.49,0.3596,1.449,369980.14,7330.48,7330.48,1.35,Medium
2024-11-04,DC003,Delhi Enterprise DC,Delhi,India,35,Air Cooling,0.12,0.75,15,12,99.9,871777.63,489903.52,319833.78,13510.54,0.0,41870.81,28.56,56.18,4100,2643,1457,54.21,72.75,48.03,417312.47,104613.32,38380.05,35869.36,0.0,0.0,66.34,130766.64,741010.98,555.76,0.6375,1.779,381874.1,13491.26,13491.26,1.55,Medium
2024-11-04,DC004,Hyderabad Cloud DC,Hyderabad,India,50,Hybrid Cooling,0.1,0.66,35,6,99.95,1203847.17,757404.33,359177.81,28626.02,0.0,63733.99,26.72,57.68,6100,5612,488,78.33,67.35,22.19,612302.99,120384.72,35917.78,45050.97,0.0,0.0,72.98,421346.51,782500.66,516.45,0.429,1.589,446442.85,10561.09,10561.09,1.45,Medium
2024-11-04,DC005,Pune Backup DC,Pune,India,30,Air Cooling,0.095,0.68,28,8,99.8,586539.62,343400.87,199988.7,13577.27,0.0,29409.84,21.84,49.48,3300,2118,1182,50.83,74.67,30.58,316504.57,55721.26,18998.93,40633.36,0.0,0.0,69.56,164231.09,422308.53,287.17,0.4896,1.708,243138.75,5155.49,5155.49,1.55,Medium
2024-11-05,DC001,Mumbai Core DC,Mumbai,India,45,Air Cooling,0.11,0.72,18,9,99.9,1253229.79,710827.93,443551.08,19190.26,0.0,63332.91,26.53,61.03,5200,4345,855,71.25,69.16,40.9,564290.84,137855.28,48790.62,53766.65,0.0,0.0,66.04,225581.36,1027648.43,739.91,0.5904,1.763,542401.87,16659.12,16659.12,1.55,High
2024-11-05,DC002,Bengaluru AI Hub,Bengaluru,India,60,Liquid Cooling,0.09,0.62,42,4,99.95,1262718.09,875912.19,273091.48,23627.13,0.0,69747.08,23.39,62.83,7200,5629,1571,62.96,75.98,68.76,767189.1,113644.63,24578.23,63156.26,0.0,0.0,76.95,530341.6,732376.49,454.07,0.3596,1.442,386805.91,7221.3,7221.3,1.35,Medium
2024-11-05,DC003,Delhi Enterprise DC,Delhi,India,35,Air Cooling,0.12,0.75,15,12,99.9,937054.69,517685.83,354674.73,19526.71,0.0,52727.91,28.24,61.4,4100,3376,724,67.96,70.16,22.22,425213.39,112446.56,42560.97,48705.22,0.0,0.0,62.1,140558.2,796496.48,597.37,0.6375,1.81,419368.86,16157.0,16157.0,1.55,Medium
2024-11-05,DC004,Hyderabad Cloud DC,Hyderabad,India,50,Hybrid Cooling,0.1,0.66,35,6,99.95,1187330.63,743364.66,324951.03,28780.45,6435.56,62629.43,26.47,53.16,6100,4904,1196,69.71,80.39,22.96,658322.64,118733.06,32495.1,40959.03,0.0,0.0,75.74,415565.72,771764.91,509.36,0.429,1.597,443965.98,10945.19,10945.19,1.45,Medium
2024-11-05,DC005,Pune Backup DC,Pune,India,30,Air Cooling,0.095,0.68,28,8,99.8,626645.81,356659.53,214547.21,8966.37,6502.55,32394.22,23.06,69.32,3300,2428,872,57.16,90.18,32.69,305719.15,59531.35,20381.98,35766.09,0.0,0.0,68.83,175460.83,451184.98,306.81,0.4896,1.757,269986.28,7013.24,7013.24,1.55,Medium
2024-11-06,DC001,Mumbai Core DC,Mumbai,India,45,Air Cooling,0.11,0.72,18,9,99.9,1176267.27,665238.56,413012.96,20968.12,0.0,59668.45,28.86,61.63,5200,3735,1465,56.3,62.93,38.88,532493.73,129389.4,45431.43,53681.44,0.0,0.0,65.62,211728.11,964539.16,694.47,0.5904,1.768,511028.71,15966.22,15966.22,1.55,High
2024-11-06,DC002,Bengaluru AI Hub,Bengaluru,India,60,Liquid Cooling,0.09,0.62,42,4,99.95,1216952.16,836827.05,263785.27,23310.59,0.0,59246.82,26.39,45.28,7200,5147,2053,59.05,66.48,57.36,851543.98,109525.69,23740.67,71286.39,0.0,0.0,78.77,511119.91,705832.25,437.62,0.3596,1.454,380125.11,7851.21,7851.21,1.35,Medium
2024-11-06,DC003,Delhi Enterprise DC,Delhi,India,35,Air Cooling,0.12,0.75,15,12,99.9,881229.79,490411.13,319652.65,14235.83,0.0,42694.32,25.01,48.57,4100,3300,800,63.48,54.47,45.05,418098.07,105747.58,38358.32,45723.67,0.0,0.0,63.77,132184.47,749045.32,561.78,0.6375,1.797,390818.66,14531.1,14531.1,1.55,Medium
2024-11-06,DC004,Hyderabad Cloud DC,Hyderabad,India,50,Hybrid Cooling,0.1,0.66,35,6,99.95,1085643.16,688394.82,312557.96,24036.57,0.0,59123.1,21.68,51.28,6100,5035,1065,66.78,59.27,21.98,689671.74,108564.32,31255.8,56277.27,0.0,0.0,76.1,379975.11,705668.05,465.74,0.429,1.577,397248.34,8747.07,8747.07,1.45,Medium
2024-11-06,DC005,Pune Backup DC,Pune,India,30,Air Cooling,0.095,0.68,28,8,99.8,694484.29,390178.94,242157.04,11402.93,8859.43,37389.05,25.12,57.71,3300,2820,480,72.84,64.77,45.75,343959.53,65976.01,23004.92,34661.68,0.0,0.0,70.74,194455.6,500028.69,340.02,0.4896,1.78,304305.35,8522.16,8522.16,1.55,Medium
2024-11-07,DC001,Mumbai Core DC,Mumbai,India,45,Air Cooling,0.11,0.72,18,9,99.9,1097705.2,627215.31,384871.23,22898.13,4563.06,52680.52,27.89,69.68,5200,3559,1641,52.26,66.67,24.65,575510.27,120747.57,42335.84,55953.16,41.7,66062.47,57.82,197586.94,900118.26,648.09,0.5904,1.75,470489.89,13807.36,79869.83,1.55,High
2024-11-07,DC002,Bengaluru AI Hub,Bengaluru,India,60,Liquid Cooling,0.09,0.62,42,4,99.95,1306305.41,895762.19,275979.3,24370.45,6341.15,72945.27,25.99,52.87,7200,5878,1322,67.95,77.72,52.12,778427.99,117567.49,24838.14,54987.5,0.0,0.0,77.83,548648.27,757657.14,469.75,0.3596,1.458,410543.22,8732.38,8732.38,1.35,Medium
2024-11-07,DC003,Delhi Enterprise DC,Delhi,India,35,Air Cooling,0.12,0.75,15,12,99.9,828774.96,472741.66,289311.34,19385.55,5397.5,41229.92,26.99,53.24,4100,2574,1526,48.24,69.51,26.46,440764.12,99453.0,34717.36,48695.02,0.0,0.0,66.39,124316.24,704458.72,528.34,0.6375,1.753,356033.3,11523.05,11523.05,1.55,Medium
2024-11-07,DC004,Hyderabad Cloud DC,Hyderabad,India,50,Hybrid Cooling,0.1,0.66,35,6,99.95,1057614.76,666793.75,300515.63,25630.63,8160.94,51344.07,28.64,64.11,6100,3563,2537,44.99,59.19,29.03,675539.59,105761.48,30051.56,60587.06,0.0,0.0,75.38,370165.17,687449.59,453.72,0.429,1.586,390821.01,9076.38,9076.38,1.45,Medium
2024-11-07,DC005,Pune Backup DC,Pune,India,30,Air Cooling,0.095,0.68,28,8,99.8,625236.33,355933.41,213166.15,12215.43,0.0,31689.68,24.48,37.14,3300,2686,614,66.18,92.0,33.4,304981.07,59397.45,20250.78,35110.03,46.7,68411.39,46.58,175066.17,450170.16,306.12,0.4896,1.757,269302.92,6986.26,75397.64,1.55,High
2024-11-08,DC001,Mumbai Core DC,Mumbai,India,45,Air Cooling,0.11,0.72,18,9,99.9,1154833.07,657073.49,402196.42,23711.49,0.0,57601.33,28.52,76.77,5200,3582,1618,57.0,71.44,25.48,541175.12,127031.64,44241.61,59911.71,0.0,0.0,65.46,207869.95,946963.12,681.81,0.5904,1.758,497759.59,15000.61,15000.61,1.55,High
2024-11-08,DC002,Bengaluru AI Hub,Bengaluru,India,60,Liquid Cooling,0.09,0.62,42,4,99.95,1180099.64,817197.6,261333.75,22977.56,0.0,66547.86,25.69,61.72,7200,4919,2281,55.68,79.36,62.35,815956.73,106208.97,23520.04,45346.56,0.0,0.0,81.43,495641.85,684457.79,424.36,0.3596,1.444,362902.04,6919.46,6919.46,1.35,Medium
2024-11-08,DC003,Delhi Enterprise DC,Delhi,India,35,Air Cooling,0.12,0.75,15,12,99.9,858975.16,485109.04,322598.49,12525.07,0.0,44301.65,30.29,49.3,4100,2541,1559,49.22,41.31,30.29,456481.86,103077.02,38711.82,49726.12,0.0,0.0,66.53,128846.27,730128.89,547.6,0.6375,1.771,373866.12,12846.74,12846.74,1.55,Medium
2024-11-08,DC004,Hyderabad Cloud DC,Hyderabad,India,50,Hybrid Cooling,0.1,0.66,35,6,99.95,1129520.16,724380.71,310508.61,27307.24,0.0,62451.88,27.1,59.48,6100,4645,1455,64.17,76.62,28.3,628634.44,112952.02,31050.86,50710.56,0.0,0.0,73.97,395332.06,734188.11,484.56,0.429,1.559,405139.46,7916.81,7916.81,1.45,Medium
2024-11-08,DC005,Pune Backup DC,Pune,India,30,Air Cooling,0.095,0.68,28,8,99.8,581604.23,334839.57,213663.53,10034.02,0.0,29516.58,27.43,84.35,3300,1989,1311,45.24,62.02,25.08,304968.56,55252.4,20298.04,32769.83,0.0,0.0,71.14,162849.18,418755.04,284.75,0.4896,1.737,246764.66,5947.27,5947.27,1.55,Medium
2024-11-09,DC001,Mumbai Core DC,Mumbai,India,45,Air Cooling,0.11,0.72,18,9,99.9,1020172.15,560475.27,383141.57,16437.48,0.0,54029.9,28.57,61.43,5200,2895,2305,40.84,67.15,32.8,496096.15,112218.94,42145.57,52511.94,0.0,0.0,66.79,183630.99,836541.17,602.31,0.5904,1.82,459696.89,16657.9,16657.9,1.55,Medium
2024-11-09,DC002,Bengaluru AI Hub,Bengaluru,India,60,Liquid Cooling,0.09,0.62,42,4,99.95,1137850.84,795718.66,254265.21,28849.67,0.0,55139.99,22.28,40.47,7200,5811,1389,65.43,69.11,47.69,704417.88,102406.58,22883.87,61507.91,0.0,0.0,76.73,477897.35,659953.49,409.17,0.3596,1.43,342132.18,5726.76,5726.76,1.35,Low
2024-11-09,DC003,Delhi Enterprise DC,Delhi,India,35,Air Cooling,0.12,0.75,15,12,99.9,755445.03,431777.54,279424.29,11725.47,0.0,37869.79,27.53,49.62,4100,3479,621,67.53,63.23,26.77,412925.45,90653.4,33530.91,50242.04,0.0,0.0,65.88,113316.76,642128.28,481.6,0.6375,1.75,323667.49,10342.78,10342.78,1.55,Medium
2024-11-09,DC004,Hyderabad Cloud DC,Hyderabad,India,50,Hybrid Cooling,0.1,0.66,35,6,99.95,989566.3,629434.78,280844.99,16649.41,0.0,54198.19,23.28,68.87,6100,4091,2009,55.17,64.46,27.02,586855.23,98956.63,28084.5,57038.66,0.0,0.0,73.42,346348.2,643218.09,424.52,0.429,1.572,360131.52,7688.59,7688.59,1.45,Medium
2024-11-09,DC005,Pune Backup DC,Pune,India,30,Air Cooling,0.095,0.68,28,8,99.8,582120.18,340280.94,196884.34,12946.79,0.0,31863.19,23.23,74.08,3300,2554,746,62.92,67.8,47.14,291582.69,55301.42,18704.01,34770.47,0.0,0.0,69.11,162993.65,419126.53,285.01,0.4896,1.711,241839.24,5195.05,5195.05,1.55,Medium
2024-11-10,DC001,Mumbai Core DC,Mumbai,India,45,Air Cooling,0.11,0.72,18,9,99.9,1047565.62,582251.99,369041.06,23202.77,0.0,54058.38,26.36,64.05,5200,3581,1619,55.68,75.08,27.72,486798.11,115232.22,40594.52,44814.76,0.0,0.0,67.12,188561.81,859003.81,618.48,0.5904,1.799,465313.64,15958.26,15958.26,1.55,Medium
2024-11-10,DC002,Bengaluru AI Hub,Bengaluru,India,60,Liquid Cooling,0.09,0.62,42,4,99.95,1102004.87,779023.55,241795.49,30266.79,0.0,57046.74,25.62,49.15,7200,5274,1926,60.0,59.86,53.85,699063.23,99180.44,21761.59,65080.89,0.0,0.0,76.5,462842.05,639162.82,396.28,0.3596,1.415,322981.32,4529.08,4529.08,1.35,Low
2024-11-10,DC003,Delhi Enterprise DC,Delhi,India,35,Air Cooling,0.12,0.75,15,12,99.9,731583.47,399025.8,278526.54,14811.8,0.0,40018.88,28.84,70.38,4100,2511,1589,46.89,65.52,28.94,388918.11,87790.02,33423.18,46234.77,47.7,49028.4,52.93,109737.52,621845.95,466.38,0.6375,1.833,332557.67,13571.22,62599.62,1.55,High
2024-11-10,DC004,Hyderabad Cloud DC,Hyderabad,India,50,Hybrid Cooling,0.1,0.66,35,6,99.95,974603.54,619923.9,282377.34,17316.06,0.0,48892.74,25.31,69.06,6100,4908,1192,64.1,76.05,27.23,600443.03,97460.35,28237.73,43767.73,0.0,0.0,76.48,341111.24,633492.3,418.1,0.429,1.572,354679.64,7571.39,7571.39,1.45,Low
2024-11-10,DC005,Pune Backup DC,Pune,India,30,Air Cooling,0.095,0.68,28,8,99.8,583653.84,330731.96,207003.75,10923.54,6511.58,32246.97,24.82,61.07,3300,2685,615,67.03,73.02,22.35,268490.22,55447.12,19665.36,34340.09,0.0,0.0,66.56,163423.08,420230.77,285.76,0.4896,1.765,252921.88,6746.83,6746.83,1.55,Medium
2024-11-11,DC001,Mumbai Core DC,Mumbai,India,45,Air Cooling,0.11,0.72,18,9,99.9,1246797.43,694710.15,448689.85,21119.98,0.0,66034.97,27.41,69.77,5200,3700,1500,58.28,78.44,44.04,561026.42,137147.72,49355.88,53843.43,0.0,0.0,65.96,224423.54,1022373.89,736.11,0.5904,1.795,552087.29,18699.64,18699.64,1.55,High
2024-11-11,DC002,Bengaluru AI Hub,Bengaluru,India,60,Liquid Cooling,0.09,0.62,42,4,99.95,1239319.61,868676.78,270608.11,22401.6,0.0,64494.82,26.13,58.27,7200,5617,1583,61.79,62.89,41.92,796617.98,111538.76,24354.73,51383.41,0.0,0.0,79.55,520514.24,718805.37,445.66,0.3596,1.427,370642.82,5994.54,5994.54,1.35,Medium
2024-11-11,DC003,Delhi Enterprise DC,Delhi,India,35,Air Cooling,0.12,0.75,15,12,99.9,825292.03,464525.64,307518.35,14656.0,2797.4,46226.06,26.42,56.48,4100,2802,1298,51.07,68.5,21.28,406044.92,99035.04,36902.2,46926.32,81.4,152140.88,26.58,123793.8,701498.22,526.12,0.6375,1.777,360766.38,12633.27,164774.15,1.55,High
2024-11-11,DC004,Hyderabad Cloud DC,Hyderabad,India,50,Hybrid Cooling,0.1,0.66,35,6,99.95,1168794.72,747744.93,342049.76,27932.37,0.0,62346.52,26.1,66.64,6100,5190,910,70.57,74.9,39.04,644443.78,116879.47,34204.98,54004.78,0.0,0.0,73.48,409078.15,759716.57,501.41,0.429,1.563,421049.79,8456.46,8456.46,1.45,Medium
2024-11-11,DC005,Pune Backup DC,Pune,India,30,Air Cooling,0.095,0.68,28,8,99.8,618835.7,352248.82,214329.85,12998.0,0.0,31030.1,26.94,47.1,3300,2018,1282,46.05,48.88,35.0,325850.39,58789.39,20361.34,35161.35,0.0,0.0,71.17,173274.0,445561.7,302.98,0.4896,1.757,266586.88,6920.75,6920.75,1.55,Medium
2024-11-12,DC001,Mumbai Core DC,Mumbai,India,45,Air Cooling,0.11,0.72,18,9,99.9,1173068.02,663302.3,404126.65,29068.0,0.0,65452.11,27.14,47.15,5200,4081,1119,65.25,78.85,35.28,575158.02,129037.48,44453.93,62497.72,0.0,0.0,66.7,211152.24,961915.77,692.58,0.5904,1.769,509765.71,15944.44,15944.44,1.55,High
2024-11-12,DC002,Bengaluru AI Hub,Bengaluru,India,60,Liquid Cooling,0.09,0.62,42,4,99.95,1225966.57,863553.81,273396.09,28140.12,0.0,66973.31,25.31,69.95,7200,5521,1679,62.11,58.35,43.61,784652.96,110336.99,24605.65,65414.19,12.3,15736.39,75.6,514905.96,711060.61,440.86,0.3596,1.42,362412.76,5415.2,21151.59,1.35,Medium
2024-11-12,DC003,Delhi Enterprise DC,Delhi,India,35,Air Cooling,0.12,0.75,15,12,99.9,871369.83,484836.42,327807.29,17119.65,0.0,45590.66,27.83,56.21,4100,3258,842,63.69,63.37,27.61,422947.99,104564.38,39336.87,46560.44,0.0,0.0,64.27,130705.47,740664.36,555.5,0.6375,1.797,386533.41,14384.81,14384.81,1.55,Medium
2024-11-12,DC004,Hyderabad Cloud DC,Hyderabad,India,50,Hybrid Cooling,0.1,0.66,35,6,99.95,1107237.91,702018.45,298674.12,31225.98,0.0,53932.23,25.2,71.66,6100,3887,2213,51.66,64.81,33.86,695642.22,110723.79,29867.41,52680.44,0.0,0.0,76.51,387533.27,719704.64,475.01,0.429,1.577,405219.46,8931.12,8931.12,1.45,Medium
2024-11-12,DC005,Pune Backup DC,Pune,India,30,Air Cooling,0.095,0.68,28,8,99.8,573526.87,329592.65,205837.94,8743.26,0.0,29991.08,25.6,60.21,3300,1738,1562,37.79,59.88,24.49,324093.29,54485.05,19554.6,36228.47,0.0,0.0,72.01,160587.52,412939.34,280.8,0.4896,1.74,243934.22,5952.53,5952.53,1.55,Medium
2024-11-13,DC001,Mumbai Core DC,Mumbai,India,45,Air Cooling,0.11,0.72,18,9,99.9,1160143.65,664616.74,415689.05,20133.86,0.0,62317.43,24.7,55.18,5200,4680,520,72.94,67.79,17.36,519619.56,127615.8,45725.8,46698.47,0.0,0.0,66.45,208825.86,951317.79,684.95,0.5904,1.746,495526.91,14298.65,14298.65,1.55,High
2024-11-13,DC002,Bengaluru AI Hub,Bengaluru,India,60,Liquid Cooling,0.09,0.62,42,4,99.95,1271780.52,872169.42,277377.67,35835.09,8306.26,69050.12,19.98,48.9,7200,4813,2387,52.47,76.9,70.19,781088.91,114460.25,24963.99,42561.05,0.0,0.0,79.9,534147.82,737632.7,457.33,0.3596,1.458,399611.1,8491.66,8491.66,1.35,Medium
2024-11-13,DC003,Delhi Enterprise DC,Delhi,India,35,Air Cooling,0.12,0.75,15,12,99.9,923131.78,498130.62,362384.79,13256.29,0.0,46946.99,29.7,53.5,4100,2844,1256,53.91,47.16,33.03,434822.7,110775.81,43486.18,50626.74,33.3,61630.38,48.71,138469.77,784662.02,588.5,0.6375,1.853,425001.16,18123.52,79753.9,1.55,High
2024-11-13,DC004,Hyderabad Cloud DC,Hyderabad,India,50,Hybrid Cooling,0.1,0.66,35,6,99.95,1079038.93,674648.62,327792.52,21327.57,0.0,58865.32,27.49,43.61,6100,3911,2189,48.93,40.0,25.09,695621.19,107903.89,32779.25,41753.67,0.0,0.0,78.49,377663.62,701375.3,462.91,0.429,1.599,404390.3,10079.84,10079.84,1.45,Medium
2024-11-13,DC005,Pune Backup DC,Pune,India,30,Air Cooling,0.095,0.68,28,8,99.8,701347.63,414010.09,231593.52,13068.59,0.0,35649.0,25.81,77.36,3300,3036,264,88.0,65.56,46.15,341953.21,66628.02,22001.38,34757.67,0.0,0.0,70.35,196377.34,504970.29,343.38,0.4896,1.694,287337.53,5665.04,5665.04,1.55,Medium
2024-11-14,DC001,Mumbai Core DC,Mumbai,India,45,Air Cooling,0.11,0.72,18,9,99.9,1194846.41,684154.41,421210.86,27890.56,0.0,67511.29,26.76,61.77,5200,4302,898,64.92,65.3,35.7,587250.08,131433.1,46333.19,39377.82,0.0,0.0,70.91,215072.35,979774.05,705.44,0.5904,1.746,510691.99,14784.78,14784.78,1.55,High
2024-11-14,DC002,Bengaluru AI Hub,Bengaluru,India,60,Liquid Cooling,0.09,0.62,42,4,99.95,1216272.0,866439.9,257238.59,22185.3,0.0,58653.49,24.64,60.42,7200,6187,1013,70.68,63.4,51.88,746221.02,109464.48,23151.47,67611.27,0.0,0.0,76.27,510834.24,705437.76,437.37,0.3596,1.404,349832.1,4192.03,4192.03,1.35,Medium
2024-11-14,DC003,Delhi Enterprise DC,Delhi,India,35,Air Cooling,0.12,0.75,15,12,99.9,965795.73,526270.0,376724.5,14861.35,0.0,49813.23,30.55,36.31,4100,3772,328,77.34,67.03,39.44,424395.21,115895.49,45206.94,39561.82,0.0,0.0,63.37,144869.36,820926.37,615.69,0.6375,1.835,439525.72,18009.27,18009.27,1.55,Medium
2024-11-14,DC004,Hyderabad Cloud DC,Hyderabad,India,50,Hybrid Cooling,0.1,0.66,35,6,99.95,1089861.01,725482.8,289160.54,23869.73,0.0,55528.9,23.08,54.3,6100,4759,1341,64.12,57.59,23.18,649507.17,108986.1,28916.05,46981.04,0.0,0.0,75.99,381451.35,708409.65,467.55,0.429,1.502,364378.21,3791.09,3791.09,1.45,Medium
2024-11-14,DC005,Pune Backup DC,Pune,India,30,Air Cooling,0.095,0.68,28,8,99.8,587878.08,350188.84,190421.55,9954.86,0.0,30395.41,23.79,53.9,3300,2385,915,57.26,56.62,30.09,337877.75,55848.42,18090.05,36190.43,59.7,112995.77,39.32,164605.86,423272.21,287.83,0.4896,1.679,237689.24,4283.11,117278.88,1.55,High
2024-11-15,DC001,Mumbai Core DC,Mumbai,India,45,Air Cooling,0.11,0.72,18,9,99.9,1192965.42,672893.14,417941.67,20678.79,0.0,59694.66,26.44,48.67,5200,3817,1383,62.16,76.48,23.65,552593.07,131226.2,45973.58,43939.97,0.0,0.0,68.3,214733.78,978231.65,704.33,0.5904,1.773,520072.28,16497.92,16497.92,1.55,High
2024-11-15,DC002,Bengaluru AI Hub,Bengaluru,India,60,Liquid Cooling,0.09,0.62,42,4,99.95,1194956.55,810600.31,260889.0,28743.15,0.0,66976.73,23.78,55.53,7200,3748,3452,40.38,67.89,52.35,818212.76,107546.09,23480.01,48878.04,0.0,0.0,80.88,501881.75,693074.8,429.71,0.3596,1.474,384356.24,9058.15,9058.15,1.35,Medium
2024-11-15,DC003,Delhi Enterprise DC,Delhi,India,35,Air Cooling,0.12,0.75,15,12,99.9,866540.3,475582.14,308963.58,11949.4,6606.5,43239.07,28.41,59.12,4100,3163,937,64.12,74.89,26.94,417616.76,103984.84,37075.63,46294.6,0.0,0.0,64.01,129981.05,736559.26,552.42,0.6375,1.822,390958.16,15526.56,15526.56,1.55,Medium
2024-11-15,DC004,Hyderabad Cloud DC,Hyderabad,India,50,Hybrid Cooling,0.1,0.66,35,6,99.95,1164250.83,744803.16,310945.08,22235.62,0.0,64535.56,21.86,53.71,6100,5386,714,71.8,67.69,30.87,619863.48,116425.08,31094.51,55339.48,0.0,0.0,72.29,407487.79,756763.04,499.46,0.429,1.563,419447.67,8428.63,8428.63,1.45,Medium
2024-11-15,DC005,Pune Backup DC,Pune,India,30,Air Cooling,0.095,0.68,28,8,99.8,627025.35,361553.9,216866.54,10634.21,0.0,33066.64,19.14,57.58,3300,2050,1250,50.39,76.35,38.37,331088.51,59567.41,20602.32,37720.59,0.0,0.0,70.62,175567.1,451458.25,306.99,0.4896,1.734,265471.44,6328.6,6328.6,1.55,Medium
2024-11-16,DC001,Mumbai Core DC,Mumbai,India,45,Air Cooling,0.11,0.72,18,9,99.9,1056484.45,580849.83,379561.59,22466.49,0.0,56624.93,27.21,59.16,5200,3370,1830,52.07,64.68,31.33,518282.29,116213.29,41751.78,49721.82,0.0,0.0,67.98,190167.2,866317.25,623.75,0.5904,1.819,475634.62,17178.39,17178.39,1.55,Medium
2024-11-16,DC002,Bengaluru AI Hub,Bengaluru,India,60,Liquid Cooling,0.09,0.62,42,4,99.95,1084124.52,746510.98,229390.06,26540.61,0.0,55553.43,24.87,73.99,7200,4180,3020,45.77,74.48,59.94,741287.71,97571.21,20645.11,63154.48,21.1,25281.43,74.91,455332.3,628792.22,389.85,0.3596,1.452,337613.54,6870.12,32151.55,1.35,Medium
2024-11-16,DC003,Delhi Enterprise DC,Delhi,India,35,Air Cooling,0.12,0.75,15,12,99.9,804036.92,452998.78,290657.09,14516.34,0.0,38601.11,25.38,64.93,4100,3625,475,73.45,79.44,35.35,417886.96,96484.43,34878.85,41558.21,0.0,0.0,66.97,120605.54,683431.39,512.57,0.6375,1.775,351038.14,12226.66,12226.66,1.55,Medium
2024-11-16,DC004,Hyderabad Cloud DC,Hyderabad,India,50,Hybrid Cooling,0.1,0.66,35,6,99.95,993343.9,629431.94,277587.48,23744.44,0.0,48717.0,26.26,46.36,6100,5146,954,70.99,47.95,26.68,549846.65,99334.39,27758.75,61302.31,0.0,0.0,70.79,347670.36,645673.53,426.14,0.429,1.578,363911.96,8066.76,8066.76,1.45,Medium
2024-11-16,DC005,Pune Backup DC,Pune,India,30,Air Cooling,0.095,0.68,28,8,99.8,549612.5,313046.64,190962.07,8160.13,0.0,26519.26,26.21,72.75,3300,2421,879,57.3,70.97,28.5,283294.58,52213.19,18141.4,31613.58,0.0,0.0,70.41,153891.5,395721.0,269.09,0.4896,1.756,236565.86,6117.07,6117.07,1.55,Medium
2024-11-17,DC001,Mumbai Core DC,Mumbai,India,45,Air Cooling,0.11,0.72,18,9,99.9,997449.14,578716.67,352656.38,23344.81,0.0,50987.15,28.04,65.48,5200,3675,1525,55.6,68.06,27.48,503652.53,109719.41,38792.2,52343.07,0.0,0.0,67.82,179540.85,817908.3,588.89,0.5904,1.724,418732.47,11048.21,11048.21,1.55,Medium
2024-11-17,DC002,Bengaluru AI Hub,Bengaluru,India,60,Liquid Cooling,0.09,0.62,42,4,99.95,1108758.11,765891.36,244951.68,22823.42,0.0,57426.89,21.73,82.4,7200,5924,1276,67.73,69.02,50.04,749276.06,99788.23,22045.65,68855.9,0.0,0.0,77.49,465678.41,643079.71,398.71,0.3596,1.448,342866.75,6732.43,6732.43,1.35,Low
2024-11-17,DC003,Delhi Enterprise DC,Delhi,India,35,Air Cooling,0.12,0.75,15,12,99.9,880544.55,467241.16,329176.12,13021.19,10510.44,47164.16,27.97,44.96,4100,3390,710,71.65,62.1,27.93,369160.21,105665.35,39501.13,39341.52,0.0,0.0,60.72,132081.68,748462.86,561.35,0.6375,1.885,413303.39,18758.49,18758.49,1.55,High
2024-11-17,DC004,Hyderabad Cloud DC,Hyderabad,India,50,Hybrid Cooling,0.1,0.66,35,6,99.95,1001513.53,638703.76,273833.19,18580.01,0.0,53515.95,27.35,63.76,6100,5073,1027,65.9,52.85,34.68,611798.4,100151.35,27383.32,47261.55,0.0,0.0,75.9,350529.73,650983.79,429.65,0.429,1.568,362809.77,7539.31,7539.31,1.45,Medium
2024-11-17,DC005,Pune Backup DC,Pune,India,30,Air Cooling,0.095,0.68,28,8,99.8,594831.41,347633.9,192504.23,15206.84,0.0,33072.41,24.19,53.92,3300,2901,399,75.03,72.84,30.04,296213.03,56508.98,18287.9,28875.76,0.0,0.0,71.17,166552.79,428278.61,291.23,0.4896,1.711,247197.51,5319.89,5319.89,1.55,Medium
2024-11-18,DC001,Mumbai Core DC,Mumbai,India,45,Air Cooling,0.11,0.72,18,9,99.9,1217412.58,671113.13,445496.07,21632.63,0.0,64424.03,27.26,76.3,5200,3529,1671,55.87,73.41,32.46,551443.25,133915.38,49004.57,43588.01,0.0,0.0,67.81,219134.26,998278.32,718.76,0.5904,1.814,546299.46,19490.6,19490.6,1.55,High
2024-11-18,DC002,Bengaluru AI Hub,Bengaluru,India,60,Liquid Cooling,0.09,0.62,42,4,99.95,1229447.36,848658.91,262579.38,22682.0,0.0,61105.01,25.54,61.68,7200,5907,1293,64.82,54.52,52.21,796032.73,110650.26,23632.14,69132.79,0.0,0.0,77.42,516367.89,713079.47,442.11,0.3596,1.449,380788.45,7538.2,7538.2,1.35,Medium
2024-11-18,DC003,Delhi Enterprise DC,Delhi,India,35,Air Cooling,0.12,0.75,15,12,99.9,911416.24,514825.44,336759.25,14782.07,0.0,49796.77,27.53,60.8,4100,3683,417,74.85,60.21,35.03,452995.94,109369.95,40411.11,50437.91,0.0,0.0,64.72,136712.44,774703.81,581.03,0.6375,1.77,396590.8,13612.42,13612.42,1.55,Medium
2024-11-18,DC004,Hyderabad Cloud DC,Hyderabad,India,50,Hybrid Cooling,0.1,0.66,35,6,99.95,1124987.01,725472.63,294086.04,25763.6,7226.49,60908.44,21.44,35.0,6100,5044,1056,65.82,68.83,31.6,632427.71,112498.7,29408.6,45441.92,0.0,0.0,75.03,393745.45,731241.56,482.62,0.429,1.551,399514.39,7305.17,7305.17,1.45,Medium
2024-11-18,DC005,Pune Backup DC,Pune,India,30,Air Cooling,0.095,0.68,28,8,99.8,597618.9,338019.94,209570.89,13365.71,0.0,29856.94,24.38,57.74,3300,2134,1166,50.58,72.69,22.5,308074.25,56773.8,19909.23,30869.96,0.0,0.0,71.55,167333.29,430285.61,292.59,0.4896,1.768,259598.95,7000.36,7000.36,1.55,Medium
2024-11-19,DC001,Mumbai Core DC,Mumbai,India,45,Air Cooling,0.11,0.72,18,9,99.9,1271417.93,723985.11,439478.38,26032.42,7756.24,69746.2,27.48,80.39,5200,4659,541,78.92,65.82,24.59,529034.17,139855.97,48342.62,52260.49,0.0,0.0,63.69,228855.23,1042562.7,750.65,0.5904,1.756,547432.82,16416.51,16416.51,1.55,High
2024-11-19,DC002,Bengaluru AI Hub,Bengaluru,India,60,Liquid Cooling,0.09,0.62,42,4,99.95,1110741.26,760154.6,245084.6,20168.62,0.0,56575.51,23.23,63.66,7200,3240,3960,31.58,70.66,55.97,782912.55,99966.71,22057.61,53694.4,0.0,0.0,80.37,466511.33,644229.93,399.42,0.3596,1.461,350586.66,7607.93,7607.93,1.35,Low
2024-11-19,DC003,Delhi Enterprise DC,Delhi,India,35,Air Cooling,0.12,0.75,15,12,99.9,855710.51,474235.7,297347.56,19777.98,10657.29,46454.34,25.65,65.05,4100,3110,990,59.81,83.63,25.15,452467.08,102685.26,35681.71,47124.1,158.1,267156.96,7.85,128356.58,727353.93,545.52,0.6375,1.804,381474.81,14477.42,281634.38,1.55,High
2024-11-19,DC004,Hyderabad Cloud DC,Hyderabad,India,50,Hybrid Cooling,0.1,0.66,35,6,99.95,1118580.96,717897.01,294328.28,24042.74,0.0,59410.62,24.23,47.99,6100,4112,1988,55.92,74.71,33.15,652551.42,111858.1,29432.83,61336.28,0.0,0.0,73.46,391503.34,727077.62,479.87,0.429,1.558,400683.95,7763.03,7763.03,1.45,Medium
2024-11-19,DC005,Pune Backup DC,Pune,India,30,Air Cooling,0.095,0.68,28,8,99.8,609869.9,364147.0,196648.34,9890.92,0.0,33392.5,22.01,46.26,3300,2624,676,67.79,78.63,22.29,319383.33,57937.64,18681.59,30709.91,0.0,0.0,72.24,170763.57,439106.33,298.59,0.4896,1.675,245722.9,4316.99,4316.99,1.55,Medium
2024-11-20,DC001,Mumbai Core DC,Mumbai,India,45,Air Cooling,0.11,0.72,18,9,99.9,1252421.4,713715.11,436054.69,30428.32,0.0,66839.68,27.27,68.01,5200,4784,416,75.7,51.29,27.39,576373.2,137766.35,47966.02,48265.73,0.0,0.0,67.72,225435.85,1026985.55,739.43,0.5904,1.755,538706.29,16077.93,16077.93,1.55,High
2024-11-20,DC002,Bengaluru AI Hub,Bengaluru,India,60,Liquid Cooling,0.09,0.62,42,4,99.95,1262089.23,878743.18,279279.1,31641.95,0.0,71506.64,25.0,52.47,7200,5766,1434,65.76,60.57,54.2,788527.92,113588.03,25135.12,46960.85,0.0,0.0,79.64,530077.48,732011.75,453.85,0.3596,1.436,383346.05,6820.73,6820.73,1.35,Medium
2024-11-20,DC003,Delhi Enterprise DC,Delhi,India,35,Air Cooling,0.12,0.75,15,12,99.9,919418.1,516611.2,338720.16,20255.65,0.0,45224.94,29.14,59.04,4100,3764,336,75.59,67.98,26.06,421696.52,110330.17,40646.42,37757.2,0.0,0.0,64.88,137912.72,781505.39,586.13,0.6375,1.78,402806.9,14240.49,14240.49,1.55,Medium
2024-11-20,DC004,Hyderabad Cloud DC,Hyderabad,India,50,Hybrid Cooling,0.1,0.66,35,6,99.95,1087566.43,679842.16,327121.27,20609.4,0.0,53352.23,27.0,52.33,6100,3466,2634,42.69,74.68,37.21,671501.69,108756.64,32712.13,48998.03,0.0,0.0,76.51,380648.25,706918.18,466.57,0.429,1.6,407724.27,10179.53,10179.53,1.45,Medium
2024-11-20,DC005,Pune Backup DC,Pune,India,30,Air Cooling,0.095,0.68,28,8,99.8,624743.57,364724.69,219449.08,11816.14,0.0,33824.17,23.41,62.33,3300,2632,668,69.74,78.92,31.39,302683.16,59350.64,20847.66,29962.24,0.0,0.0,70.49,174928.2,449815.37,305.87,0.4896,1.713,260018.88,5644.93,5644.93,1.55,Medium
2024-11-21,DC001,Mumbai Core DC,Mumbai,India,45,Air Cooling,0.11,0.72,18,9,99.9,1224503.7,708566.69,437302.85,28321.63,0.0,66273.62,28.67,54.18,5200,4341,859,72.88,52.77,48.74,553887.88,134695.41,48103.31,55393.92,0.0,0.0,65.68,220410.67,1004093.03,722.95,0.5904,1.728,515937.01,13884.79,13884.79,1.55,High
2024-11-21,DC002,Bengaluru AI Hub,Bengaluru,India,60,Liquid Cooling,0.09,0.62,42,4,99.95,1082932.83,781498.17,226315.68,23709.36,0.0,57878.04,24.59,56.16,7200,3982,3218,37.77,92.0,54.35,787474.54,97463.96,20368.41,65960.21,0.0,0.0,79.25,454831.79,628101.04,389.42,0.3596,1.386,301434.66,2511.93,2511.93,1.35,Low
2024-11-21,DC003,Delhi Enterprise DC,Delhi,India,35,Air Cooling,0.12,0.75,15,12,99.9,969897.58,539905.03,359317.27,14984.17,0.0,54695.01,26.85,56.81,4100,3613,487,77.4,66.17,32.49,450830.24,116387.71,43118.07,52856.26,0.0,0.0,62.46,145484.64,824412.94,618.31,0.6375,1.796,429992.55,15965.37,15965.37,1.55,Medium
2024-11-21,DC004,Hyderabad Cloud DC,Hyderabad,India,50,Hybrid Cooling,0.1,0.66,35,6,99.95,1057940.98,662974.37,288109.36,28173.15,0.0,50891.81,23.18,44.87,6100,3538,2562,41.58,58.45,33.32,668847.7,105794.1,28810.94,41228.11,0.0,0.0,78.02,370279.34,687661.64,453.86,0.429,1.596,394966.62,9662.81,9662.81,1.45,Medium
2024-11-21,DC005,Pune Backup DC,Pune,India,30,Air Cooling,0.095,0.68,28,8,99.8,614084.46,349013.12,212778.24,10537.56,0.0,30717.4,25.26,43.36,3300,2031,1269,51.01,75.65,41.95,333852.68,58338.02,20213.93,34046.13,0.0,0.0,72.33,171943.65,442140.81,300.66,0.4896,1.759,265071.34,6945.84,6945.84,1.55,Medium
2024-11-22,DC001,Mumbai Core DC,Mumbai,India,45,Air Cooling,0.11,0.72,18,9,99.9,1160510.86,678435.34,396165.21,26592.28,0.0,58198.05,24.83,63.82,5200,3969,1231,59.86,74.25,40.31,583200.29,127656.19,43578.17,49594.41,0.0,0.0,69.61,208891.95,951618.91,685.17,0.5904,1.711,482075.52,11982.97,11982.97,1.55,High
2024-11-22,DC002,Bengaluru AI Hub,Bengaluru,India,60,Liquid Cooling,0.09,0.62,42,4,99.95,1161831.51,823623.9,236900.1,26237.28,0.0,59889.04,22.11,74.57,7200,4521,2679,45.05,69.09,52.41,748134.05,104564.84,21321.01,68360.6,0.0,0.0,76.89,487969.23,673862.28,417.79,0.3596,1.411,338207.61,4494.53,4494.53,1.35,Low
2024-11-22,DC003,Delhi Enterprise DC,Delhi,India,35,Air Cooling,0.12,0.75,15,12,99.9,880981.17,492282.24,327067.04,13464.34,0.0,48560.25,29.03,57.69,4100,3527,573,69.77,64.43,28.37,412683.23,105717.74,39248.04,44504.86,0.0,0.0,63.6,132147.18,748833.99,561.63,0.6375,1.79,388698.93,14153.24,14153.24,1.55,Medium
2024-11-22,DC004,Hyderabad Cloud DC,Hyderabad,India,50,Hybrid Cooling,0.1,0.66,35,6,99.95,1156600.17,750294.23,301524.44,29007.7,0.0,59959.07,23.32,76.8,6100,4959,1141,67.58,70.19,27.69,692617.31,115660.02,30152.44,46711.42,0.0,0.0,76.56,404810.06,751790.11,496.18,0.429,1.542,406305.94,6867.35,6867.35,1.45,Medium
2024-11-22,DC005,Pune Backup DC,Pune,India,30,Air Cooling,0.095,0.68,28,8,99.8,639003.66,371189.22,221245.89,15883.54,0.0,35020.25,24.57,38.66,3300,2669,631,65.3,70.36,29.92,304496.26,60705.35,21018.36,29362.43,0.0,0.0,70.42,178921.03,460082.64,312.86,0.4896,1.722,267814.44,6047.74,6047.74,1.55,Medium
2024-11-23,DC001,Mumbai Core DC,Mumbai,India,45,Air Cooling,0.11,0.72,18,9,99.9,1031745.0,595826.26,345212.64,17375.71,0.0,52853.5,25.89,50.97,5200,3384,1816,51.14,74.1,30.03,482600.56,113491.95,37973.39,51821.45,0.0,0.0,65.75,185714.1,846030.9,609.14,0.5904,1.732,435918.75,11903.57,11903.57,1.55,Medium
2024-11-23,DC002,Bengaluru AI Hub,Bengaluru,India,60,Liquid Cooling,0.09,0.62,42,4,99.95,1038825.19,721625.96,230599.04,29448.06,0.0,54209.56,19.31,50.32,7200,5112,2088,56.81,77.09,53.61,755324.74,93494.27,20753.91,53319.93,0.0,0.0,80.56,436306.58,602518.61,373.56,0.3596,1.44,317199.23,5816.71,5816.71,1.35,Low
2024-11-23,DC003,Delhi Enterprise DC,Delhi,India,35,Air Cooling,0.12,0.75,15,12,99.9,760417.16,427167.3,273045.1,17157.16,0.0,41303.5,27.62,57.52,4100,2513,1587,43.32,47.94,39.84,410354.73,91250.06,32765.41,42404.98,0.0,0.0,67.43,114062.57,646354.58,484.77,0.6375,1.78,333249.86,11796.94,11796.94,1.55,Medium
2024-11-23,DC004,Hyderabad Cloud DC,Hyderabad,India,50,Hybrid Cooling,0.1,0.66,35,6,99.95,984720.54,614634.59,278419.4,22244.46,0.0,47225.3,22.52,56.72,6100,4004,2096,49.96,69.38,27.8,567860.24,98472.05,27841.94,40216.46,0.0,0.0,75.58,344652.19,640068.35,422.45,0.429,1.602,370085.94,9350.04,9350.04,1.45,Medium
2024-11-23,DC005,Pune Backup DC,Pune,India,30,Air Cooling,0.095,0.68,28,8,99.8,623119.15,343433.66,236536.84,9708.35,6606.1,30187.13,32.36,59.74,3300,2863,437,70.61,73.75,35.08,284046.28,59196.32,22471.0,35996.67,0.0,0.0,66.49,174473.36,448645.79,305.08,0.4896,1.814,279685.49,8625.71,8625.71,1.55,Medium
2024-11-24,DC001,Mumbai Core DC,Mumbai,India,45,Air Cooling,0.11,0.72,18,9,99.9,1031429.05,575234.23,374514.08,23875.38,0.0,56905.35,29.67,51.74,5200,3621,1579,55.08,76.98,26.7,508826.23,113457.2,41196.55,51854.76,0.0,0.0,67.51,185657.23,845771.82,608.96,0.5904,1.793,456194.82,15379.76,15379.76,1.55,Medium
2024-11-24,DC002,Bengaluru AI Hub,Bengaluru,India,60,Liquid Cooling,0.09,0.62,42,4,99.95,1076453.22,749937.25,231496.72,30024.7,0.0,58658.03,22.7,59.14,7200,5880,1320,67.51,68.95,52.62,740939.32,96880.79,20834.7,45669.75,0.0,0.0,80.76,452110.35,624342.87,387.09,0.3596,1.435,326515.96,5763.41,5763.41,1.35,Low
2024-11-24,DC003,Delhi Enterprise DC,Delhi,India,35,Air Cooling,0.12,0.75,15,12,99.9,779219.73,434020.99,282138.57,17122.44,0.0,41535.5,27.1,45.48,4100,2591,1509,51.02,66.3,39.39,382740.46,93506.37,33856.63,50996.02,0.0,0.0,62.25,116882.96,662336.77,496.75,0.6375,1.795,345198.74,12778.46,12778.46,1.55,Medium
2024-11-24,DC004,Hyderabad Cloud DC,Hyderabad,India,50,Hybrid Cooling,0.1,0.66,35,6,99.95,1021334.43,639181.93,293083.97,22497.05,6297.36,51364.77,25.77,53.31,6100,4818,1282,66.1,74.54,37.89,569443.44,102133.44,29308.4,60384.76,0.0,0.0,71.46,357467.05,663867.38,438.15,0.429,1.598,382152.5,9452.06,9452.06,1.45,Medium
2024-11-24,DC005,Pune Backup DC,Pune,India,30,Air Cooling,0.095,0.68,28,8,99.8,538478.11,319036.82,177076.24,13368.64,0.0,27429.08,23.25,66.61,3300,2678,622,63.37,44.75,35.04,291246.28,51155.42,16822.24,32823.53,0.0,0.0,71.17,150773.87,387704.24,263.64,0.4896,1.688,219441.3,4177.25,4177.25,1.55,Medium
2024-11-25,DC001,Mumbai Core DC,Mumbai,India,45,Air Cooling,0.11,0.72,18,9,99.9,1242185.91,712167.6,443271.95,23232.29,0.0,61115.23,30.05,61.45,5200,4725,475,74.32,66.34,29.98,523092.12,136640.45,48759.91,53610.37,0.0,0.0,63.63,223593.46,1018592.45,733.39,0.5904,1.744,530018.31,15215.87,15215.87,1.55,High
2024-11-25,DC002,Bengaluru AI Hub,Bengaluru,India,60,Liquid Cooling,0.09,0.62,42,4,99.95,1221358.72,833144.61,265872.46,27484.45,0.0,60598.0,22.38,51.55,7200,4707,2493,47.51,81.91,54.66,801252.52,109922.28,23928.52,69074.82,0.0,0.0,77.66,512970.66,708388.05,439.2,0.3596,1.466,388214.1,8695.21,8695.21,1.35,Medium
2024-11-25,DC003,Delhi Enterprise DC,Delhi,India,35,Air Cooling,0.12,0.75,15,12,99.9,883093.19,481015.73,340324.91,20249.43,0.0,44919.05,28.92,51.8,4100,2991,1109,61.11,51.72,38.39,440002.03,105971.18,40838.99,37298.79,0.0,0.0,67.44,132463.98,750629.21,562.97,0.6375,1.836,402077.46,16502.26,16502.26,1.55,Medium
2024-11-25,DC004,Hyderabad Cloud DC,Hyderabad,India,50,Hybrid Cooling,0.1,0.66,35,6,99.95,1083973.99,686658.02,314735.74,19973.7,0.0,54152.47,24.99,42.59,6100,4434,1666,57.15,62.0,32.71,690198.84,108397.4,31473.57,53827.75,0.0,0.0,76.5,379390.9,704583.09,465.02,0.429,1.579,397315.97,8831.99,8831.99,1.45,Medium
2024-11-25,DC005,Pune Backup DC,Pune,India,30,Air Cooling,0.095,0.68,28,8,99.8,595521.52,338187.87,204129.14,12157.35,0.0,30827.58,26.12,63.99,3300,1833,1467,44.89,76.12,38.3,341146.25,56574.54,19392.27,36439.32,0.0,0.0,72.73,166746.02,428775.49,291.57,0.4896,1.761,257333.65,6776.38,6776.38,1.55,Medium
2024-11-26,DC001,Mumbai Core DC,Mumbai,India,45,Air Cooling,0.11,0.72,18,9,99.9,1136134.91,658582.04,394119.36,25764.0,0.0,55392.75,25.75,51.77,5200,4051,1149,63.59,77.27,21.69,560121.35,124974.84,43353.13,55333.79,0.0,0.0,67.81,204504.28,931630.63,670.77,0.5904,1.725,477552.87,12686.6,12686.6,1.55,High
2024-11-26,DC002,Bengaluru AI Hub,Bengaluru,India,60,Liquid Cooling,0.09,0.62,42,4,99.95,1220598.59,834339.31,269408.54,37016.16,6999.22,60667.69,21.03,55.73,7200,5665,1535,62.1,71.86,54.78,831202.08,109853.87,24246.77,69353.39,0.0,0.0,78.44,512651.41,707947.18,438.93,0.3596,1.463,386259.28,8481.65,8481.65,1.35,Medium
2024-11-26,DC003,Delhi Enterprise DC,Delhi,India,35,Air Cooling,0.12,0.75,15,12,99.9,810827.67,453080.52,302548.2,17610.2,3902.34,42469.12,30.03,61.22,4100,2673,1427,47.9,62.18,23.73,427226.42,97299.32,36305.78,41505.35,0.0,0.0,67.51,121624.15,689203.52,516.9,0.6375,1.79,357747.16,13026.34,13026.34,1.55,Medium
2024-11-26,DC004,Hyderabad Cloud DC,Hyderabad,India,50,Hybrid Cooling,0.1,0.66,35,6,99.95,1146429.24,727245.49,326901.99,27625.88,0.0,58978.4,22.71,71.29,6100,4912,1188,67.37,68.51,37.9,699215.21,114642.92,32690.2,50363.35,0.0,0.0,76.4,401250.23,745179.0,491.82,0.429,1.576,419183.75,9192.33,9192.33,1.45,Medium
2024-11-26,DC005,Pune Backup DC,Pune,India,30,Air Cooling,0.095,0.68,28,8,99.8,601503.51,361968.13,197985.74,12869.68,0.0,30828.01,24.78,50.46,3300,2313,987,55.63,59.17,26.1,335917.26,57142.83,18808.65,35623.9,0.0,0.0,72.38,168420.98,433082.53,294.5,0.4896,1.662,239535.38,3843.03,3843.03,1.55,Medium
2024-11-27,DC001,Mumbai Core DC,Mumbai,India,45,Air Cooling,0.11,0.72,18,9,99.9,1107069.22,636958.59,401912.04,23522.56,0.0,56150.59,28.55,55.66,5200,3548,1652,53.47,58.66,33.94,543753.3,121777.61,44210.32,49734.9,0.0,0.0,68.46,199272.46,907796.76,653.61,0.5904,1.738,470110.63,13176.18,13176.18,1.55,High
2024-11-27,DC002,Bengaluru AI Hub,Bengaluru,India,60,Liquid Cooling,0.09,0.62,42,4,99.95,1173649.18,823232.78,260181.41,28282.04,0.0,63250.31,23.18,59.56,7200,5154,2046,60.39,67.96,51.99,763058.6,105628.43,23416.33,55205.11,0.0,0.0,78.92,492932.66,680716.52,422.04,0.3596,1.426,350416.4,5605.64,5605.64,1.35,Medium
2024-11-27,DC003,Delhi Enterprise DC,Delhi,India,35,Air Cooling,0.12,0.75,15,12,99.9,874580.94,491535.88,327059.74,18171.0,0.0,48005.72,27.36,56.19,4100,3320,780,63.64,65.01,27.08,432739.6,104949.71,39247.17,37239.56,0.0,0.0,67.14,131187.14,743393.8,557.55,0.6375,1.779,383045.07,13524.04,13524.04,1.55,Medium
2024-11-27,DC004,Hyderabad Cloud DC,Hyderabad,India,50,Hybrid Cooling,0.1,0.66,35,6,99.95,1116859.11,707404.23,299119.8,28562.06,0.0,60009.75,24.08,42.17,6100,4140,1960,51.0,71.38,31.92,659764.31,111685.91,29911.98,52385.99,0.0,0.0,75.13,390900.69,725958.42,479.13,0.429,1.579,409454.88,9112.3,9112.3,1.45,Medium
2024-11-27,DC005,Pune Backup DC,Pune,India,30,Air Cooling,0.095,0.68,28,8,99.8,647837.44,364688.78,227303.97,11251.64,0.0,34661.6,24.9,58.86,3300,2600,700,63.99,54.72,33.17,308915.27,61544.56,21593.88,33360.0,0.0,0.0,69.28,181394.48,466442.96,317.18,0.4896,1.776,283148.66,7844.13,7844.13,1.55,Medium
2024-11-28,DC001,Mumbai Core DC,Mumbai,India,45,Air Cooling,0.11,0.72,18,9,99.9,1188581.03,667193.5,413744.46,26929.44,0.0,58312.84,26.32,72.59,5200,3671,1529,53.3,70.65,25.97,581491.73,130743.91,45511.89,45805.66,0.0,0.0,69.64,213944.59,974636.45,701.74,0.5904,1.781,521387.53,16987.42,16987.42,1.55,High
2024-11-28,DC002,Bengaluru AI Hub,Bengaluru,India,60,Liquid Cooling,0.09,0.62,42,4,99.95,1137610.02,787936.02,241965.0,34233.66,0.0,57232.31,19.93,63.55,7200,4052,3148,40.37,61.99,56.74,779135.11,102384.9,21776.85,59620.01,0.0,0.0,79.21,477796.21,659813.81,409.08,0.3596,1.444,349674.0,6650.68,6650.68,1.35,Low
2024-11-28,DC003,Delhi Enterprise DC,Delhi,India,35,Air Cooling,0.12,0.75,15,12,99.9,926294.64,507847.37,352594.61,16656.73,0.0,46534.56,27.7,60.81,4100,3152,948,65.7,84.15,35.87,434912.75,111155.36,42311.35,37519.32,0.0,0.0,65.82,138944.2,787350.45,590.51,0.6375,1.824,418447.27,16695.75,16695.75,1.55,Medium
2024-11-28,DC004,Hyderabad Cloud DC,Hyderabad,India,50,Hybrid Cooling,0.1,0.66,35,6,99.95,1075775.36,705570.48,299083.01,24015.83,0.0,54654.98,25.58,41.7,6100,4595,1505,62.49,70.85,55.73,657666.97,107577.54,29908.3,45293.35,0.0,0.0,76.76,376521.37,699253.98,461.51,0.429,1.525,370204.88,5269.82,5269.82,1.45,Medium
2024-11-28,DC005,Pune Backup DC,Pune,India,30,Air Cooling,0.095,0.68,28,8,99.8,628064.83,364926.4,221969.32,12232.55,0.0,30338.12,23.98,55.47,3300,2537,763,63.21,65.85,24.94,309364.79,59666.16,21087.09,39034.43,0.0,0.0,68.1,175858.15,452206.68,307.5,0.4896,1.721,263138.42,5930.75,5930.75,1.55,Medium
2024-11-29,DC001,Mumbai Core DC,Mumbai,India,45,Air Cooling,0.11,0.72,18,9,99.9,1178776.49,668469.32,415798.21,17305.53,0.0,61858.17,24.18,51.53,5200,3687,1513,55.3,53.26,43.35,575557.17,129665.41,45737.8,42608.04,0.0,0.0,70.07,212179.77,966596.72,695.95,0.5904,1.763,510307.17,15691.39,15691.39,1.55,High
2024-11-29,DC002,Bengaluru AI Hub,Bengaluru,India,60,Liquid Cooling,0.09,0.62,42,4,99.95,1129572.71,799333.85,236910.48,33645.3,0.0,63925.29,22.5,57.57,7200,4493,2707,49.89,84.93,57.82,839512.32,101661.54,21321.94,67818.64,0.0,0.0,79.81,474420.54,655152.17,406.19,0.3596,1.413,330238.86,4542.48,4542.48,1.35,Low
2024-11-29,DC003,Delhi Enterprise DC,Delhi,India,35,Air Cooling,0.12,0.75,15,12,99.9,967154.94,526410.1,363438.39,19453.35,0.0,47948.14,27.55,68.35,4100,3380,720,69.37,60.9,37.6,431376.81,116058.59,43612.61,46507.96,0.0,0.0,62.31,145073.24,822081.7,616.56,0.6375,1.837,440744.84,18146.31,18146.31,1.55,Medium
2024-11-29,DC004,Hyderabad Cloud DC,Hyderabad,India,50,Hybrid Cooling,0.1,0.66,35,6,99.95,986003.81,644342.88,271466.11,24617.3,0.0,52784.98,22.16,51.17,6100,3723,2377,44.37,57.16,31.31,683813.3,98600.38,27146.61,59659.05,0.0,0.0,76.86,345101.33,640902.48,423.0,0.429,1.53,341660.93,5170.66,5170.66,1.45,Medium
2024-11-29,DC005,Pune Backup DC,Pune,India,30,Air Cooling,0.095,0.68,28,8,99.8,668674.2,395378.51,213134.0,17146.85,0.0,32939.91,22.52,80.42,3300,3036,264,77.97,54.69,26.98,308498.53,63524.05,20247.73,32486.04,0.0,0.0,68.88,187228.78,481445.43,327.38,0.4896,1.691,273295.69,5304.56,5304.56,1.55,Medium
2024-11-30,DC001,Mumbai Core DC,Mumbai,India,45,Air Cooling,0.11,0.72,18,9,99.9,1053553.32,593041.98,371737.35,17354.75,0.0,55055.43,23.74,82.38,5200,4258,942,65.01,67.94,47.64,504711.62,115890.87,40891.11,42315.24,0.0,0.0,68.65,189639.6,863913.72,622.02,0.5904,1.777,460511.34,14777.21,14777.21,1.55,Medium
2024-11-30,DC002,Bengaluru AI Hub,Bengaluru,India,60,Liquid Cooling,0.09,0.62,42,4,99.95,1116233.8,765553.29,241383.38,30479.07,0.0,63201.26,22.02,54.37,7200,5101,2099,53.0,49.16,56.44,713514.85,100461.04,21724.5,68811.77,0.0,0.0,76.28,468818.2,647415.6,401.4,0.3596,1.458,350680.51,7446.32,7446.32,1.35,Low
2024-11-30,DC003,Delhi Enterprise DC,Delhi,India,35,Air Cooling,0.12,0.75,15,12,99.9,785531.52,436939.73,278358.06,16762.53,4455.19,43439.53,28.24,60.67,4100,2937,1163,56.5,48.39,29.63,412039.94,94263.78,33402.97,37875.74,0.0,0.0,67.93,117829.73,667701.79,500.78,0.6375,1.798,348591.79,12992.99,12992.99,1.55,Medium
2024-11-30,DC004,Hyderabad Cloud DC,Hyderabad,India,50,Hybrid Cooling,0.1,0.66,35,6,99.95,940805.39,607379.93,244505.43,18640.36,7600.28,50497.81,23.51,46.32,6100,4283,1817,56.79,62.22,31.53,551728.65,94080.54,24450.54,56311.19,0.0,0.0,72.74,329281.89,611523.5,403.61,0.429,1.549,333425.46,6010.45,6010.45,1.45,Low
2024-11-30,DC005,Pune Backup DC,Pune,India,30,Air Cooling,0.095,0.68,28,8,99.8,546791.98,323764.59,178315.05,8515.67,0.0,26228.61,21.97,57.09,3300,2858,442,69.74,74.08,42.58,304507.38,51945.24,16939.93,42353.91,0.0,0.0,69.03,153101.76,393690.23,267.71,0.4896,1.689,223027.39,4270.9,4270.9,1.55,Medium
2024-12-01,DC001,Mumbai Core DC,Mumbai,India,45,Air Cooling,0.11,0.72,18,9,99.9,1067942.29,600107.16,385272.11,23305.66,0.0,58689.34,26.92,62.89,5200,3822,1378,56.79,50.67,25.93,476510.36,117473.65,42379.93,46791.29,0.0,0.0,65.53,192229.61,875712.67,630.51,0.5904,1.78,467835.13,15155.38,15155.38,1.55,Medium
2024-12-01,DC002,Bengaluru AI Hub,Bengaluru,India,60,Liquid Cooling,0.09,0.62,42,4,99.95,1134089.2,794964.12,225459.7,33033.87,0.0,58294.96,22.79,56.26,7200,6012,1188,67.01,65.96,45.2,739499.11,102068.03,20291.37,60459.39,0.0,0.0,78.02,476317.47,657771.74,407.82,0.3596,1.427,339125.08,5479.89,5479.89,1.35,Low
2024-12-01,DC003,Delhi Enterprise DC,Delhi,India,35,Air Cooling,0.12,0.75,15,12,99.9,748997.85,425962.05,268183.76,16254.07,0.0,41838.31,24.11,55.41,4100,2838,1262,57.04,79.31,31.0,380664.92,89879.74,32182.05,48545.79,0.0,0.0,63.64,112349.68,636648.17,477.49,0.6375,1.758,323035.81,10650.8,10650.8,1.55,Medium
2024-12-01,DC004,Hyderabad Cloud DC,Hyderabad,India,50,Hybrid Cooling,0.1,0.66,35,6,99.95,1048298.11,671472.79,277061.65,18653.3,0.0,59304.76,22.99,63.53,6100,4798,1302,65.9,75.61,41.31,556475.14,104829.81,27706.16,51517.17,0.0,0.0,71.9,366904.34,681393.77,449.72,0.429,1.561,376825.31,7466.26,7466.26,1.45,Medium
2024-12-01,DC005,Pune Backup DC,Pune,India,30,Air Cooling,0.095,0.68,28,8,99.8,499571.9,301554.86,165061.01,9892.38,0.0,25841.0,23.98,86.99,3300,1995,1305,46.91,75.01,27.67,302178.14,47459.33,15680.8,34092.75,0.0,0.0,73.01,139880.13,359691.77,244.59,0.4896,1.657,198017.05,3055.38,3055.38,1.55,Medium
2024-12-02,DC001,Mumbai Core DC,Mumbai,India,45,Air Cooling,0.11,0.72,18,9,99.9,1065349.88,611067.51,372885.74,21358.48,0.0,52522.14,28.17,52.57,5200,2969,2231,43.79,64.28,22.47,516363.3,117188.49,41017.43,46689.43,0.0,0.0,68.26,191762.98,873586.9,628.98,0.5904,1.743,454282.37,13001.48,13001.48,1.55,Medium
2024-12-02,DC002,Bengaluru AI Hub,Bengaluru,India,60,Liquid Cooling,0.09,0.62,42,4,99.95,1174799.36,824022.45,258218.51,34298.16,5228.75,64903.46,21.69,66.16,7200,4977,2223,56.41,89.68,51.31,779881.94,105731.94,23239.67,44135.12,0.0,0.0,80.78,493415.73,681383.63,422.46,0.3596,1.426,350776.92,5613.22,5613.22,1.35,Medium
2024-12-02,DC003,Delhi Enterprise DC,Delhi,India,35,Air Cooling,0.12,0.75,15,12,99.9,919640.54,522111.63,336499.28,14295.7,0.0,46716.64,28.4,50.61,4100,3577,523,69.99,73.43,38.58,420355.24,110356.86,40379.91,37302.11,0.0,0.0,64.87,137946.08,781694.46,586.27,0.6375,1.761,397528.91,13244.1,13244.1,1.55,Medium
2024-12-02,DC004,Hyderabad Cloud DC,Hyderabad,India,50,Hybrid Cooling,0.1,0.66,35,6,99.95,1115474.61,719840.33,296389.97,21712.44,0.0,62319.82,23.48,55.59,6100,4375,1725,60.56,67.16,19.54,656728.1,111547.46,29639.0,60457.9,0.0,0.0,73.81,390416.11,725058.5,478.54,0.429,1.55,395634.28,7170.61,7170.61,1.45,Medium
2024-12-02,DC005,Pune Backup DC,Pune,India,30,Air Cooling,0.095,0.68,28,8,99.8,669363.66,395188.92,227729.83,15902.87,0.0,36503.42,23.98,50.4,3300,3036,264,79.33,61.62,30.33,301243.61,63589.55,21634.33,38722.92,0.0,0.0,66.04,187421.83,481941.84,327.72,0.4896,1.694,274174.74,5397.98,5397.98,1.55,Medium
2024-12-03,DC001,Mumbai Core DC,Mumbai,India,45,Air Cooling,0.11,0.72,18,9,99.9,1222560.1,694167.72,416884.22,30683.8,0.0,67796.98,24.1,38.29,5200,4491,709,72.23,52.51,32.94,562292.1,134481.61,45857.26,59872.41,0.0,0.0,65.44,220060.82,1002499.28,721.8,0.5904,1.761,528392.38,16126.01,16126.01,1.55,High
2024-12-03,DC002,Bengaluru AI Hub,Bengaluru,India,60,Liquid Cooling,0.09,0.62,42,4,99.95,1234691.03,843741.61,268796.82,28130.54,5054.32,69429.43,23.54,40.85,7200,4703,2497,51.53,82.34,50.74,756010.69,111122.19,24191.71,71554.07,0.0,0.0,75.84,518570.23,716120.8,443.99,0.3596,1.463,390949.42,8607.59,8607.59,1.35,Medium
2024-12-03,DC003,Delhi Enterprise DC,Delhi,India,35,Air Cooling,0.12,0.75,15,12,99.9,875992.74,488765.91,317646.44,17364.74,0.0,44512.66,26.88,51.81,4100,3199,901,65.42,72.72,44.32,445946.24,105119.13,38117.57,42890.4,0.0,0.0,66.81,131398.91,744593.83,558.45,0.6375,1.792,387226.83,14208.67,14208.67,1.55,Medium
2024-12-03,DC004,Hyderabad Cloud DC,Hyderabad,India,50,Hybrid Cooling,0.1,0.66,35,6,99.95,1147347.37,721529.35,308203.41,25835.59,5043.44,59462.08,22.39,57.24,6100,4398,1702,58.94,48.65,38.23,625796.52,114734.74,30820.34,52472.19,0.0,0.0,73.28,401571.58,745775.79,492.21,0.429,1.59,425818.02,10112.98,10112.98,1.45,Medium
2024-12-03,DC005,Pune Backup DC,Pune,India,30,Air Cooling,0.095,0.68,28,8,99.8,620833.55,356062.61,218309.84,13953.01,0.0,32359.93,25.0,65.8,3300,2736,564,68.09,60.94,27.34,307895.2,58979.19,20739.44,31900.23,0.0,0.0,70.48,173833.39,447000.15,303.96,0.4896,1.744,264770.93,6548.97,6548.97,1.55,Medium
2024-12-04,DC001,Mumbai Core DC,Mumbai,India,45,Air Cooling,0.11,0.72,18,9,99.9,1234631.18,684638.66,458367.8,29869.06,0.0,69223.22,29.71,62.44,5200,3741,1459,59.73,65.88,39.89,581069.23,135809.43,50420.46,51828.17,0.0,0.0,67.71,222233.61,1012397.57,728.93,0.5904,1.803,549992.51,19078.54,19078.54,1.55,High
2024-12-04,DC002,Bengaluru AI Hub,Bengaluru,India,60,Liquid Cooling,0.09,0.62,42,4,99.95,1229288.96,848959.44,255621.09,31788.8,0.0,59173.96,23.36,54.15,7200,5251,1949,60.72,73.65,47.06,770095.26,110636.01,23005.9,59710.51,0.0,0.0,77.88,516301.37,712987.6,442.05,0.3596,1.448,380329.53,7487.44,7487.44,1.35,Medium
2024-12-04,DC003,Delhi Enterprise DC,Delhi,India,35,Air Cooling,0.12,0.75,15,12,99.9,837336.5,465271.92,299245.82,12490.88,0.0,47068.3,26.0,52.42,4100,2415,1685,42.4,64.39,29.02,443263.8,100480.38,35909.5,37167.28,0.0,0.0,68.95,125600.48,711736.03,533.8,0.6375,1.8,372064.58,13939.8,13939.8,1.55,Medium
2024-12-04,DC004,Hyderabad Cloud DC,Hyderabad,India,50,Hybrid Cooling,0.1,0.66,35,6,99.95,955804.89,614804.21,276051.27,22543.29,0.0,46781.88,21.91,50.32,6100,2745,3355,31.31,73.72,32.03,619192.7,95580.49,27605.13,51672.65,0.0,0.0,76.22,334531.71,621273.18,410.04,0.429,1.555,341000.68,6433.88,6433.88,1.45,Low
2024-12-04,DC005,Pune Backup DC,Pune,India,30,Air Cooling,0.095,0.68,28,8,99.8,630884.23,366554.28,212510.16,15010.81,0.0,34221.32,23.6,60.86,3300,2605,695,61.11,64.9,20.41,312298.0,59934.0,20188.47,28242.35,0.0,0.0,71.77,176647.58,454236.65,308.88,0.4896,1.721,264329.95,5958.88,5958.88,1.55,Medium
2024-12-05,DC001,Mumbai Core DC,Mumbai,India,45,Air Cooling,0.11,0.72,18,9,99.9,1144618.09,650318.55,393094.63,18365.7,0.0,63514.18,22.69,78.95,5200,3892,1308,57.11,67.45,31.83,577963.39,125907.99,43240.41,47439.48,0.0,0.0,70.01,206031.26,938586.84,675.78,0.5904,1.76,494299.54,15028.68,15028.68,1.55,High
2024-12-05,DC002,Bengaluru AI Hub,Bengaluru,India,60,Liquid Cooling,0.09,0.62,42,4,99.95,1218294.89,860914.9,258343.13,33718.85,0.0,68037.97,23.18,77.16,7200,5940,1260,71.18,60.41,36.61,791577.26,109646.54,23250.88,60646.89,0.0,0.0,78.49,511683.85,706611.03,438.1,0.3596,1.415,357379.99,5045.38,5045.38,1.35,Medium
2024-12-05,DC003,Delhi Enterprise DC,Delhi,India,35,Air Cooling,0.12,0.75,15,12,99.9,849978.1,477426.25,313600.98,21374.73,0.0,42257.11,26.88,56.57,4100,2410,1690,45.61,74.62,30.14,442024.39,101997.37,37632.12,45000.04,0.0,0.0,66.74,127496.71,722481.38,541.86,0.6375,1.78,372551.84,13196.09,13196.09,1.55,Medium
2024-12-05,DC004,Hyderabad Cloud DC,Hyderabad,India,50,Hybrid Cooling,0.1,0.66,35,6,99.95,1105664.22,723877.69,300511.62,23725.8,0.0,57563.94,26.02,65.88,6100,5434,666,75.62,86.17,26.22,683913.76,110566.42,30051.16,57747.25,0.0,0.0,75.39,386982.48,718681.74,474.33,0.429,1.527,381786.53,5604.16,5604.16,1.45,Medium
2024-12-05,DC005,Pune Backup DC,Pune,India,30,Air Cooling,0.095,0.68,28,8,99.8,693541.64,386365.38,247165.38,15362.76,0.0,36707.73,26.07,61.63,3300,2925,375,72.84,74.72,51.56,312174.24,65886.46,23480.71,32562.46,0.0,0.0,68.46,194191.66,499349.98,339.56,0.4896,1.795,307176.26,8994.15,8994.15,1.55,Medium
2024-12-06,DC001,Mumbai Core DC,Mumbai,India,45,Air Cooling,0.11,0.72,18,9,99.9,1181804.08,665968.38,427310.54,23207.28,0.0,64779.89,28.75,72.35,5200,4209,991,67.8,62.01,17.18,526543.18,129998.45,47004.16,51978.37,0.0,0.0,65.44,212724.73,969079.34,697.74,0.5904,1.775,515835.7,16450.84,16450.84,1.55,High
2024-12-06,DC002,Bengaluru AI Hub,Bengaluru,India,60,Liquid Cooling,0.09,0.62,42,4,99.95,1258069.07,883180.42,273400.88,36200.64,0.0,62395.91,21.81,47.06,7200,5589,1611,63.19,83.22,48.0,750292.92,113226.22,24606.08,66766.39,0.0,0.0,76.01,528389.01,729680.06,452.4,0.3596,1.424,374888.66,5919.8,5919.8,1.35,Medium
2024-12-06,DC003,Delhi Enterprise DC,Delhi,India,35,Air Cooling,0.12,0.75,15,12,99.9,875937.5,487937.58,309430.82,14138.57,0.0,47782.74,27.64,56.06,4100,2973,1127,61.68,58.63,37.08,455012.84,105112.5,37131.7,31378.46,0.0,0.0,70.0,131390.62,744546.87,558.41,0.6375,1.795,387999.92,14356.11,14356.11,1.55,Medium
2024-12-06,DC004,Hyderabad Cloud DC,Hyderabad,India,50,Hybrid Cooling,0.1,0.66,35,6,99.95,1161307.07,726487.66,339164.15,26961.41,7845.14,61444.96,28.72,62.31,6100,5540,560,73.56,60.69,30.9,649684.66,116130.71,33916.41,53611.64,109.1,158359.68,49.5,406457.48,754849.6,498.2,0.429,1.599,434819.41,10790.0,169149.68,1.45,High
2024-12-06,DC005,Pune Backup DC,Pune,India,30,Air Cooling,0.095,0.68,28,8,99.8,581250.4,352351.88,190723.83,10085.9,0.0,28989.41,21.55,53.5,3300,2392,908,58.89,78.8,26.37,315341.29,55218.79,18118.76,39965.74,0.0,0.0,69.82,162750.11,418500.29,284.58,0.4896,1.65,228898.52,3334.97,3334.97,1.55,Medium
2024-12-07,DC001,Mumbai Core DC,Mumbai,India,45,Air Cooling,0.11,0.72,18,9,99.9,1004416.24,568686.9,355212.46,18333.46,0.0,54879.9,25.97,66.3,5200,2627,2573,39.69,86.65,37.29,509152.81,110485.79,39073.37,40610.25,0.0,0.0,70.32,180794.92,823621.31,593.01,0.5904,1.766,435729.33,13524.67,13524.67,1.55,Medium
2024-12-07,DC002,Bengaluru AI Hub,Bengaluru,India,60,Liquid Cooling,0.09,0.62,42,4,99.95,1040730.19,711064.55,240331.01,23806.59,6821.28,57767.97,26.14,72.68,7200,5082,2118,54.12,64.82,51.56,713509.32,93665.72,21629.79,46837.02,0.0,0.0,80.31,437106.68,603623.51,374.25,0.3596,1.464,329665.63,7271.37,7271.37,1.35,Low
2024-12-07,DC003,Delhi Enterprise DC,Delhi,India,35,Air Cooling,0.12,0.75,15,12,99.9,799728.51,445661.08,286188.23,19345.55,0.0,45267.98,23.82,52.76,4100,3516,584,67.88,63.2,23.95,373372.24,95967.42,34342.59,40781.64,0.0,0.0,63.37,119959.28,679769.23,509.83,0.6375,1.794,354067.43,13074.46,13074.46,1.55,Medium
2024-12-07,DC004,Hyderabad Cloud DC,Hyderabad,India,50,Hybrid Cooling,0.1,0.66,35,6,99.95,913867.82,595692.12,245025.85,18880.8,0.0,48739.4,20.87,59.2,6100,3383,2717,39.34,61.68,22.9,573813.7,91386.78,24502.58,62600.8,0.0,0.0,73.16,319853.74,594014.08,392.05,0.429,1.534,318175.7,5011.43,5011.43,1.45,Low
2024-12-07,DC005,Pune Backup DC,Pune,India,30,Air Cooling,0.095,0.68,28,8,99.8,554190.14,323190.51,193704.3,12713.68,0.0,27725.23,24.76,71.94,3300,2476,824,57.78,84.6,19.8,289601.09,52648.06,18401.91,30394.88,0.0,0.0,71.33,155173.24,399016.9,271.33,0.4896,1.715,230999.63,5058.26,5058.26,1.55,Medium
2024-12-08,DC001,Mumbai Core DC,Mumbai,India,45,Air Cooling,0.11,0.72,18,9,99.9,1072776.1,598193.54,384446.75,18300.63,0.0,56331.7,26.25,48.26,5200,4115,1085,64.16,65.95,29.73,522336.84,118005.37,42289.14,43896.91,0.0,0.0,69.0,193099.7,879676.4,633.37,0.5904,1.793,474582.56,16013.37,16013.37,1.55,Medium
2024-12-08,DC002,Bengaluru AI Hub,Bengaluru,India,60,Liquid Cooling,0.09,0.62,42,4,99.95,1059176.2,729115.32,228403.37,18853.45,0.0,55151.79,22.64,52.38,7200,4974,2226,54.28,62.77,51.51,696520.89,95325.86,20556.3,64468.55,0.0,0.0,77.06,444854.01,614322.2,380.88,0.3596,1.453,330060.89,6738.35,6738.35,1.35,Low
2024-12-08,DC003,Delhi Enterprise DC,Delhi,India,35,Air Cooling,0.12,0.75,15,12,99.9,906830.39,496613.28,341924.36,16463.84,0.0,48464.2,26.96,48.27,4100,3772,328,86.15,71.13,42.73,384637.12,108819.65,41030.92,40000.12,0.0,0.0,61.31,136024.56,770805.84,578.1,0.6375,1.826,410217.11,16449.58,16449.58,1.55,Medium
2024-12-08,DC004,Hyderabad Cloud DC,Hyderabad,India,50,Hybrid Cooling,0.1,0.66,35,6,99.95,1060307.96,686245.5,275701.38,20153.8,0.0,52630.1,24.43,44.24,6100,5612,488,83.3,66.69,37.43,565304.41,106030.8,27570.14,44462.91,0.0,0.0,73.38,371107.79,689200.17,454.87,0.429,1.545,374062.45,6525.2,6525.2,1.45,Medium
2024-12-08,DC005,Pune Backup DC,Pune,India,30,Air Cooling,0.095,0.68,28,8,99.8,542577.07,305200.61,188241.66,10577.88,8297.52,27555.2,27.51,70.24,3300,1926,1374,47.82,68.33,18.86,281372.24,51544.82,17882.96,34986.3,0.0,0.0,69.25,151921.58,390655.49,265.65,0.4896,1.778,237376.46,6604.03,6604.03,1.55,Medium
2024-12-09,DC001,Mumbai Core DC,Mumbai,India,45,Air Cooling,0.11,0.72,18,9,99.9,1122589.49,656424.14,388907.86,19232.74,0.0,56438.85,25.99,57.52,5200,3976,1224,59.79,73.23,27.99,584732.49,123484.84,42779.86,42575.35,0.0,0.0,71.6,202066.11,920523.38,662.78,0.5904,1.71,466165.35,11564.53,11564.53,1.55,High
2024-12-09,DC002,Bengaluru AI Hub,Bengaluru,India,60,Liquid Cooling,0.09,0.62,42,4,99.95,1184570.57,820394.81,264152.53,28227.67,0.0,57643.73,24.52,50.14,7200,4234,2966,45.53,70.97,55.42,760571.1,106611.35,23773.73,60596.5,0.0,0.0,78.02,497519.64,687050.93,425.97,0.3596,1.444,364175.76,6933.38,6933.38,1.35,Medium
2024-12-09,DC003,Delhi Enterprise DC,Delhi,India,35,Air Cooling,0.12,0.75,15,12,99.9,856342.15,475844.33,310982.23,16290.25,7979.17,48266.74,29.11,66.55,4100,2779,1321,56.05,69.38,47.1,470972.09,102761.06,37317.87,44985.3,0.0,0.0,68.63,128451.32,727890.82,545.92,0.6375,1.8,380497.82,14254.01,14254.01,1.55,Medium
2024-12-09,DC004,Hyderabad Cloud DC,Hyderabad,India,50,Hybrid Cooling,0.1,0.66,35,6,99.95,1120478.84,706352.1,311139.29,26530.14,0.0,54857.34,20.04,58.26,6100,4610,1490,60.03,67.25,25.19,630024.67,112047.88,31113.93,39963.16,21.2,19101.97,72.84,392167.59,728311.25,480.69,0.429,1.586,414126.74,9626.83,28728.8,1.45,Medium
2024-12-09,DC005,Pune Backup DC,Pune,India,30,Air Cooling,0.095,0.68,28,8,99.8,550978.04,326914.87,176053.88,9835.59,0.0,28487.87,22.98,48.0,3300,1864,1436,42.4,72.25,29.29,309705.43,52342.91,16725.12,34468.47,0.0,0.0,71.97,154273.85,396704.19,269.76,0.4896,1.685,224063.16,4204.7,4204.7,1.55,Medium
2024-12-10,DC001,Mumbai Core DC,Mumbai,India,45,Air Cooling,0.11,0.72,18,9,99.9,1217144.74,687119.86,422685.38,28060.06,0.0,60938.28,26.16,67.25,5200,3703,1497,61.14,74.29,33.1,562962.1,133885.92,46495.39,53257.71,0.0,0.0,66.76,219086.05,998058.68,718.6,0.5904,1.771,530024.88,16731.98,16731.98,1.55,High
2024-12-10,DC002,Bengaluru AI Hub,Bengaluru,India,60,Liquid Cooling,0.09,0.62,42,4,99.95,1316392.24,901169.71,288385.65,40489.83,0.0,74269.79,23.56,69.54,7200,6624,576,79.37,66.27,36.86,767023.67,118475.3,25954.71,44504.81,14.8,19457.24,76.21,552884.74,763507.5,473.37,0.3596,1.461,415222.53,8983.18,28440.42,1.35,Medium
2024-12-10,DC003,Delhi Enterprise DC,Delhi,India,35,Air Cooling,0.12,0.75,15,12,99.9,930514.28,521413.59,332052.8,19272.66,0.0,44760.82,24.99,64.49,4100,3120,980,64.83,73.52,44.44,472913.27,111661.71,39846.34,49355.25,0.0,0.0,65.95,139577.14,790937.14,593.2,0.6375,1.785,409100.69,14678.79,14678.79,1.55,Medium
2024-12-10,DC004,Hyderabad Cloud DC,Hyderabad,India,50,Hybrid Cooling,0.1,0.66,35,6,99.95,1160098.94,732319.27,324509.28,22338.35,0.0,62517.23,21.97,42.15,6100,4700,1400,62.28,66.7,48.86,683968.47,116009.89,32450.93,44021.65,0.0,0.0,76.6,406034.63,754064.31,497.68,0.429,1.584,427779.67,9823.6,9823.6,1.45,Medium
2024-12-10,DC005,Pune Backup DC,Pune,India,30,Air Cooling,0.095,0.68,28,8,99.8,641305.44,371425.24,203872.98,9575.21,9761.75,31438.03,22.73,65.46,3300,2229,1071,57.37,69.52,39.03,301100.68,60924.02,19367.93,42534.25,0.0,0.0,65.64,179565.52,461739.92,313.98,0.4896,1.727,269880.2,6231.65,6231.65,1.55,Medium
2024-12-11,DC001,Mumbai Core DC,Mumbai,India,45,Air Cooling,0.11,0.72,18,9,99.9,1238496.78,711009.25,424972.11,25115.77,9508.71,64189.48,26.73,64.05,5200,4283,917,68.12,62.53,52.9,589922.38,136234.65,46746.93,55826.66,0.0,0.0,67.44,222929.42,1015567.36,731.21,0.5904,1.742,527487.53,15007.57,15007.57,1.55,High
2024-12-11,DC002,Bengaluru AI Hub,Bengaluru,India,60,Liquid Cooling,0.09,0.62,42,4,99.95,1288857.02,881615.64,273884.68,35523.62,0.0,71365.62,20.91,71.25,7200,6624,576,79.39,71.53,55.26,839100.03,115997.13,24649.62,45694.46,0.0,0.0,80.73,541319.95,747537.07,463.47,0.3596,1.462,407241.38,8880.83,8880.83,1.35,Medium
2024-12-11,DC003,Delhi Enterprise DC,Delhi,India,35,Air Cooling,0.12,0.75,15,12,99.9,847129.76,480526.85,312123.52,15265.84,2955.92,41510.28,27.74,50.57,4100,2548,1552,47.96,72.38,38.73,429840.83,101655.57,37454.82,47777.59,0.0,0.0,65.24,127069.46,720060.3,540.05,0.6375,1.763,366602.91,12277.58,12277.58,1.55,Medium
2024-12-11,DC004,Hyderabad Cloud DC,Hyderabad,India,50,Hybrid Cooling,0.1,0.66,35,6,99.95,1166612.13,745658.64,321570.15,20358.4,0.0,61110.47,24.1,47.02,6100,4889,1211,70.04,65.07,43.42,644222.31,116661.21,32157.02,47431.09,0.0,0.0,74.53,408314.25,758297.89,500.48,0.429,1.565,420953.49,8540.71,8540.71,1.45,Medium
2024-12-11,DC005,Pune Backup DC,Pune,India,30,Air Cooling,0.095,0.68,28,8,99.8,663509.15,379385.03,222256.98,15554.2,0.0,34744.21,21.75,56.64,3300,2626,674,66.7,57.23,39.53,306602.19,63033.37,21114.41,36280.09,0.0,0.0,67.61,185782.56,477726.59,324.85,0.4896,1.749,284124.12,7168.92,7168.92,1.55,Medium
2024-12-12,DC001,Mumbai Core DC,Mumbai,India,45,Air Cooling,0.11,0.72,18,9,99.9,1136886.24,662422.24,377135.75,20321.42,3572.62,58926.2,24.69,65.36,5200,4022,1178,62.33,73.55,17.61,552404.15,125057.49,41484.93,54009.12,0.0,0.0,67.58,204639.52,932246.72,671.22,0.5904,1.716,474464.0,12114.49,12114.49,1.55,High
2024-12-12,DC002,Bengaluru AI Hub,Bengaluru,India,60,Liquid Cooling,0.09,0.62,42,4,99.95,1240723.22,861384.13,278631.82,30965.37,0.0,64465.26,21.61,56.62,7200,5802,1398,67.94,69.81,53.01,755822.1,111665.09,25076.86,67471.47,0.0,0.0,76.3,521103.75,719619.47,446.16,0.3596,1.44,379339.09,7006.92,7006.92,1.35,Medium
2024-12-12,DC003,Delhi Enterprise DC,Delhi,India,35,Air Cooling,0.12,0.75,15,12,99.9,847895.74,485376.95,293743.85,13772.63,6297.39,46075.71,26.46,49.79,4100,3126,974,65.32,61.25,18.37,432675.57,101747.49,35249.26,56148.33,55.7,101808.35,39.98,127184.36,720711.38,540.53,0.6375,1.747,362518.78,11467.38,113275.73,1.55,High
2024-12-12,DC004,Hyderabad Cloud DC,Hyderabad,India,50,Hybrid Cooling,0.1,0.66,35,6,99.95,1062909.07,689311.61,291335.28,25885.24,0.0,51450.79,26.28,53.69,6100,4294,1806,58.14,70.06,24.73,643225.5,106290.91,29133.53,53470.55,0.0,0.0,75.16,372018.17,690890.89,455.99,0.429,1.542,373597.45,6340.72,6340.72,1.45,Medium
2024-12-12,DC005,Pune Backup DC,Pune,India,30,Air Cooling,0.095,0.68,28,8,99.8,584621.08,337031.89,207391.38,9872.94,0.0,31590.6,22.01,55.7,3300,1831,1469,39.08,76.13,40.82,335137.72,55539.0,19702.18,36006.69,0.0,0.0,72.68,163693.9,420927.18,286.23,0.4896,1.735,247589.19,5911.06,5911.06,1.55,Medium
2024-12-13,DC001,Mumbai Core DC,Mumbai,India,45,Air Cooling,0.11,0.72,18,9,99.9,1215150.57,699290.04,440749.83,18192.94,0.0,67909.23,25.67,61.23,5200,4426,774,74.4,65.93,32.79,570001.06,133666.56,48482.48,51817.93,0.0,0.0,67.46,218727.1,996423.47,717.42,0.5904,1.738,515860.53,14437.61,14437.61,1.55,High
2024-12-13,DC002,Bengaluru AI Hub,Bengaluru,India,60,Liquid Cooling,0.09,0.62,42,4,99.95,1178216.94,842389.47,240107.75,32515.74,7393.91,66593.71,20.91,59.95,7200,5496,1704,65.97,79.6,47.9,778077.79,106039.52,21609.7,42776.76,0.0,0.0,80.87,494851.11,683365.82,423.69,0.3596,1.399,335827.47,3689.2,3689.2,1.35,Medium
2024-12-13,DC003,Delhi Enterprise DC,Delhi,India,35,Air Cooling,0.12,0.75,15,12,99.9,788351.06,460684.87,277439.57,15256.94,0.0,42507.04,26.13,61.16,4100,2706,1394,53.05,64.72,22.18,434835.38,94602.13,33292.75,50642.82,0.0,0.0,66.6,118252.66,670098.4,502.57,0.6375,1.711,327666.19,8914.74,8914.74,1.55,Medium
2024-12-13,DC004,Hyderabad Cloud DC,Hyderabad,India,50,Hybrid Cooling,0.1,0.66,35,6,99.95,1080853.89,668715.11,330405.16,17557.57,0.0,54470.47,27.97,63.79,6100,3236,2864,38.71,59.87,23.52,651521.33,108085.39,33040.52,55861.49,0.0,0.0,74.84,378298.86,702555.03,463.69,0.429,1.616,412138.78,11121.7,11121.7,1.45,Medium
2024-12-13,DC005,Pune Backup DC,Pune,India,30,Air Cooling,0.095,0.68,28,8,99.8,571127.06,342916.64,190766.4,12087.84,0.0,29540.18,21.52,48.32,3300,2212,1088,55.97,84.15,39.52,337661.97,54257.07,18122.81,38328.39,0.0,0.0,72.58,159915.58,411211.49,279.62,0.4896,1.665,228210.42,3762.6,3762.6,1.55,Medium
2024-12-14,DC001,Mumbai Core DC,Mumbai,India,45,Air Cooling,0.11,0.72,18,9,99.9,1078691.79,618959.88,376328.95,25190.37,3289.86,56164.7,26.02,76.44,5200,4364,836,72.6,50.33,36.18,488679.2,118656.1,41396.18,49257.02,0.0,0.0,65.64,194164.52,884527.27,636.86,0.5904,1.743,459731.91,13123.44,13123.44,1.55,Medium
2024-12-14,DC002,Bengaluru AI Hub,Bengaluru,India,60,Liquid Cooling,0.09,0.62,42,4,99.95,1093699.97,762113.94,240432.69,28451.31,0.0,55567.21,22.25,53.95,7200,6059,1141,67.64,64.13,55.15,665147.87,98433.0,21638.94,47906.84,0.0,0.0,78.0,459353.99,634345.98,393.29,0.3596,1.435,331586.02,5836.15,5836.15,1.35,Low
2024-12-14,DC003,Delhi Enterprise DC,Delhi,India,35,Air Cooling,0.12,0.75,15,12,99.9,755061.88,403595.81,287562.58,13226.65,10966.0,36602.07,28.16,65.99,4100,2411,1689,42.05,82.09,35.68,398168.84,90607.43,34507.51,48689.6,0.0,0.0,65.02,113259.28,641802.6,481.35,0.6375,1.871,351466.07,15538.61,15538.61,1.55,High
2024-12-14,DC004,Hyderabad Cloud DC,Hyderabad,India,50,Hybrid Cooling,0.1,0.66,35,6,99.95,930341.04,608074.64,254415.71,21168.85,0.0,46270.34,22.92,59.89,6100,4645,1455,59.1,54.43,26.22,602302.2,93034.1,25441.57,48070.17,0.0,0.0,76.57,325619.37,604721.68,399.12,0.429,1.53,322266.41,4863.28,4863.28,1.45,Low
2024-12-14,DC005,Pune Backup DC,Pune,India,30,Air Cooling,0.095,0.68,28,8,99.8,528250.83,315721.9,175334.08,9569.5,0.0,28435.6,25.14,66.73,3300,2459,841,57.46,59.06,25.24,303024.65,50183.83,16656.74,42758.12,0.0,0.0,69.33,147910.23,380340.6,258.63,0.4896,1.673,212528.93,3693.78,3693.78,1.55,Medium
2024-12-15,DC001,Mumbai Core DC,Mumbai,India,45,Air Cooling,0.11,0.72,18,9,99.9,956718.93,550611.56,316540.72,21856.64,0.0,51298.0,25.92,67.08,5200,2913,2287,45.59,75.92,24.1,484755.31,105239.08,34819.48,49473.67,0.0,0.0,68.08,172209.41,784509.52,564.85,0.5904,1.738,406107.37,11359.81,11359.81,1.55,Medium
2024-12-15,DC002,Bengaluru AI Hub,Bengaluru,India,60,Liquid Cooling,0.09,0.62,42,4,99.95,1099723.93,784359.66,227160.27,20573.0,10835.83,56845.27,22.45,69.07,7200,5860,1340,63.69,55.57,51.43,686394.07,98975.15,20444.42,65661.63,0.0,0.0,76.01,461884.05,637839.88,395.46,0.3596,1.402,315364.27,3675.46,3675.46,1.35,Low
2024-12-15,DC003,Delhi Enterprise DC,Delhi,India,35,Air Cooling,0.12,0.75,15,12,99.9,796228.16,425844.56,308942.82,14128.23,0.0,44277.45,30.07,69.34,4100,2574,1526,47.44,62.2,37.2,377478.42,95547.38,37073.14,35371.16,0.0,0.0,65.32,119434.22,676793.93,507.6,0.6375,1.87,370383.59,16340.29,16340.29,1.55,High
2024-12-15,DC004,Hyderabad Cloud DC,Hyderabad,India,50,Hybrid Cooling,0.1,0.66,35,6,99.95,926616.05,580919.19,262485.85,22326.1,0.0,45445.11,24.58,63.89,6100,3790,2310,48.34,54.45,17.13,602498.39,92661.6,26248.58,50718.26,0.0,0.0,76.2,324315.62,602300.43,397.52,0.429,1.595,345696.86,8428.32,8428.32,1.45,Low
2024-12-15,DC005,Pune Backup DC,Pune,India,30,Air Cooling,0.095,0.68,28,8,99.8,528952.81,308269.8,182392.7,10966.67,0.0,28031.84,24.44,35.46,3300,2213,1087,56.78,56.58,31.28,271211.91,50250.52,17327.31,35584.09,0.0,0.0,68.35,148106.79,380846.03,258.98,0.4896,1.716,220683.02,4857.79,4857.79,1.55,Medium
2024-12-16,DC001,Mumbai Core DC,Mumbai,India,45,Air Cooling,0.11,0.72,18,9,99.9,1144204.98,655451.8,412243.29,18926.05,0.0,59623.49,27.24,62.75,5200,3518,1682,50.01,69.0,25.7,517237.29,125862.55,45346.76,38376.13,0.0,0.0,68.25,205956.9,938248.08,675.54,0.5904,1.746,488753.18,14108.02,14108.02,1.55,High
2024-12-16,DC002,Bengaluru AI Hub,Bengaluru,India,60,Liquid Cooling,0.09,0.62,42,4,99.95,1219537.8,864671.51,254413.91,35513.38,0.0,69089.46,20.92,53.24,7200,5587,1613,64.39,63.84,51.4,807239.54,109758.4,22897.25,43865.62,0.0,0.0,80.97,512205.88,707331.92,438.55,0.3596,1.41,354866.3,4700.81,4700.81,1.35,Medium
2024-12-16,DC003,Delhi Enterprise DC,Delhi,India,35,Air Cooling,0.12,0.75,15,12,99.9,884024.85,489747.28,308619.64,21101.53,0.0,45596.87,25.83,60.63,4100,3171,929,64.06,64.85,39.06,439389.38,106082.98,37034.36,37992.92,0.0,0.0,67.21,132603.73,751421.12,563.57,0.6375,1.805,394277.57,14989.99,14989.99,1.55,Medium
2024-12-16,DC004,Hyderabad Cloud DC,Hyderabad,India,50,Hybrid Cooling,0.1,0.66,35,6,99.95,1038283.24,680941.02,290481.17,21301.0,0.0,57958.63,24.43,60.15,6100,4427,1673,58.8,79.66,34.04,620464.7,103828.32,29048.12,60443.56,0.0,0.0,73.52,363399.13,674884.11,445.42,0.429,1.525,357342.22,5091.88,5091.88,1.45,Medium
2024-12-16,DC005,Pune Backup DC,Pune,India,30,Air Cooling,0.095,0.68,28,8,99.8,622770.64,367850.37,211148.87,14259.03,0.0,31829.93,21.72,57.82,3300,2395,905,54.83,76.48,45.27,311833.41,59163.21,20059.14,33213.17,0.0,0.0,70.38,174375.78,448394.86,304.91,0.4896,1.693,254920.26,4997.24,4997.24,1.55,Medium
2024-12-17,DC001,Mumbai Core DC,Mumbai,India,45,Air Cooling,0.11,0.72,18,9,99.9,1141128.96,637202.5,420721.81,21264.77,0.0,60487.12,27.19,55.4,5200,2952,2248,41.18,64.28,26.4,523011.38,125524.19,46279.4,51692.18,0.0,0.0,66.12,205403.21,935725.74,673.72,0.5904,1.791,503926.46,16881.16,16881.16,1.55,High
2024-12-17,DC002,Bengaluru AI Hub,Bengaluru,India,60,Liquid Cooling,0.09,0.62,42,4,99.95,1166090.25,830996.78,235323.37,32753.64,0.0,59170.76,23.31,71.58,7200,5657,1543,65.9,74.28,45.65,802515.22,104948.12,21179.1,63189.26,0.0,0.0,79.05,489757.91,676332.35,419.33,0.3596,1.403,335093.47,3982.01,3982.01,1.35,Low
2024-12-17,DC003,Delhi Enterprise DC,Delhi,India,35,Air Cooling,0.12,0.75,15,12,99.9,834341.46,471279.51,293613.63,14757.73,0.0,41391.56,26.4,61.65,4100,2934,1166,53.74,72.09,39.42,428807.76,100120.98,35233.64,46082.61,0.0,0.0,65.9,125151.22,709190.24,531.89,0.6375,1.77,363061.95,12462.99,12462.99,1.55,Medium
2024-12-17,DC004,Hyderabad Cloud DC,Hyderabad,India,50,Hybrid Cooling,0.1,0.66,35,6,99.95,1198055.3,760453.98,338106.46,30367.83,0.0,60981.61,19.52,75.12,6100,5564,536,80.95,64.56,33.93,690491.18,119805.53,33810.65,52787.28,0.0,0.0,75.0,419319.36,778735.95,513.97,0.429,1.575,437601.32,9539.7,9539.7,1.45,Medium
2024-12-17,DC005,Pune Backup DC,Pune,India,30,Air Cooling,0.095,0.68,28,8,99.8,580729.16,335451.0,202945.39,12002.95,0.0,30901.5,22.45,76.62,3300,2012,1288,47.22,58.65,18.32,304031.07,55169.27,19279.81,33227.56,0.0,0.0,70.93,162604.16,418124.99,284.32,0.4896,1.731,245278.15,5774.11,5774.11,1.55,Medium
2024-12-18,DC001,Mumbai Core DC,Mumbai,India,45,Air Cooling,0.11,0.72,18,9,99.9,1228703.96,699909.78,426991.54,28338.67,0.0,66589.08,25.22,50.06,5200,4166,1034,62.27,61.34,44.21,570521.19,135157.44,46969.07,58743.19,0.0,0.0,66.01,221166.71,1007537.24,725.43,0.5904,1.756,528794.17,15822.82,15822.82,1.55,High
2024-12-18,DC002,Bengaluru AI Hub,Bengaluru,India,60,Liquid Cooling,0.09,0.62,42,4,99.95,1260444.53,860988.35,268883.42,32364.22,0.0,71194.87,19.44,71.37,7200,5584,1616,67.22,53.83,55.9,816709.29,113440.01,24199.51,66186.8,0.0,0.0,78.01,529386.7,731057.83,453.26,0.3596,1.464,399456.18,8829.92,8829.92,1.35,Medium
2024-12-18,DC003,Delhi Enterprise DC,Delhi,India,35,Air Cooling,0.12,0.75,15,12,99.9,904842.06,486275.21,347501.23,16293.9,0.0,44233.15,30.38,35.0,4100,2834,1266,57.04,67.6,32.61,465610.88,108581.05,41700.15,32950.23,0.0,0.0,69.6,135726.31,769115.75,576.84,0.6375,1.861,418566.85,18133.86,18133.86,1.55,High
2024-12-18,DC004,Hyderabad Cloud DC,Hyderabad,India,50,Hybrid Cooling,0.1,0.66,35,6,99.95,1064515.02,687569.78,309294.51,17463.82,0.0,55069.19,24.34,51.34,6100,4054,2046,55.5,44.26,26.22,662622.49,106451.5,30929.45,55715.97,28.0,44434.85,68.82,372580.26,691934.76,456.68,0.429,1.548,376945.24,6753.88,51188.74,1.45,High
2024-12-18,DC005,Pune Backup DC,Pune,India,30,Air Cooling,0.095,0.68,28,8,99.8,569173.59,323409.49,197952.37,13274.45,0.0,31373.06,22.76,59.39,3300,1674,1626,36.75,62.46,49.99,323742.73,54071.49,18805.48,31073.84,0.0,0.0,73.7,159368.6,409804.98,278.67,0.4896,1.76,245764.1,6449.44,6449.44,1.55,Medium
2024-12-19,DC001,Mumbai Core DC,Mumbai,India,45,Air Cooling,0.11,0.72,18,9,99.9,1174276.78,653461.76,414807.86,25945.69,0.0,66173.9,26.68,58.16,5200,3881,1319,60.13,64.18,23.0,562866.61,129170.45,45628.86,57957.88,0.0,0.0,66.75,211369.82,962906.96,693.29,0.5904,1.797,520815.01,17755.21,17755.21,1.55,High
2024-12-19,DC002,Bengaluru AI Hub,Bengaluru,India,60,Liquid Cooling,0.09,0.62,42,4,99.95,1168389.87,808738.69,235141.08,26708.89,8699.33,65531.47,21.26,56.12,7200,4820,2380,56.66,79.85,49.96,806159.38,105155.09,21162.7,64343.16,0.0,0.0,78.97,490723.74,677666.12,420.15,0.3596,1.445,359651.18,6893.34,6893.34,1.35,Medium
2024-12-19,DC003,Delhi Enterprise DC,Delhi,India,35,Air Cooling,0.12,0.75,15,12,99.9,867919.05,490249.57,311469.79,16335.76,0.0,45772.22,24.17,56.12,4100,2768,1332,51.54,74.4,34.03,466953.42,104150.29,37376.37,44475.63,0.0,0.0,68.17,130187.86,737731.2,553.3,0.6375,1.77,377669.48,12963.87,12963.87,1.55,Medium
2024-12-19,DC004,Hyderabad Cloud DC,Hyderabad,India,50,Hybrid Cooling,0.1,0.66,35,6,99.95,1149538.35,744128.96,318637.19,21820.24,5786.34,61019.1,23.67,68.73,6100,5612,488,77.88,57.3,33.13,623454.41,114953.83,31863.72,40148.32,0.0,0.0,75.12,402338.42,747199.93,493.15,0.429,1.545,405409.39,7055.14,7055.14,1.45,Medium
2024-12-19,DC005,Pune Backup DC,Pune,India,30,Air Cooling,0.095,0.68,28,8,99.8,624763.0,363187.01,218832.26,9892.75,6071.94,33080.97,21.18,66.76,3300,2708,592,67.45,61.05,43.76,312010.39,59352.49,20789.06,30122.44,0.0,0.0,71.32,174933.64,449829.36,305.88,0.4896,1.72,261575.99,5873.2,5873.2,1.55,Medium
2024-12-20,DC001,Mumbai Core DC,Mumbai,India,45,Air Cooling,0.11,0.72,18,9,99.9,1197406.31,694162.01,400221.83,20622.47,0.0,57933.77,23.9,57.67,5200,4001,1199,62.7,52.34,43.1,557250.23,131714.69,44024.4,50641.2,0.0,0.0,67.28,215533.14,981873.17,706.95,0.5904,1.725,503244.29,13360.07,13360.07,1.55,High
2024-12-20,DC002,Bengaluru AI Hub,Bengaluru,India,60,Liquid Cooling,0.09,0.62,42,4,99.95,1211907.47,854881.25,268004.82,23461.71,0.0,59528.06,21.77,62.57,7200,6016,1184,68.24,77.06,57.61,844832.01,109071.67,24120.43,55775.84,0.0,0.0,80.49,509001.14,702906.33,435.8,0.3596,1.418,357026.21,5203.6,5203.6,1.35,Medium
2024-12-20,DC003,Delhi Enterprise DC,Delhi,India,35,Air Cooling,0.12,0.75,15,12,99.9,818778.25,463675.04,293063.32,14611.85,0.0,44828.27,28.4,58.38,4100,2505,1595,44.62,51.1,24.91,446241.81,98253.39,35167.6,44238.47,0.0,0.0,68.07,122816.74,695961.51,521.97,0.6375,1.766,355103.21,12009.83,12009.83,1.55,Medium
2024-12-20,DC004,Hyderabad Cloud DC,Hyderabad,India,50,Hybrid Cooling,0.1,0.66,35,6,99.95,1079080.06,695128.22,312261.24,24259.33,0.0,53197.0,25.33,61.41,6100,4795,1305,61.22,73.54,43.12,676850.18,107908.01,31226.12,54209.85,0.0,0.0,76.05,377678.02,701402.04,462.93,0.429,1.552,383951.83,7114.41,7114.41,1.45,Medium
2024-12-20,DC005,Pune Backup DC,Pune,India,30,Air Cooling,0.095,0.68,28,8,99.8,624675.15,352680.41,205935.64,15094.1,10800.09,32868.13,24.26,53.34,3300,2726,574,65.56,66.75,27.01,336885.89,59344.14,19563.89,36987.1,0.0,0.0,71.41,174909.04,449766.1,305.84,0.4896,1.771,271994.74,7411.95,7411.95,1.55,Medium
2024-12-21,DC001,Mumbai Core DC,Mumbai,India,45,Air Cooling,0.11,0.72,18,9,99.9,991110.85,563972.88,337167.63,19589.99,6528.52,49164.05,27.24,57.04,5200,3853,1347,58.37,63.99,27.0,465163.66,109022.19,37088.44,45630.89,0.0,0.0,66.75,178399.95,812710.9,585.15,0.5904,1.757,427137.97,12864.82,12864.82,1.55,Medium
2024-12-21,DC002,Bengaluru AI Hub,Bengaluru,India,60,Liquid Cooling,0.09,0.62,42,4,99.95,1050562.49,713078.32,229943.56,28703.7,0.0,54460.4,21.36,57.41,7200,4927,2273,55.11,76.86,43.03,718512.93,94550.62,20694.92,51890.6,0.0,0.0,79.62,441236.25,609326.24,377.78,0.3596,1.473,337484.17,7911.61,7911.61,1.35,Low
2024-12-21,DC003,Delhi Enterprise DC,Delhi,India,35,Air Cooling,0.12,0.75,15,12,99.9,704984.77,401891.13,239091.23,10790.85,0.0,36151.42,25.49,65.15,4100,2094,2006,38.69,67.06,36.2,420912.46,84598.17,28690.95,48525.71,0.0,0.0,68.37,105747.71,599237.05,449.43,0.6375,1.754,303093.64,9846.42,9846.42,1.55,Medium
2024-12-21,DC004,Hyderabad Cloud DC,Hyderabad,India,50,Hybrid Cooling,0.1,0.66,35,6,99.95,997766.11,653445.4,270978.02,19602.82,0.0,54364.01,25.17,58.13,6100,4823,1277,63.4,70.36,36.14,557638.4,99776.61,27097.8,44982.72,0.0,0.0,74.04,349218.14,648547.97,428.04,0.429,1.527,344320.71,5027.03,5027.03,1.45,Medium
2024-12-21,DC005,Pune Backup DC,Pune,India,30,Air Cooling,0.095,0.68,28,8,99.8,511620.96,291677.53,172291.65,9725.23,4623.6,26867.62,20.62,75.35,3300,1944,1356,45.14,84.31,28.65,269559.6,48603.99,16367.71,38475.51,0.0,0.0,67.7,143253.87,368367.09,250.49,0.4896,1.754,219943.43,5654.48,5654.48,1.55,Medium
2024-12-22,DC001,Mumbai Core DC,Mumbai,India,45,Air Cooling,0.11,0.72,18,9,99.9,1068021.72,607954.21,382447.01,21127.68,0.0,59637.61,26.39,66.98,5200,4438,762,74.67,75.76,31.17,525078.74,117482.39,42069.17,56640.65,0.0,0.0,66.84,192243.91,875777.81,630.56,0.5904,1.757,460067.5,13826.2,13826.2,1.55,Medium
2024-12-22,DC002,Bengaluru AI Hub,Bengaluru,India,60,Liquid Cooling,0.09,0.62,42,4,99.95,1128911.4,781324.33,228643.06,27625.89,0.0,57340.95,25.6,55.38,7200,5424,1776,62.21,72.85,57.5,729735.7,101602.03,20577.88,50846.01,0.0,0.0,79.11,474142.79,654768.61,405.96,0.3596,1.445,347587.07,6671.12,6671.12,1.35,Low
2024-12-22,DC003,Delhi Enterprise DC,Delhi,India,35,Air Cooling,0.12,0.75,15,12,99.9,757959.12,425970.73,274382.41,11378.91,0.0,40632.49,28.45,63.63,4100,2818,1282,58.28,59.97,27.18,379391.23,90955.09,32925.89,46160.56,0.0,0.0,63.86,113693.87,644265.25,483.2,0.6375,1.779,331988.38,11724.54,11724.54,1.55,Medium
2024-12-22,DC004,Hyderabad Cloud DC,Hyderabad,India,50,Hybrid Cooling,0.1,0.66,35,6,99.95,1057693.65,656922.9,311914.94,24057.58,0.0,54495.88,26.62,54.44,6100,4563,1537,61.92,77.56,45.03,559810.78,105769.36,31191.49,59781.36,0.0,0.0,70.43,370192.78,687500.87,453.75,0.429,1.61,400770.75,10515.55,10515.55,1.45,Medium
2024-12-22,DC005,Pune Backup DC,Pune,India,30,Air Cooling,0.095,0.68,28,8,99.8,579555.55,338290.59,195523.83,14954.85,0.0,30527.83,19.44,68.46,3300,2772,528,69.96,64.49,38.41,272765.86,55057.78,18574.76,33374.23,0.0,0.0,67.58,162275.55,417280.0,283.75,0.4896,1.713,241264.96,5244.49,5244.49,1.55,Medium
2024-12-23,DC001,Mumbai Core DC,Mumbai,India,45,Air Cooling,0.11,0.72,18,9,99.9,1125673.74,642258.88,395217.64,19564.63,0.0,55823.64,27.49,56.2,5200,3250,1950,44.9,47.87,24.47,518261.54,123824.11,43473.94,56034.97,0.0,0.0,65.3,202621.27,923052.47,664.6,0.5904,1.753,483414.86,14318.97,14318.97,1.55,High
2024-12-23,DC002,Bengaluru AI Hub,Bengaluru,India,60,Liquid Cooling,0.09,0.62,42,4,99.95,1244492.13,889889.96,259901.47,25504.79,0.0,67551.34,23.48,61.28,7200,5581,1619,64.3,78.06,56.42,762868.82,112004.29,23391.13,62545.43,0.0,0.0,77.12,522686.7,721805.44,447.52,0.3596,1.398,354602.17,3882.66,3882.66,1.35,Medium
2024-12-23,DC003,Delhi Enterprise DC,Delhi,India,35,Air Cooling,0.12,0.75,15,12,99.9,830823.88,465332.65,283810.74,20356.38,0.0,41567.7,24.89,43.18,4100,1845,2255,33.34,42.52,41.43,414151.94,99698.87,34057.29,49083.43,0.0,0.0,64.08,124623.58,706200.3,529.65,0.6375,1.785,365491.23,13146.99,13146.99,1.55,Medium
2024-12-23,DC004,Hyderabad Cloud DC,Hyderabad,India,50,Hybrid Cooling,0.1,0.66,35,6,99.95,1044560.63,665130.75,290759.59,28732.7,0.0,52815.62,24.38,44.25,6100,3557,2543,43.25,60.63,30.67,693648.08,104456.06,29075.96,59548.75,0.0,0.0,76.36,365596.22,678964.41,448.12,0.429,1.57,379429.87,8012.1,8012.1,1.45,Medium
2024-12-23,DC005,Pune Backup DC,Pune,India,30,Air Cooling,0.095,0.68,28,8,99.8,553404.19,333969.88,186017.03,9809.78,0.0,26607.69,20.99,71.72,3300,2168,1132,48.98,80.6,35.97,341771.83,52573.4,17671.62,39390.87,0.0,0.0,73.09,154953.17,398451.02,270.95,0.4896,1.657,219434.31,3396.33,3396.33,1.55,Medium
2024-12-24,DC001,Mumbai Core DC,Mumbai,India,45,Air Cooling,0.11,0.72,18,9,99.9,1133057.14,625243.28,412734.18,23964.66,8202.75,56055.89,28.0,76.11,5200,3385,1815,52.89,60.23,33.46,569996.51,124636.28,45400.76,56312.2,0.0,0.0,68.25,203950.28,929106.85,668.96,0.5904,1.812,507813.85,18032.31,18032.31,1.55,High
2024-12-24,DC002,Bengaluru AI Hub,Bengaluru,India,60,Liquid Cooling,0.09,0.62,42,4,99.95,1230877.06,863574.41,272509.28,30420.09,0.0,69429.25,22.63,50.34,7200,5467,1733,65.11,77.53,50.59,796304.29,110778.94,24525.84,56547.62,0.0,0.0,78.99,516968.36,713908.69,442.62,0.3596,1.425,367302.65,5854.64,5854.64,1.35,Medium
2024-12-24,DC003,Delhi Enterprise DC,Delhi,India,35,Air Cooling,0.12,0.75,15,12,99.9,849356.93,481557.67,301881.44,12800.51,0.0,41224.36,21.9,61.94,4100,2861,1239,54.59,69.17,37.59,415757.42,101922.83,36225.77,42283.45,0.0,0.0,65.31,127403.54,721953.39,541.47,0.6375,1.764,367799.26,12353.11,12353.11,1.55,Medium
2024-12-24,DC004,Hyderabad Cloud DC,Hyderabad,India,50,Hybrid Cooling,0.1,0.66,35,6,99.95,1146678.11,714808.17,352100.34,32118.62,0.0,62201.32,27.89,60.74,6100,4089,2011,54.27,53.16,37.65,672045.09,114667.81,35210.03,44920.28,0.0,0.0,76.25,401337.34,745340.77,491.92,0.429,1.604,431869.95,11020.63,11020.63,1.45,Medium
2024-12-24,DC005,Pune Backup DC,Pune,India,30,Air Cooling,0.095,0.68,28,8,99.8,595426.81,357982.75,194506.73,12864.71,5265.52,30398.14,19.99,47.71,3300,2636,664,66.86,47.4,34.38,310652.7,56565.55,18478.14,37884.91,0.0,0.0,69.6,166719.51,428707.31,291.52,0.4896,1.663,237444.07,3852.59,3852.59,1.55,Medium
2024-12-25,DC001,Mumbai Core DC,Mumbai,India,45,Air Cooling,0.11,0.72,18,9,99.9,1164826.26,673705.27,414026.41,17308.42,0.0,56795.77,28.29,72.19,5200,3294,1906,51.79,62.95,47.12,576807.99,128130.89,45542.91,50184.17,0.0,0.0,69.09,209668.73,955157.53,687.71,0.5904,1.729,491120.98,13264.14,13264.14,1.55,High
2024-12-25,DC002,Bengaluru AI Hub,Bengaluru,India,60,Liquid Cooling,0.09,0.62,42,4,99.95,1270547.64,885038.1,258244.77,35513.21,0.0,69040.22,22.37,56.86,7200,5415,1785,64.35,69.2,48.18,753427.85,114349.29,23242.03,58526.63,0.0,0.0,77.05,533630.01,736917.63,456.89,0.3596,1.436,385509.54,6817.16,6817.16,1.35,Medium
2024-12-25,DC003,Delhi Enterprise DC,Delhi,India,35,Air Cooling,0.12,0.75,15,12,99.9,987460.03,515357.35,380630.35,22756.0,0.0,49186.23,30.56,58.43,4100,3283,817,66.06,59.25,36.28,464486.18,118495.2,45675.64,44042.84,0.0,0.0,65.01,148119.01,839341.03,629.51,0.6375,1.916,472102.68,22638.74,22638.74,1.55,High
2024-12-25,DC004,Hyderabad Cloud DC,Hyderabad,India,50,Hybrid Cooling,0.1,0.66,35,6,99.95,1072404.86,664694.26,304638.85,26576.17,0.0,52048.6,26.33,44.84,6100,3554,2546,46.44,74.25,26.09,680923.05,107240.49,30463.88,60314.6,0.0,0.0,75.39,375341.7,697063.16,460.06,0.429,1.613,407710.6,10859.82,10859.82,1.45,Medium
2024-12-25,DC005,Pune Backup DC,Pune,India,30,Air Cooling,0.095,0.68,28,8,99.8,613251.4,357858.79,220799.53,9699.08,0.0,30254.11,22.49,43.58,3300,2716,584,65.59,70.29,32.18,340724.97,58258.88,20975.96,37389.22,0.0,0.0,71.93,171710.39,441541.0,300.25,0.4896,1.714,255392.6,5564.18,5564.18,1.55,Medium
2024-12-26,DC001,Mumbai Core DC,Mumbai,India,45,Air Cooling,0.11,0.72,18,9,99.9,1150408.83,653900.05,413274.5,23503.02,0.0,64361.35,28.07,52.37,5200,4012,1188,59.74,80.35,37.77,519238.23,126544.97,45460.19,47439.19,0.0,0.0,66.49,207073.59,943335.24,679.2,0.5904,1.759,496508.78,15055.01,15055.01,1.55,High
2024-12-26,DC002,Bengaluru AI Hub,Bengaluru,India,60,Liquid Cooling,0.09,0.62,42,4,99.95,1124269.7,779315.26,235295.06,26428.37,0.0,56640.95,23.84,60.61,7200,3240,3960,33.99,64.31,55.27,816314.8,101184.27,21176.56,66537.22,0.0,0.0,79.45,472193.28,652076.43,404.29,0.3596,1.443,344954.44,6497.47,6497.47,1.35,Low
2024-12-26,DC003,Delhi Enterprise DC,Delhi,India,35,Air Cooling,0.12,0.75,15,12,99.9,797930.1,445927.42,281488.88,14369.77,0.0,44123.06,28.43,56.11,4100,2352,1748,45.33,65.76,24.71,427850.41,95751.61,33778.67,36820.28,8.4,10209.11,66.63,119689.51,678240.58,508.68,0.6375,1.789,352002.67,12809.11,23018.22,1.55,Medium
2024-12-26,DC004,Hyderabad Cloud DC,Hyderabad,India,50,Hybrid Cooling,0.1,0.66,35,6,99.95,1118968.37,723247.72,292501.16,27931.25,0.0,57761.39,22.49,68.68,6100,4290,1810,56.55,69.65,29.81,648664.97,111896.84,29250.12,40095.2,0.0,0.0,76.57,391638.93,727329.44,480.04,0.429,1.547,395720.64,7025.92,7025.92,1.45,Medium
2024-12-26,DC005,Pune Backup DC,Pune,India,30,Air Cooling,0.095,0.68,28,8,99.8,607331.33,347355.11,211973.58,14402.53,0.0,33978.75,23.56,46.55,3300,2028,1272,45.39,77.66,35.39,304327.01,57696.48,20137.49,36310.4,0.0,0.0,69.11,170052.77,437278.56,297.35,0.4896,1.748,259976.22,6548.44,6548.44,1.55,Medium
2024-12-27,DC001,Mumbai Core DC,Mumbai,India,45,Air Cooling,0.11,0.72,18,9,99.9,1130529.22,645282.82,404590.93,16670.49,0.0,57744.68,25.17,64.85,5200,3179,2021,46.22,64.58,41.66,558781.33,124358.21,44505.0,53840.2,0.0,0.0,68.11,203495.26,927033.96,667.46,0.5904,1.752,485246.4,14337.49,14337.49,1.55,High
2024-12-27,DC002,Bengaluru AI Hub,Bengaluru,India,60,Liquid Cooling,0.09,0.62,42,4,99.95,1174517.66,811609.61,246002.18,36108.2,0.0,58827.42,23.24,45.34,7200,3927,3273,42.76,75.67,57.77,801086.15,105706.59,22140.2,68359.55,0.0,0.0,78.27,493297.42,681220.24,422.36,0.3596,1.447,362908.05,7096.02,7096.02,1.35,Medium
2024-12-27,DC003,Delhi Enterprise DC,Delhi,India,35,Air Cooling,0.12,0.75,15,12,99.9,904765.2,506159.39,336472.03,14073.35,0.0,48110.88,28.5,42.09,4100,3772,328,79.1,83.05,20.07,422895.89,108571.82,40376.64,45489.06,0.0,0.0,63.57,135714.78,769050.42,576.79,0.6375,1.788,398605.81,14426.18,14426.18,1.55,Medium
2024-12-27,DC004,Hyderabad Cloud DC,Hyderabad,India,50,Hybrid Cooling,0.1,0.66,35,6,99.95,1096233.56,692353.93,325887.71,18343.27,0.0,54311.13,25.82,60.0,6100,4339,1761,53.97,91.7,16.57,636606.26,109623.36,32588.77,53935.44,0.0,0.0,74.31,383681.75,712551.82,470.28,0.429,1.583,403879.63,9232.04,9232.04,1.45,Medium
2024-12-27,DC005,Pune Backup DC,Pune,India,30,Air Cooling,0.095,0.68,28,8,99.8,644693.4,363137.43,221958.68,14221.96,6376.28,35824.83,23.27,63.7,3300,2162,1138,55.25,81.88,38.89,331548.1,61245.87,21086.07,38802.38,0.0,0.0,69.82,180514.15,464179.25,315.64,0.4896,1.775,281555.98,7773.89,7773.89,1.55,Medium
2024-12-28,DC001,Mumbai Core DC,Mumbai,India,45,Air Cooling,0.11,0.72,18,9,99.9,967032.66,566008.26,318984.22,17288.52,0.0,52766.18,25.39,35.06,5200,2726,2474,42.18,82.19,36.11,487196.97,106373.59,35088.26,49274.75,13.9,14834.56,65.01,174065.88,792966.78,570.94,0.5904,1.709,401024.4,9869.18,24703.75,1.55,Medium
2024-12-28,DC002,Bengaluru AI Hub,Bengaluru,India,60,Liquid Cooling,0.09,0.62,42,4,99.95,1075498.37,747598.05,232739.47,23334.41,6609.54,55472.06,22.76,42.66,7200,6077,1123,66.88,62.44,54.63,693533.14,96794.85,20946.55,56272.43,0.0,0.0,77.93,451709.32,623789.05,386.75,0.3596,1.439,327900.32,5961.69,5961.69,1.35,Low
2024-12-28,DC003,Delhi Enterprise DC,Delhi,India,35,Air Cooling,0.12,0.75,15,12,99.9,767262.8,428655.5,292260.28,14713.18,0.0,39874.69,29.0,54.18,4100,2403,1697,45.3,81.16,28.56,377410.0,92071.54,35071.23,43841.63,32.6,39680.63,53.47,115089.42,652173.38,489.13,0.6375,1.79,338607.29,12341.61,52022.24,1.55,High
2024-12-28,DC004,Hyderabad Cloud DC,Hyderabad,India,50,Hybrid Cooling,0.1,0.66,35,6,99.95,999659.51,628142.31,282602.04,18924.26,0.0,53490.46,25.61,54.54,6100,4011,2089,47.83,72.14,39.26,620462.53,99965.95,28260.2,47126.65,0.0,0.0,76.29,349880.83,649778.68,428.85,0.429,1.591,371517.2,8885.32,8885.32,1.45,Medium
2024-12-28,DC005,Pune Backup DC,Pune,India,30,Air Cooling,0.095,0.68,28,8,99.8,482498.67,283066.14,162787.56,8676.03,0.0,23369.61,20.74,66.77,3300,1618,1682,34.47,65.79,30.91,269176.21,45837.37,15464.82,29972.04,0.0,0.0,71.84,135099.63,347399.04,236.23,0.4896,1.705,199432.53,4155.88,4155.88,1.55,Medium
2024-12-29,DC001,Mumbai Core DC,Mumbai,India,45,Air Cooling,0.11,0.72,18,9,99.9,1021404.07,563508.12,368433.16,20789.81,0.0,51138.44,29.45,61.16,5200,3423,1777,51.76,72.98,39.49,474117.26,112354.45,40527.65,46937.52,0.0,0.0,66.4,183852.73,837551.33,603.04,0.5904,1.813,457895.95,16276.31,16276.31,1.55,Medium
2024-12-29,DC002,Bengaluru AI Hub,Bengaluru,India,60,Liquid Cooling,0.09,0.62,42,4,99.95,1049989.53,740988.02,215669.45,19879.37,0.0,50983.04,24.49,46.31,7200,5559,1641,60.72,80.47,52.12,752983.3,94499.06,19410.25,45725.2,0.0,0.0,81.38,440995.6,608993.92,377.58,0.3596,1.417,309001.51,4469.01,4469.01,1.35,Low
2024-12-29,DC003,Delhi Enterprise DC,Delhi,India,35,Air Cooling,0.12,0.75,15,12,99.9,734388.75,418323.18,273804.67,10899.48,0.0,35673.89,26.44,63.36,4100,2521,1579,49.52,74.18,32.74,416147.48,88126.65,32856.56,45913.36,0.0,0.0,67.79,110158.31,624230.44,468.17,0.6375,1.756,316065.57,10318.54,10318.54,1.55,Medium
2024-12-29,DC004,Hyderabad Cloud DC,Hyderabad,India,50,Hybrid Cooling,0.1,0.66,35,6,99.95,947215.84,618913.45,249327.0,25777.98,8326.07,50118.92,21.53,38.09,6100,3653,2447,48.29,66.53,31.92,557270.52,94721.58,24932.7,44164.93,0.0,0.0,75.08,331525.54,615690.3,406.36,0.429,1.53,328302.39,4979.13,4979.13,1.45,Low
2024-12-29,DC005,Pune Backup DC,Pune,India,30,Air Cooling,0.095,0.68,28,8,99.8,573668.98,330905.82,192106.72,9293.32,8618.61,29339.25,23.97,59.04,3300,2361,939,55.37,75.89,46.8,296369.9,54498.55,18250.14,39245.15,0.0,0.0,68.37,160627.31,413041.67,280.87,0.4896,1.734,242763.16,5772.67,5772.67,1.55,Medium
2024-12-30,DC001,Mumbai Core DC,Mumbai,India,45,Air Cooling,0.11,0.72,18,9,99.9,1217155.79,676032.81,435317.92,29732.01,0.0,63732.13,27.12,60.71,5200,4089,1111,64.21,52.98,33.89,570448.78,133887.14,47884.97,49022.24,8.3,15415.85,65.23,219088.04,998067.75,718.61,0.5904,1.8,541122.98,18623.54,34039.39,1.55,High
2024-12-30,DC002,Bengaluru AI Hub,Bengaluru,India,60,Liquid Cooling,0.09,0.62,42,4,99.95,1215585.28,859703.57,251931.47,35074.75,0.0,61230.28,20.14,44.74,7200,6080,1120,70.85,58.45,53.43,841949.51,109402.68,22673.83,55852.43,0.0,0.0,80.37,510545.82,705039.46,437.12,0.3596,1.414,355881.72,4948.69,4948.69,1.35,Medium
2024-12-30,DC003,Delhi Enterprise DC,Delhi,India,35,Air Cooling,0.12,0.75,15,12,99.9,846244.35,463101.57,297853.14,19670.61,5816.48,43765.71,25.71,54.86,4100,2856,1244,56.25,67.99,30.21,420516.93,101549.32,35742.38,40827.5,0.0,0.0,66.14,126936.65,719307.69,539.48,0.6375,1.827,383142.78,15412.43,15412.43,1.55,Medium
2024-12-30,DC004,Hyderabad Cloud DC,Hyderabad,India,50,Hybrid Cooling,0.1,0.66,35,6,99.95,1186555.6,779806.47,321971.77,32041.66,0.0,57085.65,23.47,51.01,6100,5612,488,84.14,46.51,33.34,690540.21,118655.56,32197.18,42182.59,0.0,0.0,76.71,415294.46,771261.14,509.03,0.429,1.522,406749.13,5583.62,5583.62,1.45,Medium
2024-12-30,DC005,Pune Backup DC,Pune,India,30,Air Cooling,0.095,0.68,28,8,99.8,636699.02,366864.32,221177.32,10208.63,0.0,32961.79,22.27,67.27,3300,2398,902,59.2,42.08,28.76,331772.47,60486.41,21011.85,36721.83,0.0,0.0,70.7,178275.72,458423.29,311.73,0.4896,1.736,269834.7,6465.64,6465.64,1.55,Medium
